CuisineType,RestaurantID,RestaurantName,Segment,Subregion,GrowthFactor,AOV,MonthlyOrders,InStoreOrders,InStoreRevenue,UberEatsOrders,DoorDashOrders,SelfDeliveryOrders,UberEatsRevenue,DoorDashRevenue,SelfDeliveryRevenue,COGSRate,OPEXRate,CommissionRate,DeliveryRadiusKM,DeliveryCostPerOrder,SD_DeliveryTotalCost,InStoreNetProfit,UberEatsNetProfit,DoorDashNetProfit,SelfDeliveryNetProfit,InStoreShare,UE_share,DD_share,SD_share,total_revenue,total_profit
Burgers,25436,Classic Burgers Tavern,Full-service,North Shore,1.03,42.97,718,242,10398.74,214,119,143,9195.58,5113.43,6144.71,0.368939419602975,0.501108688791282,0.32,8,2.36,337.48,1351.34,-1747.6,-971.8,461.04,0.3370473537604457,0.298050139275766,0.1657381615598885,0.1991643454038997,30852.46,-907.02
Burgers,25133,Top Burgers Corner,Full-service,South Auckland,1.05,44.46,2051,636,28276.56,637,354,424,28321.02,15738.84,18851.04,0.386117483489215,0.498271016147919,0.27,12,3.54,1500.96,3269.1,-4372.44,-2429.9,678.44,0.3100926377376889,0.310580204778157,0.1725987323256947,0.2067284251584593,91187.45999999999,-2854.7999999999997
Burgers,25377,Lucky Burgers Bistro,Full-service,South Auckland,1.05,39.78,1449,442,17582.76,453,252,302,18020.34,10024.56,12013.56,0.380261697387323,0.519352306029759,0.28,4,1.18,356.36,1765.06,-3236.71,-1800.55,849.63,0.3050379572118702,0.3126293995859213,0.1739130434782608,0.2084195997239475,57641.219999999994,-2422.5699999999997
Burgers,26313,Classic Burgers Diner,Full-service,South Auckland,1.05,36.32,604,166,6029.12,197,110,131,7155.04,3995.2,4757.92,0.393435937189497,0.505011981772259,0.3,12,3.54,463.74,612.27,-1419.9,-792.84,19.44,0.2748344370860927,0.326158940397351,0.1821192052980132,0.216887417218543,21937.28,-1581.0300000000002
Burgers,26101,King Burgers Tavern,Full-service,CBD,0.99,32.18,597,164,5277.52,195,108,130,6275.1,3475.44,4183.4,0.378334257286042,0.516466749412939,0.33,18,5.31,690.3,555.19,-1410.65,-781.28,-250.21,0.2747068676716918,0.3266331658291457,0.1809045226130653,0.2177554438860971,19211.46,-1886.95
Burgers,25053,King Burgers Tavern,Full-service,West Auckland,1.04,33.51,1661,499,16721.49,523,290,349,17525.73,9717.9,11694.99,0.396553314290941,0.485376674565487,0.28,12,3.54,1235.46,1974.31,-2837.94,-1573.62,145.37,0.300421432871764,0.3148705599036724,0.1745936183022275,0.2101143889223359,55660.11,-2291.88
Burgers,25631,Classic Burgers Grill,Full-service,South Auckland,1.05,36.33,1499,525,19073.25,438,244,292,15912.54,8864.52,10608.36,0.372706734831445,0.524310493981466,0.28,12,3.54,1033.68,1964.22,-2816.79,-1569.17,58.8,0.3502334889926617,0.2921947965310207,0.1627751834556371,0.1947965310206804,54458.67,-2362.9399999999996
Burgers,26245,Classic Burgers Corner,Full-service,North Shore,1.03,35.96,697,226,8126.96,212,118,141,7623.52,4243.28,5070.36,0.369292362453416,0.529286201111972,0.29,6,1.77,249.57,824.25,-1437.63,-800.19,264.67,0.3242467718794835,0.3041606886657101,0.1692969870875179,0.2022955523672883,25064.12,-1148.9
Burgers,26490,Classic Burgers Eatery,Full-service,West Auckland,1.04,41.27,1437,485,20015.95,428,238,286,17663.56,9822.26,11803.22,0.381961005600169,0.502269128710031,0.32,14,4.13,1181.18,2317.24,-3607.43,-2006.0,185.28,0.337508698677801,0.2978427279053584,0.1656228253305497,0.1990257480862909,59304.990000000005,-3110.91
Burgers,26532,King Burgers House,Full-service,North Shore,1.03,34.87,2227,722,25176.14,677,376,452,23606.99,13111.12,15761.24,0.383675677911378,0.470021476503462,0.31,8,2.36,1066.72,3683.34,-3864.4,-2146.25,1239.19,0.3242029636281994,0.3039964077233947,0.1688370004490345,0.2029636281993713,77655.49,-1088.12
Burgers,26494,Top Burgers House,Full-service,CBD,0.99,41.87,1466,475,19888.25,446,248,297,18674.02,10383.76,12435.39,0.387959811929613,0.479524135775864,0.31,11,3.25,965.25,2635.51,-3314.34,-1842.95,682.64,0.3240109140518417,0.3042291950886767,0.1691678035470668,0.2025920873124147,61381.420000000006,-1839.1399999999999
Burgers,25973,King Burgers Kitchen,Full-service,West Auckland,1.04,37.44,591,153,5728.32,197,110,131,7375.68,4118.4,4904.64,0.372759494010825,0.487910197372548,0.27,13,3.84,503.04,798.13,-963.78,-538.15,180.33,0.2588832487309644,0.3333333333333333,0.1861252115059221,0.22165820642978,22127.04,-523.4699999999999
Burgers,26135,King Burgers Tavern,Full-service,CBD,0.99,34.74,1202,395,13722.3,363,202,242,12610.62,7017.48,8407.08,0.380201764998492,0.464409941108897,0.31,18,5.31,1285.02,2132.28,-1949.75,-1084.98,21.34,0.3286189683860233,0.3019966722129784,0.168053244592346,0.2013311148086522,41757.479999999996,-881.1099999999998
Burgers,26380,Classic Burgers Tavern,Full-service,CBD,0.99,39.01,1834,505,19700.05,598,332,399,23327.98,12951.32,15564.99,0.393061458598822,0.511228195345029,0.28,11,3.25,1296.75,1885.5,-4299.11,-2386.79,192.98,0.2753544165757906,0.3260632497273719,0.1810250817884405,0.2175572519083969,71544.34,-4607.42
Burgers,25174,Classic Burgers Corner,Full-service,North Shore,1.03,33.99,1728,544,18490.56,533,296,355,18116.67,10061.04,12066.45,0.383637686388101,0.547367854113691,0.32,15,4.43,1572.65,1275.75,-4547.38,-2525.38,-740.13,0.3148148148148148,0.308449074074074,0.1712962962962963,0.2054398148148148,58734.72,-6537.14
Burgers,25181,King Burgers Cafe,Full-service,South Auckland,1.05,36.18,2043,594,21490.92,652,362,435,23589.36,13097.16,15738.3,0.370753841416445,0.5194696117891,0.28,9,2.66,1157.1,2359.2,-4015.46,-2229.44,570.6,0.2907488986784141,0.3191385217816936,0.1771904062652961,0.2129221732745961,73915.74,-3315.1000000000004
Burgers,25468,Top Burgers House,Full-service,West Auckland,1.04,32.39,1216,383,12405.37,375,208,250,12146.25,6737.12,8097.5,0.385193350294139,0.526770381326787,0.31,3,0.89,222.5,1092.12,-2696.03,-1495.4,490.37,0.3149671052631579,0.3083881578947368,0.1710526315789473,0.2055921052631578,39386.240000000005,-2608.9400000000005
Burgers,26586,King Burgers Bistro,Full-service,West Auckland,1.04,36.69,1582,498,18271.62,488,271,325,17904.72,9942.99,11924.25,0.357282414881047,0.527841170760803,0.28,12,3.54,1150.5,2098.98,-2956.49,-1641.82,219.32,0.3147914032869785,0.3084702907711757,0.1713021491782553,0.2054361567635904,58043.579999999994,-2280.0099999999998
Burgers,26141,Lucky Burgers Eatery,Full-service,West Auckland,1.04,34.93,1402,378,13203.54,461,256,307,16102.73,8942.08,10723.51,0.391132951912005,0.514671805570833,0.28,9,2.66,816.62,1243.71,-2991.96,-1661.48,193.48,0.2696148359486447,0.3288159771754636,0.1825962910128388,0.2189728958630527,48971.86,-3216.25
Burgers,25067,Classic Burgers Kitchen,Full-service,CBD,0.99,43.14,1160,343,14797.02,368,204,245,15875.52,8800.56,10569.3,0.35827633588342,0.504268040694296,0.31,11,3.25,796.25,2033.93,-2739.23,-1518.49,656.56,0.2956896551724138,0.3172413793103448,0.1758620689655172,0.2112068965517241,50042.399999999994,-1567.23
Burgers,26201,Classic Burgers House,Full-service,South Auckland,1.05,40.9,1340,409,16728.1,419,233,279,17137.1,9529.7,11411.1,0.385463857045397,0.521124046226032,0.32,11,3.25,906.75,1562.61,-3883.06,-2159.31,159.18,0.3052238805970149,0.3126865671641791,0.1738805970149253,0.2082089552238806,54805.99999999999,-4320.58
Burgers,26074,Top Burgers Grill,Full-service,North Shore,1.03,36.77,2031,559,20554.43,662,368,442,24341.74,13531.36,16252.34,0.378746072691865,0.537014340679161,0.28,16,4.72,2086.24,1731.5,-4765.15,-2648.9,-717.15,0.2752338749384539,0.3259478089611029,0.1811915312653865,0.2176267848350566,74679.87,-6399.699999999999
Burgers,25976,Lucky Burgers Tavern,Full-service,North Shore,1.03,34.27,1009,336,11514.72,303,168,202,10383.81,5757.36,6922.54,0.358282660192344,0.518133828393184,0.3,4,1.18,238.36,1423.03,-1831.88,-1015.69,617.15,0.3330029732408325,0.3002973240832507,0.1665014866204162,0.2001982160555005,34578.43,-807.3900000000002
Burgers,26573,King Burgers House,Full-service,South Auckland,1.05,34.62,1576,511,17690.82,479,266,320,16582.98,9208.92,11078.4,0.371734361897688,0.50042545821052,0.31,6,1.77,566.4,2261.6,-3020.75,-1677.5,849.86,0.324238578680203,0.3039340101522843,0.1687817258883248,0.2030456852791878,54561.12,-1586.79
Burgers,25538,Top Burgers Cafe,Full-service,CBD,0.99,40.02,1573,473,18929.46,495,275,330,19809.9,11005.5,13206.6,0.382410141965374,0.535522962594405,0.33,12,3.54,1168.2,1553.48,-4911.53,-2728.63,-84.38,0.3006993006993007,0.3146853146853147,0.1748251748251748,0.2097902097902098,62951.46,-6171.06
Burgers,25706,Lucky Burgers House,Full-service,CBD,0.99,40.08,767,207,8296.56,252,140,168,10100.16,5611.2,6733.44,0.380485535098705,0.546463824948296,0.32,8,2.36,396.48,606.07,-2494.23,-1385.68,95.4,0.2698826597131681,0.3285528031290743,0.1825293350717079,0.2190352020860495,30741.36,-3178.44
Burgers,26479,Urban Burgers Grill,Full-service,West Auckland,1.04,37.76,804,268,10119.68,241,134,161,9100.16,5059.84,6079.36,0.365018412494101,0.546738259424456,0.31,12,3.54,569.94,892.99,-2018.02,-1122.05,-33.48,0.3333333333333333,0.2997512437810945,0.1666666666666666,0.2002487562189054,30359.04,-2280.56
Burgers,25145,Classic Burgers Cafe,Full-service,West Auckland,1.04,43.89,1067,374,16414.86,312,173,208,13693.68,7592.97,9129.12,0.366971562313847,0.535327718942426,0.3,13,3.84,798.72,1603.74,-2770.22,-1536.05,93.2,0.3505154639175257,0.2924086223055295,0.162136832239925,0.1949390815370197,46830.630000000005,-2609.33
Burgers,25240,Lucky Burgers Diner,Full-service,CBD,0.99,42.77,697,184,7869.68,231,128,154,9879.87,5474.56,6586.58,0.358047951781191,0.482824533013627,0.3,14,4.13,636.02,1252.28,-1391.8,-771.21,412.09,0.2639885222381635,0.3314203730272597,0.1836441893830703,0.2209469153515064,29810.690000000002,-498.64000000000004
Burgers,26132,King Burgers Corner,Full-service,CBD,0.99,39.73,1317,355,14104.15,433,240,289,17203.09,9535.2,11481.97,0.360780011594761,0.525970330834389,0.29,17,5.02,1450.78,1597.29,-3040.65,-1685.35,-150.45,0.2695520121488231,0.3287775246772969,0.1822323462414578,0.2194381169324221,52324.41,-3279.16
Burgers,25729,Lucky Burgers Tavern,Full-service,South Auckland,1.05,42.75,1015,295,12611.25,324,180,216,13851.0,7695.0,9234.0,0.380284496734384,0.536712755588815,0.31,8,2.36,509.76,1046.77,-3144.14,-1746.74,256.69,0.2906403940886699,0.3192118226600985,0.1773399014778325,0.212807881773399,43391.25,-3587.4199999999996
Burgers,26345,Lucky Burgers Eatery,Full-service,South Auckland,1.05,40.74,2077,737,30025.38,603,335,402,24566.22,13647.9,16377.48,0.377221892296802,0.537403645506129,0.27,11,3.25,1306.5,2563.4,-4535.55,-2519.75,91.72,0.3548387096774194,0.2903225806451613,0.1612903225806451,0.1935483870967742,84616.98,-4400.179999999999
Burgers,25982,Lucky Burgers Diner,Full-service,CBD,0.99,35.49,767,227,8056.23,243,135,162,8624.07,4791.15,5749.38,0.39270140187582,0.531614781892858,0.29,12,3.54,573.48,609.73,-1848.28,-1026.82,-138.34,0.2959582790091264,0.316818774445893,0.1760104302477184,0.211212516297262,27220.829999999998,-2403.71
Burgers,25984,Urban Burgers Eatery,Full-service,North Shore,1.03,32.55,1689,592,19269.6,494,274,329,16079.7,8918.7,10708.95,0.372221825784072,0.533280635951087,0.3,17,5.02,1651.58,1820.93,-3304.42,-1832.81,-639.61,0.3505032563647128,0.2924807578448786,0.162226169330965,0.1947898164594434,54976.95,-3955.9100000000003
Burgers,25136,Lucky Burgers Bistro,Full-service,South Auckland,1.05,36.91,718,201,7418.91,233,129,155,8600.03,4761.39,5721.05,0.3750371051603,0.523758488497697,0.29,6,1.77,274.35,750.83,-1623.65,-898.93,304.65,0.2799442896935933,0.3245125348189415,0.1796657381615599,0.2158774373259052,26501.38,-1467.1
Burgers,25865,Lucky Burgers Tavern,Full-service,South Auckland,1.05,33.02,1182,325,10731.5,386,214,257,12745.72,7066.28,8486.14,0.365703985537402,0.51030377978459,0.28,5,1.48,380.36,1330.62,-1988.43,-1102.39,671.86,0.2749576988155668,0.326565143824027,0.1810490693739424,0.2174280879864636,39029.64,-1088.3400000000001
Burgers,26679,Classic Burgers Bistro,Full-service,South Auckland,1.05,43.21,2217,768,33185.28,652,362,435,28172.92,15642.02,18796.35,0.350344858248718,0.518257090845145,0.28,9,2.66,1157.1,4360.48,-4186.55,-2324.43,1312.7,0.3464140730717185,0.2940911141181777,0.1632837167343256,0.196211096075778,95796.57,-837.8000000000004
Burgers,26481,Classic Burgers Corner,Full-service,CBD,0.99,37.26,1844,646,24069.96,539,300,359,20083.14,11178.0,13376.34,0.39807917958824,0.524663152103312,0.29,5,1.48,531.32,1859.59,-4272.53,-2378.03,502.1,0.3503253796095444,0.2922993492407809,0.1626898047722342,0.1946854663774403,68707.44,-4288.869999999999
Burgers,25634,Lucky Burgers Tavern,Full-service,South Auckland,1.05,32.98,1176,392,12928.16,353,196,235,11641.94,6464.08,7750.3,0.377704025036655,0.525246279360727,0.27,16,4.72,1109.2,1254.67,-2013.48,-1117.96,-357.04,0.3333333333333333,0.3001700680272108,0.1666666666666666,0.1998299319727891,38784.48,-2233.81
Burgers,26363,Urban Burgers Bistro,Full-service,West Auckland,1.04,39.07,944,244,9533.08,315,175,210,12307.05,6837.25,8204.7,0.386807536554989,0.548085522628389,0.29,17,5.02,1054.2,620.67,-2767.77,-1537.65,-520.02,0.2584745762711864,0.3336864406779661,0.1853813559322034,0.222457627118644,36882.08,-4204.77
Burgers,26330,Lucky Burgers Corner,Full-service,West Auckland,1.04,39.35,825,248,9758.8,260,144,173,10231.0,5666.4,6807.55,0.392022967257071,0.486661771452054,0.29,8,2.36,408.28,1183.89,-1725.81,-955.84,417.58,0.3006060606060606,0.3151515151515151,0.1745454545454545,0.2096969696969697,32463.749999999996,-1080.1799999999998
Burgers,25885,Top Burgers Diner,Full-service,North Shore,1.03,34.32,1174,323,11085.36,383,213,255,13144.56,7310.16,8751.6,0.387164082087111,0.515003904979676,0.28,6,1.77,451.35,1084.5,-2394.52,-1331.68,404.84,0.2751277683134582,0.3262350936967632,0.1814310051107325,0.217206132879046,40291.68,-2236.8599999999997
Burgers,26133,Top Burgers Grill,Full-service,South Auckland,1.05,43.17,2337,819,35356.23,683,380,455,29485.11,16404.6,19642.35,0.381036338047124,0.471940107853152,0.3,12,3.54,1610.7,5198.2,-4510.53,-2509.52,1277.19,0.3504492939666239,0.292255027813436,0.1626016260162601,0.1946940522036799,100888.29000000001,-544.6599999999999
Burgers,25892,Urban Burgers Kitchen,Full-service,South Auckland,1.05,40.54,860,258,10459.32,271,150,181,10986.34,6081.0,7337.74,0.391001238534227,0.522507620276883,0.31,6,1.77,320.37,904.64,-2455.54,-1359.16,314.28,0.3,0.3151162790697674,0.1744186046511628,0.2104651162790697,34864.4,-2595.7800000000007
Burgers,25295,Lucky Burgers Kitchen,Full-service,West Auckland,1.04,43.59,1826,640,27897.6,534,296,356,23277.06,12902.64,15518.04,0.373207673185971,0.532346804463305,0.31,8,2.36,840.16,2634.8,-5017.47,-2781.22,625.45,0.3504928806133625,0.2924424972617743,0.1621029572836801,0.1949616648411829,79595.34,-4538.44
Burgers,26671,Classic Burgers Cafe,Full-service,West Auckland,1.04,42.22,1874,641,27063.02,555,308,370,23432.1,13003.76,15621.4,0.394817593600601,0.498372889729217,0.3,9,2.66,984.2,2890.59,-4526.86,-2512.2,684.31,0.3420490928495197,0.2961579509071504,0.1643543223052294,0.1974386339381003,79120.28,-3464.1599999999994
Burgers,25664,Classic Burgers Diner,Full-service,South Auckland,1.05,33.27,2067,547,18198.69,684,380,456,22756.68,12642.6,15171.12,0.371119313745294,0.5243249097839,0.3,6,1.77,807.12,1902.78,-4447.66,-2470.92,779.11,0.2646347363328495,0.3309143686502177,0.1838413159167876,0.2206095791001451,68769.09,-4236.6900000000005
Burgers,26678,Classic Burgers Eatery,Full-service,West Auckland,1.04,32.08,1076,296,9495.68,351,195,234,11260.08,6255.6,7506.72,0.398038577020634,0.502873965259641,0.29,14,4.13,966.42,940.9,-2149.69,-1194.27,-222.6,0.275092936802974,0.3262081784386617,0.1812267657992565,0.2174721189591078,34518.08,-2625.66
Burgers,25549,Classic Burgers Kitchen,Full-service,CBD,0.99,36.24,2259,792,28702.08,660,367,440,23918.4,13300.08,15945.6,0.395926966192201,0.537365405936725,0.3,6,1.77,778.8,1914.65,-5579.98,-3102.81,284.89,0.350597609561753,0.2921646746347942,0.1624612660469234,0.1947764497565294,81866.16,-6483.249999999999
Burgers,25683,Top Burgers Tavern,Full-service,South Auckland,1.05,36.03,1564,541,19492.23,460,256,307,16573.8,9223.68,11061.21,0.350697084167041,0.538399680703878,0.32,18,5.31,1630.17,2161.75,-3465.53,-1928.64,-403.45,0.3459079283887468,0.2941176470588235,0.1636828644501279,0.1962915601023017,56350.92,-3635.87
Burgers,25733,Top Burgers Eatery,Full-service,North Shore,1.03,41.97,1988,588,24678.36,630,350,420,26441.1,14689.5,17627.4,0.372292826755438,0.542617245507427,0.27,9,2.66,1117.2,2099.88,-4889.23,-2716.24,382.71,0.2957746478873239,0.3169014084507042,0.176056338028169,0.2112676056338028,83436.35999999999,-5122.879999999999
Burgers,26624,King Burgers House,Full-service,West Auckland,1.04,45.44,976,263,11950.72,321,178,214,14586.24,8088.32,9724.16,0.379812815610785,0.547967098210938,0.27,6,1.77,378.78,863.08,-2884.87,-1599.71,323.5,0.2694672131147541,0.3288934426229508,0.1823770491803278,0.2192622950819672,44349.44,-3298.0
Burgers,25821,Lucky Burgers Kitchen,Full-service,CBD,0.99,43.95,1767,604,26545.8,523,291,349,22985.85,12789.45,15338.55,0.372618224634789,0.490142874442972,0.29,18,5.31,1853.19,3643.12,-3511.34,-1953.73,251.86,0.3418222976796831,0.2959818902093944,0.164685908319185,0.1975099037917374,77659.65,-1570.0900000000001
Burgers,25548,King Burgers Eatery,Full-service,CBD,0.99,42.37,1039,275,11651.75,344,191,229,14575.28,8092.67,9702.73,0.398462304950226,0.525687976041809,0.3,14,4.13,945.77,883.78,-3267.05,-1813.97,-209.82,0.2646775745909528,0.3310875842155919,0.1838306063522617,0.2204042348411934,44022.42999999999,-4407.06
Burgers,25835,Top Burgers House,Full-service,West Auckland,1.04,32.7,1247,336,10987.2,410,228,273,13407.0,7455.6,8927.1,0.392805652704556,0.510969362407923,0.29,16,4.72,1288.56,1057.24,-2597.94,-1444.71,-429.55,0.2694466720128308,0.3287890938251804,0.1828388131515637,0.218925421010425,40776.9,-3414.96
Burgers,25472,Urban Burgers Eatery,Full-service,West Auckland,1.04,41.22,1904,667,27493.74,557,309,371,22959.54,12736.98,15292.62,0.399503626895603,0.522762945154682,0.31,15,4.43,1643.53,2137.18,-5332.73,-2958.37,-454.78,0.3503151260504201,0.2925420168067227,0.1622899159663865,0.1948529411764706,78482.87999999999,-6608.7
Burgers,25515,King Burgers House,Full-service,South Auckland,1.05,43.36,2194,731,31696.16,658,366,439,28530.88,15869.76,19035.04,0.369602838286664,0.490447119437158,0.31,3,0.89,390.71,4435.88,-4851.67,-2698.65,2273.24,0.3331814038286235,0.2999088422971741,0.1668185961713764,0.2000911577028259,95131.84,-841.2000000000003
Burgers,26042,Urban Burgers Tavern,Full-service,South Auckland,1.05,31.66,604,169,5350.54,196,109,130,6205.36,3450.94,4115.8,0.387936294206884,0.465761834406294,0.29,4,1.18,153.4,782.79,-891.7,-495.89,448.75,0.2798013245033112,0.3245033112582781,0.1804635761589404,0.2152317880794702,19122.64,-156.05000000000007
Burgers,25480,Urban Burgers Eatery,Full-service,CBD,0.99,31.8,917,280,8904.0,287,159,191,9126.6,5056.2,6073.8,0.352518945711199,0.532947250339203,0.29,15,4.43,846.13,1019.81,-1601.41,-887.19,-150.47,0.3053435114503817,0.3129770992366412,0.173391494002181,0.208287895310796,29160.6,-1619.2600000000002
Burgers,25121,Top Burgers Eatery,Full-service,South Auckland,1.05,32.36,2057,533,17247.88,686,381,457,22198.96,12329.16,14788.52,0.380920616758522,0.516802579420619,0.32,15,4.43,2024.51,1764.06,-4833.23,-2684.34,-511.99,0.2591152163344676,0.3334953816237239,0.185221195916383,0.2221682061254253,66564.52,-6265.5
Burgers,25242,Urban Burgers Grill,Full-service,South Auckland,1.05,40.49,1561,506,20487.94,475,264,316,19232.75,10689.36,12794.84,0.390296198741999,0.518385925423354,0.29,13,3.84,1213.44,1870.92,-3821.2,-2123.78,-45.04,0.3241511851377322,0.3042921204356182,0.1691223574631646,0.2024343369634849,63204.89,-4119.1
Burgers,26499,King Burgers Bistro,Full-service,North Shore,1.03,43.77,1362,360,15757.2,451,250,301,19740.27,10942.5,13174.77,0.398786766186822,0.541071644704789,0.29,5,1.48,445.48,947.66,-4537.47,-2515.23,346.87,0.2643171806167401,0.3311306901615272,0.1835535976505139,0.2209985315712188,59614.740000000005,-5758.170000000001
Burgers,26299,King Burgers Eatery,Full-service,South Auckland,1.05,43.03,1673,469,20181.07,542,301,361,23322.26,12952.03,15533.83,0.392292053031269,0.496667760517448,0.28,10,2.95,1064.95,2240.91,-3940.52,-2188.37,659.93,0.2803347280334728,0.3239689181111775,0.1799163179916318,0.2157800358637178,71989.19,-3228.05
Burgers,26022,Lucky Burgers House,Full-service,CBD,0.99,32.09,708,245,7862.05,208,116,139,6674.72,3722.44,4460.51,0.364883194654249,0.470524621219374,0.33,13,3.84,533.76,1294.03,-1104.05,-615.72,200.41,0.346045197740113,0.2937853107344633,0.1638418079096045,0.1963276836158192,22719.72,-225.33
Burgers,26277,Classic Burgers House,Full-service,West Auckland,1.04,42.43,1989,547,23209.21,649,360,433,27537.07,15274.8,18372.19,0.363928655453492,0.478824666119181,0.31,17,5.02,2173.66,3649.57,-4206.38,-2333.28,715.31,0.2750125691302162,0.3262946204122675,0.1809954751131221,0.2176973353443941,84393.27,-2174.78
Burgers,25681,Top Burgers Grill,Full-service,North Shore,1.03,37.76,1299,450,16992.0,382,212,255,14424.32,8005.12,9628.8,0.39625162628945,0.498289342387579,0.31,18,5.31,1354.05,1791.96,-2950.36,-1637.37,-338.61,0.3464203233256351,0.294072363356428,0.1632024634334103,0.1963048498845265,49050.240000000005,-3134.38
Burgers,25642,Classic Burgers Kitchen,Full-service,North Shore,1.03,40.81,1393,425,17344.25,436,242,290,17793.16,9876.02,11834.9,0.397319778020028,0.511895335954614,0.28,4,1.18,342.2,1574.6,-3366.73,-1868.69,732.23,0.3050969131371141,0.3129935391241923,0.1737257717157214,0.208183776022972,56848.33000000001,-2928.59
Burgers,25566,Top Burgers Cafe,Full-service,CBD,0.99,38.56,1376,452,17429.12,416,231,277,16040.96,8907.36,10681.12,0.393109111045487,0.475082363607362,0.3,7,2.07,573.39,2297.31,-2697.95,-1498.14,834.47,0.3284883720930232,0.3023255813953488,0.1678779069767441,0.2013081395348837,53058.560000000005,-1064.31
Burgers,26294,Urban Burgers Kitchen,Full-service,North Shore,1.03,45.38,715,215,9756.7,225,125,150,10210.5,5672.5,6807.0,0.383049290336203,0.547464358899742,0.3,13,3.84,576.0,677.96,-2353.66,-1307.59,-103.01,0.3006993006993007,0.3146853146853147,0.1748251748251748,0.2097902097902098,32446.7,-3086.3
Burgers,25082,Classic Burgers House,Full-service,CBD,0.99,38.58,765,222,8564.76,244,136,163,9413.52,5246.88,6288.54,0.362746075843461,0.526983709377237,0.28,7,2.07,337.41,944.44,-1597.75,-890.55,356.03,0.2901960784313726,0.318954248366013,0.1777777777777777,0.2130718954248366,29513.7,-1187.83
Burgers,25784,Classic Burgers Diner,Full-service,South Auckland,1.05,37.54,2076,719,26991.26,611,339,407,22936.94,12726.06,15278.78,0.366015142819379,0.522909006266855,0.27,9,2.66,1082.62,2998.08,-3645.23,-2022.48,614.48,0.3463391136801541,0.2943159922928709,0.1632947976878612,0.1960500963391137,77933.04,-2055.15
Burgers,25223,Urban Burgers Tavern,Full-service,West Auckland,1.04,35.32,2056,608,21474.56,652,362,434,23028.64,12785.84,15328.88,0.391515179618727,0.49037529330235,0.31,12,3.54,1536.36,2536.35,-4418.98,-2453.48,274.13,0.2957198443579766,0.3171206225680933,0.1760700389105058,0.2110894941634241,72617.92,-4061.9799999999996
Burgers,26652,Classic Burgers Corner,Full-service,West Auckland,1.04,42.52,1375,464,19729.28,410,228,273,17433.2,9694.56,11607.96,0.390601998078637,0.541005216841586,0.3,11,3.25,887.25,1349.34,-4037.65,-2245.33,-93.35,0.3374545454545454,0.2981818181818181,0.1658181818181818,0.1985454545454545,58464.99999999999,-5026.990000000001
Burgers,25727,Urban Burgers Diner,Full-service,North Shore,1.03,36.25,1782,544,19720.0,557,310,371,20191.25,11237.5,13448.75,0.366730907279998,0.509351468947716,0.3,15,4.43,1643.53,2443.66,-3555.32,-1978.73,23.01,0.3052749719416386,0.3125701459034792,0.1739618406285073,0.2081930415263748,64597.5,-3067.38
Burgers,26612,Classic Burgers House,Full-service,West Auckland,1.04,31.69,696,247,7827.43,202,112,135,6401.38,3549.28,4278.15,0.380892307125032,0.515172828827053,0.27,5,1.48,199.8,813.54,-1063.05,-589.41,244.85,0.3548850574712643,0.2902298850574712,0.160919540229885,0.1939655172413793,22056.239999999998,-594.0699999999999
Burgers,25430,Lucky Burgers Kitchen,Full-service,CBD,0.99,38.32,1929,531,20347.92,629,350,419,24103.28,13412.0,16056.08,0.351228577585425,0.52257246428635,0.27,9,2.66,1114.54,2567.89,-3466.08,-1928.66,911.72,0.2752721617418351,0.3260756868843961,0.1814411612234318,0.2172109901503369,73919.28,-1915.1300000000003
Burgers,25957,Classic Burgers Cafe,Full-service,CBD,0.99,31.88,1549,434,13835.92,502,279,334,16003.76,8894.52,10647.92,0.394481476955116,0.455416793772019,0.32,11,3.25,1085.5,2076.8,-2719.01,-1511.16,512.77,0.2801807617817947,0.3240800516462234,0.1801162040025823,0.2156229825693996,49382.119999999995,-1640.6
Burgers,26406,Top Burgers Grill,Full-service,West Auckland,1.04,37.89,1724,492,18641.88,554,308,370,20991.06,11670.12,14019.3,0.399093572411221,0.50796096350532,0.32,7,2.07,765.9,1732.68,-4766.12,-2649.75,537.13,0.2853828306264501,0.3213457076566125,0.1786542923433874,0.2146171693735498,65322.36,-5146.0599999999995
Burgers,26696,Top Burgers House,Full-service,West Auckland,1.04,40.31,988,277,11165.87,320,178,213,12899.2,7175.18,8586.03,0.364305329415947,0.49765848305542,0.29,5,1.48,315.24,1541.29,-1960.21,-1090.37,869.94,0.2803643724696356,0.3238866396761133,0.180161943319838,0.2155870445344129,39826.28,-639.3499999999999
Burgers,26640,Urban Burgers Cafe,Full-service,North Shore,1.03,34.45,1497,420,14469.0,485,269,323,16708.25,9267.05,11127.35,0.356300590571482,0.514156293822452,0.32,8,2.36,762.28,1874.36,-3182.2,-1764.97,679.19,0.280561122244489,0.3239812959251837,0.1796927187708751,0.2157648630594522,51571.65,-2393.62
Burgers,25321,Urban Burgers Diner,Full-service,CBD,0.99,43.59,1149,340,14820.6,364,202,243,15866.76,8805.18,10592.37,0.387669529230334,0.542980143497698,0.27,11,3.25,789.75,1027.81,-3183.66,-1766.76,-55.17,0.2959094865100087,0.3167972149695387,0.175805047867711,0.2114882506527415,50084.91,-3977.7799999999997
Chicken Dishes,26442,Classic Chicken Dishes Diner,Full-service,North Shore,1.03,44.65,1872,544,24289.6,797,332,199,35586.05,14823.8,8885.35,0.361944254953414,0.465298340911977,0.3,12,3.54,704.46,4196.21,-4528.06,-1886.22,830.55,0.2905982905982906,0.4257478632478632,0.1773504273504273,0.1063034188034188,83584.8,-1387.5200000000007
Chicken Dishes,26183,Classic Chicken Dishes Kitchen,Full-service,North Shore,1.03,40.63,1724,559,22712.17,699,291,175,28400.37,11823.33,7110.25,0.362177372106817,0.518651018803939,0.27,13,3.84,672.0,2706.65,-4283.58,-1783.29,175.34,0.324245939675174,0.4054524361948955,0.1687935034802784,0.1015081206496519,70046.12,-3184.8799999999997
Chicken Dishes,25069,Urban Chicken Dishes Bistro,Full-service,South Auckland,1.05,44.53,1059,313,13937.89,448,186,112,19949.44,8282.58,4987.36,0.371326761401724,0.544503274257295,0.31,6,1.77,198.24,1173.15,-4505.18,-1870.46,221.55,0.295561850802644,0.4230406043437205,0.1756373937677053,0.1057601510859301,47157.270000000004,-4980.94
Chicken Dishes,25246,Lucky Chicken Dishes Diner,Full-service,CBD,0.99,37.12,844,241,8945.92,362,151,90,13437.44,5605.12,3340.8,0.364447359659243,0.499855996808037,0.28,10,2.95,265.5,1213.93,-1939.07,-808.84,187.84,0.2855450236966824,0.428909952606635,0.178909952606635,0.1066350710900474,31329.28,-1346.14
Chicken Dishes,25026,Lucky Chicken Dishes Eatery,Full-service,CBD,0.99,36.56,1959,617,22557.52,805,336,201,29430.8,12284.16,7348.56,0.368867105338722,0.478825511829928,0.29,11,3.25,653.25,3435.68,-4052.4,-1691.44,465.99,0.3149566105155691,0.4109239407861154,0.1715160796324655,0.1026033690658499,71621.04,-1842.1700000000003
Chicken Dishes,25618,Urban Chicken Dishes Bistro,Full-service,CBD,0.99,31.17,581,144,4488.48,262,109,66,8166.54,3397.53,2057.22,0.381881071231328,0.546755018993281,0.3,18,5.31,350.46,320.32,-1867.17,-776.8,-203.65,0.2478485370051635,0.4509466437177281,0.1876075731497418,0.1135972461273666,18109.77,-2527.3
Chicken Dishes,25334,Classic Chicken Dishes Grill,Full-service,South Auckland,1.05,33.05,1046,247,8163.35,479,200,120,15830.95,6610.0,3966.0,0.386459062178619,0.501272463728674,0.28,10,2.95,354.0,916.49,-2655.35,-1108.71,91.26,0.2361376673040153,0.4579349904397705,0.1912045889101338,0.1147227533460803,34570.3,-2756.3099999999995
Chicken Dishes,26153,Classic Chicken Dishes Bistro,Full-service,CBD,0.99,30.05,1767,581,17459.05,712,296,178,21395.6,8894.8,5348.9,0.363809832581319,0.534899391676299,0.27,17,5.02,893.56,1768.44,-3609.64,-1500.63,-351.77,0.3288058856819468,0.4029428409734012,0.1675155631013016,0.1007357102433503,53098.35,-3693.6
Chicken Dishes,26525,King Chicken Dishes Cafe,Full-service,North Shore,1.03,35.83,2195,722,25869.26,884,368,221,31673.72,13185.44,7918.43,0.393687132711057,0.517130615399219,0.28,11,3.25,718.25,2307.08,-6043.91,-2516.02,-12.07,0.3289293849658314,0.4027334851936218,0.1676537585421412,0.1006833712984054,78646.85,-6264.92
Chicken Dishes,25795,Classic Chicken Dishes Diner,Full-service,CBD,0.99,39.3,1886,509,20003.7,826,344,207,32461.8,13519.2,8135.1,0.387120260915253,0.481964347464964,0.3,12,3.54,732.78,2618.79,-5488.79,-2285.89,332.23,0.2698833510074231,0.4379639448568398,0.1823966065747614,0.1097560975609756,74119.8,-4823.66
Chicken Dishes,25422,Urban Chicken Dishes House,Full-service,West Auckland,1.04,39.75,1299,329,13077.75,582,242,146,23134.5,9619.5,5803.5,0.351225982652977,0.451469495147467,0.31,15,4.43,646.78,2580.3,-2607.15,-1084.07,498.28,0.2532717474980754,0.4480369515011547,0.1862971516551193,0.1123941493456505,51635.25,-612.6399999999999
Chicken Dishes,26102,Lucky Chicken Dishes Corner,Full-service,South Auckland,1.05,36.99,982,270,9987.3,427,178,107,15794.73,6584.22,3957.93,0.382685287308414,0.470556372473948,0.29,7,2.07,221.49,1465.72,-2262.46,-943.13,359.37,0.2749490835030549,0.434826883910387,0.1812627291242362,0.1089613034623217,36324.18,-1380.5
Chicken Dishes,25728,Top Chicken Dishes House,Full-service,South Auckland,1.05,45.72,1358,388,17739.36,582,242,146,26609.04,11064.24,6675.12,0.36910094980849,0.538826958462596,0.3,5,1.48,216.08,1633.3,-5532.76,-2300.56,398.51,0.2857142857142857,0.4285714285714285,0.1782032400589101,0.1075110456553755,62087.76,-5801.51
Chicken Dishes,25499,Lucky Chicken Dishes Cafe,Full-service,CBD,0.99,34.67,1345,417,14457.39,557,232,139,19311.19,8043.44,4819.13,0.392548737919424,0.529197091492824,0.33,6,1.77,246.03,1131.35,-4861.51,-2024.9,131.09,0.3100371747211896,0.4141263940520446,0.1724907063197026,0.1033457249070632,46631.15,-5623.97
Chicken Dishes,26459,King Chicken Dishes Cafe,Full-service,South Auckland,1.05,41.58,1157,287,11933.46,522,218,130,21704.76,9064.44,5405.4,0.379103111242875,0.474927577609196,0.32,3,0.89,115.7,1741.92,-3777.29,-1577.49,673.32,0.2480553154710458,0.4511668107173725,0.1884183232497839,0.1123595505617977,48108.060000000005,-2939.5399999999995
Chicken Dishes,25669,Classic Chicken Dishes Diner,Full-service,North Shore,1.03,38.18,1710,452,17257.36,755,314,189,28825.9,11988.52,7216.02,0.374131189403124,0.463714917493053,0.29,17,5.02,948.78,2798.35,-3685.28,-1532.69,221.33,0.2643274853801169,0.4415204678362573,0.183625730994152,0.1105263157894736,65287.8,-2198.2900000000004
Chicken Dishes,25747,Lucky Chicken Dishes Cafe,Full-service,North Shore,1.03,45.55,1170,340,15487.0,498,208,124,22683.9,9474.4,5648.2,0.358018621860538,0.47737461978104,0.29,10,2.95,365.8,2549.26,-2844.41,-1188.03,563.93,0.2905982905982906,0.4256410256410256,0.1777777777777777,0.1059829059829059,53293.5,-919.2499999999997
Chicken Dishes,25263,Lucky Chicken Dishes Kitchen,Full-service,West Auckland,1.04,32.66,1394,458,14958.28,562,234,140,18354.92,7642.44,4572.4,0.377910198504105,0.545449625281617,0.32,4,1.18,165.2,1146.41,-4466.85,-1859.86,185.23,0.3285509325681492,0.4031563845050215,0.1678622668579627,0.1004304160688665,45528.04,-4995.070000000001
Chicken Dishes,26601,Top Chicken Dishes Tavern,Full-service,South Auckland,1.05,36.06,1239,307,11070.42,559,233,140,20157.54,8401.98,5048.4,0.391479629848618,0.542518933513202,0.32,8,2.36,330.4,730.66,-5119.99,-2134.09,2.8,0.2477804681194511,0.4511702986279257,0.1880548829701372,0.1129943502824858,44678.340000000004,-6520.62
Chicken Dishes,26563,Top Chicken Dishes Diner,Full-service,CBD,0.99,34.46,776,188,6478.48,353,147,88,12164.38,5065.62,3032.48,0.390167050494347,0.484435608796775,0.32,9,2.66,234.08,812.38,-2367.22,-985.78,146.18,0.2422680412371134,0.4548969072164948,0.1894329896907216,0.1134020618556701,26740.96,-2394.44
Chicken Dishes,26605,Urban Chicken Dishes Grill,Full-service,North Shore,1.03,34.49,968,245,8450.05,434,181,108,14968.66,6242.69,3724.92,0.350764283211902,0.542664917814545,0.31,4,1.18,127.44,900.53,-3045.06,-1269.95,269.53,0.253099173553719,0.4483471074380165,0.1869834710743801,0.1115702479338843,33386.32,-3144.95
Chicken Dishes,25194,Top Chicken Dishes Grill,Full-service,CBD,0.99,42.13,906,219,9226.47,412,172,103,17357.56,7246.36,4339.39,0.380105295253452,0.477796747698449,0.32,17,5.02,517.06,1311.06,-3087.95,-1289.14,99.56,0.2417218543046357,0.4547461368653421,0.1898454746136865,0.1136865342163355,38169.78,-2966.47
Chicken Dishes,26452,King Chicken Dishes Tavern,Full-service,South Auckland,1.05,46.38,1671,494,22911.72,706,294,177,32744.28,13635.72,8209.26,0.396182681852952,0.468002405646257,0.31,13,3.84,679.68,3111.75,-5703.57,-2375.14,435.26,0.2956313584679832,0.4225014961101137,0.1759425493716337,0.1059245960502693,77500.98,-4531.699999999999
Chicken Dishes,25632,Classic Chicken Dishes House,Full-service,North Shore,1.03,40.05,1279,384,15379.2,537,224,134,21506.85,8971.2,5366.7,0.353959595959168,0.499846138083376,0.31,11,3.25,435.5,2248.35,-3522.95,-1469.53,349.08,0.3002345582486317,0.4198592650508209,0.1751368256450352,0.1047693510555121,51223.95,-2395.05
Chicken Dishes,25526,Lucky Chicken Dishes Grill,Full-service,North Shore,1.03,39.19,864,251,9836.69,368,153,92,14421.92,5996.07,3605.48,0.381625039479695,0.452628683648072,0.29,8,2.36,217.12,1630.39,-1791.98,-745.03,380.47,0.2905092592592592,0.4259259259259259,0.1770833333333333,0.1064814814814814,33860.16,-526.1499999999999
Chicken Dishes,26581,Top Chicken Dishes Bistro,Full-service,South Auckland,1.05,35.77,708,175,6259.75,320,133,80,11446.4,4757.41,2861.6,0.359229356178548,0.543293463112786,0.3,13,3.84,307.2,610.18,-2318.16,-963.48,-28.26,0.2471751412429378,0.4519774011299435,0.1878531073446327,0.1129943502824858,25325.16,-2699.7200000000003
Chicken Dishes,25410,Classic Chicken Dishes Tavern,Full-service,North Shore,1.03,38.6,1792,493,19029.8,779,325,195,30069.4,12545.0,7527.0,0.385923194221687,0.500383127992973,0.28,10,2.95,575.25,2163.57,-5000.73,-2086.31,280.52,0.2751116071428571,0.4347098214285714,0.1813616071428571,0.1088169642857142,69171.2,-4642.949999999999
Chicken Dishes,25532,Urban Chicken Dishes Diner,Full-service,CBD,0.99,32.81,1776,559,18340.79,730,304,183,23951.3,9974.24,6004.23,0.366434603743255,0.460967471939512,0.3,18,5.31,971.73,3165.58,-3051.45,-1270.74,64.59,0.3147522522522522,0.411036036036036,0.1711711711711711,0.1030405405405405,58270.56,-1092.02
Chicken Dishes,26267,Top Chicken Dishes Kitchen,Full-service,South Auckland,1.05,34.82,1242,361,12570.02,529,220,132,18419.78,7660.4,4596.24,0.38730479341466,0.520932093821466,0.31,12,3.54,467.28,1153.46,-4019.88,-1671.78,-45.51,0.2906602254428341,0.4259259259259259,0.1771336553945249,0.1062801932367149,43246.439999999995,-4583.71
Chicken Dishes,25176,King Chicken Dishes Corner,Full-service,North Shore,1.03,36.42,884,270,9833.4,368,154,92,13402.56,5608.68,3350.64,0.390852915146388,0.547322647483088,0.32,8,2.36,217.12,607.94,-3460.21,-1448.02,-9.97,0.3054298642533937,0.416289592760181,0.17420814479638,0.1040723981900452,32195.28,-4310.26
Chicken Dishes,26513,Lucky Chicken Dishes Bistro,Full-service,CBD,0.99,40.96,1045,324,13271.04,433,180,108,17735.68,7372.8,4423.68,0.352179892244749,0.497592388815247,0.32,6,1.77,191.16,1993.68,-3011.03,-1251.7,473.4,0.3100478468899521,0.4143540669856459,0.1722488038277512,0.1033492822966507,42803.200000000004,-1795.65
Chicken Dishes,25543,Classic Chicken Dishes Eatery,Full-service,South Auckland,1.05,44.93,1141,314,14108.02,496,207,124,22285.28,9300.51,5571.32,0.351122852961998,0.460182573297061,0.33,5,1.48,183.52,2662.11,-3149.03,-1314.21,867.76,0.2751971954425942,0.4347063978965819,0.1814198071866783,0.1086765994741454,51265.130000000005,-933.3700000000001
Chicken Dishes,25545,Lucky Chicken Dishes Eatery,Full-service,West Auckland,1.04,42.07,851,211,8876.77,384,160,96,16154.88,6731.2,4038.72,0.363002442847937,0.472114739613608,0.3,17,5.02,481.92,1463.63,-2182.8,-909.5,184.0,0.2479435957696827,0.4512338425381904,0.1880141010575793,0.1128084606345476,35801.57,-1444.67
Chicken Dishes,25909,Top Chicken Dishes Tavern,Full-service,South Auckland,1.05,38.01,828,223,8476.23,363,151,91,13797.63,5739.51,3458.91,0.356276580388658,0.51907343599014,0.3,15,4.43,403.13,1056.56,-2419.41,-1006.42,28.02,0.2693236714975845,0.4384057971014493,0.1823671497584541,0.109903381642512,31472.280000000002,-2341.25
Chicken Dishes,26397,Urban Chicken Dishes Diner,Full-service,South Auckland,1.05,44.41,1117,295,13100.95,493,206,123,21894.13,9148.46,5462.43,0.373765610810369,0.488650142215192,0.32,11,3.25,399.75,1802.48,-3993.83,-1668.82,351.79,0.2641002685765443,0.44136078782453,0.1844225604297224,0.1101163831692032,49605.97,-3508.38
Chicken Dishes,26035,Top Chicken Dishes Corner,Full-service,West Auckland,1.04,46.7,1772,497,23209.9,765,319,191,35725.5,14897.3,8919.7,0.371603379561566,0.546367139532231,0.3,10,2.95,563.45,1903.9,-7787.11,-3247.17,168.23,0.2804740406320541,0.4317155756207675,0.1800225733634311,0.1077878103837471,82752.4,-8962.15
Chicken Dishes,25445,Top Chicken Dishes Eatery,Full-service,North Shore,1.03,44.76,1663,403,18038.28,756,315,189,33838.56,14099.4,8459.64,0.385186138481367,0.481903146370314,0.33,16,4.72,892.08,2397.48,-6669.22,-2778.84,232.3,0.2423331328923632,0.4546001202645821,0.1894167167769092,0.1136500300661455,74435.87999999999,-6818.28
Chicken Dishes,25167,Classic Chicken Dishes Kitchen,Full-service,North Shore,1.03,43.09,759,184,7928.56,345,144,86,14866.05,6204.96,3705.74,0.35448792935349,0.494046525796875,0.32,12,3.54,304.44,1200.9,-2505.44,-1045.75,256.85,0.2424242424242424,0.4545454545454545,0.1897233201581027,0.1133069828722002,32705.309999999998,-2093.44
Chicken Dishes,25171,King Chicken Dishes House,Full-service,CBD,0.99,33.41,1672,469,15669.29,722,301,180,24122.02,10056.41,6013.8,0.370620962081011,0.480717744282447,0.32,13,3.84,691.2,2329.42,-4133.04,-1723.05,202.82,0.2805023923444976,0.4318181818181818,0.180023923444976,0.1076555023923445,55861.520000000004,-3323.85
Chicken Dishes,25333,Urban Chicken Dishes Kitchen,Full-service,South Auckland,1.05,44.8,858,236,10572.8,373,156,93,16710.4,6988.8,4166.4,0.3708173648105,0.458023537439294,0.32,18,5.31,493.83,1809.63,-2487.19,-1040.22,219.29,0.275058275058275,0.4347319347319347,0.1818181818181818,0.1083916083916083,38438.4,-1498.49
Chicken Dishes,25256,Top Chicken Dishes House,Full-service,West Auckland,1.04,35.63,1171,334,11900.42,502,209,126,17886.26,7446.67,4489.38,0.388174420711584,0.47237464452628,0.3,10,2.95,371.7,1659.52,-2871.62,-1195.56,254.35,0.2852263023057216,0.4286934244235696,0.1784799316823228,0.107600341588386,41722.729999999996,-2153.31
Chicken Dishes,26066,Classic Chicken Dishes Cafe,Full-service,North Shore,1.03,36.88,2016,488,17997.44,917,382,229,33818.96,14088.16,8445.52,0.364424720557872,0.490821451018564,0.32,6,1.77,405.33,2605.2,-5926.64,-2468.9,817.19,0.242063492063492,0.4548611111111111,0.1894841269841269,0.1135912698412698,74350.08,-4973.15
Chicken Dishes,26317,King Chicken Dishes Bistro,Full-service,North Shore,1.03,42.14,1368,376,15844.64,595,248,149,25073.3,10450.72,6278.86,0.382143007102422,0.537774474616163,0.31,7,2.07,308.43,1268.88,-5764.79,-2402.8,194.4,0.2748538011695906,0.4349415204678362,0.1812865497076023,0.1089181286549707,57647.520000000004,-6704.31
Chicken Dishes,26561,Urban Chicken Dishes Cafe,Full-service,North Shore,1.03,37.96,2020,556,21105.76,878,366,220,33328.88,13893.36,8351.2,0.368885997275356,0.511095896852203,0.27,11,3.25,715.0,2533.07,-4998.73,-2083.75,287.3,0.2752475247524752,0.4346534653465346,0.1811881188118811,0.1089108910891089,76679.2,-4262.11
Chicken Dishes,25229,Urban Chicken Dishes Bistro,Full-service,South Auckland,1.05,35.28,1240,321,11324.88,551,230,138,19439.28,8114.4,4868.64,0.378113026753999,0.511406652932055,0.28,18,5.31,732.78,1251.18,-3295.34,-1375.55,-194.89,0.2588709677419354,0.4443548387096774,0.1854838709677419,0.1112903225806451,43747.2,-3614.6
Chicken Dishes,26282,Lucky Chicken Dishes Eatery,Full-service,North Shore,1.03,43.95,595,160,7032.0,261,109,65,11470.95,4790.55,2856.75,0.357106717023998,0.460605021612719,0.3,9,2.66,172.9,1281.85,-1350.27,-563.9,347.85,0.2689075630252101,0.4386554621848739,0.1831932773109243,0.1092436974789916,26150.25,-284.47
Chicken Dishes,25963,Urban Chicken Dishes Cafe,Full-service,South Auckland,1.05,40.27,1319,327,13168.29,595,248,149,23960.65,9986.96,6000.23,0.352103648032062,0.511164162075147,0.3,16,4.72,703.28,1800.53,-3912.0,-1630.55,117.14,0.247915087187263,0.4510993176648976,0.1880212282031842,0.112964366944655,53116.130000000005,-3624.8800000000006
Chicken Dishes,26209,King Chicken Dishes Kitchen,Full-service,CBD,0.99,39.44,883,282,11122.08,361,150,90,14237.84,5916.0,3549.6,0.390112645179033,0.508231322001666,0.29,13,3.84,345.6,1130.63,-2681.61,-1114.24,15.24,0.319365798414496,0.4088335220838052,0.1698754246885617,0.101925254813137,34825.52,-2649.9800000000005
Chicken Dishes,25726,Lucky Chicken Dishes Cafe,Full-service,North Shore,1.03,36.99,1237,320,11836.8,550,229,138,20344.5,8470.71,5104.62,0.391483740136027,0.501660358789377,0.31,6,1.77,244.26,1264.83,-4132.87,-1720.77,301.2,0.2586903799514956,0.444624090541633,0.185125303152789,0.1115602263540824,45756.63,-4287.61
Chinese,25301,Red Cafe,Full-service,North Shore,1.03,34.49,1068,240,8277.6,414,207,207,14278.86,7139.43,7139.43,0.365031025419012,0.484951268648729,0.28,9,2.66,550.62,1241.79,-1856.0,-928.0,520.42,0.2247191011235955,0.3876404494382022,0.1938202247191011,0.1938202247191011,36835.32,-1021.7900000000001
Chinese,26348,Golden Corner,Full-service,CBD,0.99,31.1,936,257,7992.7,339,170,170,10542.9,5287.0,5287.0,0.35566976229893,0.523437610222027,0.32,6,1.77,300.9,966.26,-2099.17,-1052.68,338.26,0.2745726495726496,0.3621794871794871,0.1816239316239316,0.1816239316239316,29109.6,-1847.3300000000002
Chinese,25770,Red Cafe,Full-service,West Auckland,1.04,34.29,1784,500,17145.0,642,321,321,22014.18,11007.09,11007.09,0.366976936731953,0.461949086771347,0.29,13,3.84,1232.64,2933.06,-2618.06,-1309.03,650.39,0.2802690582959641,0.3598654708520179,0.1799327354260089,0.1799327354260089,61173.36,-343.64
Chinese,25488,Dragon House,Full-service,CBD,0.99,38.44,586,158,6073.52,214,107,107,8226.16,4113.08,4113.08,0.373289461212698,0.532252552453429,0.31,3,0.89,95.23,573.69,-1773.08,-886.54,293.28,0.2696245733788396,0.3651877133105802,0.1825938566552901,0.1825938566552901,22525.840000000004,-1792.6499999999999
Chinese,25907,Lotus Eatery,Full-service,North Shore,1.03,45.17,1209,369,16667.73,420,210,210,18971.4,9485.7,9485.7,0.368693778640591,0.496579301008023,0.31,16,4.72,991.2,2245.59,-3325.18,-1662.59,286.78,0.3052109181141439,0.347394540942928,0.173697270471464,0.173697270471464,54610.53,-2455.3999999999996
Chinese,25097,Sakura Corner,Full-service,South Auckland,1.05,33.03,1807,543,17935.29,632,316,316,20874.96,10437.48,10437.48,0.379762011836283,0.530885064089671,0.3,4,1.18,372.88,1602.57,-4397.25,-2198.62,559.74,0.3004980630879911,0.3497509684560044,0.1748754842280022,0.1748754842280022,59685.20999999999,-4433.56
Chinese,25662,Golden Corner,Full-service,South Auckland,1.05,41.59,1675,396,16469.64,639,320,320,26576.01,13308.8,13308.8,0.361879253701773,0.480557127622887,0.31,11,3.25,1040.0,2595.02,-4051.15,-2028.75,1056.98,0.2364179104477612,0.3814925373134328,0.191044776119403,0.191044776119403,69663.25,-2427.9
Chinese,25971,Sakura Corner,Full-service,North Shore,1.03,42.46,1573,449,19064.54,562,281,281,23862.52,11931.26,11931.26,0.370759552379604,0.479933631652966,0.31,18,5.31,1492.11,2846.47,-3834.54,-1917.27,289.31,0.2854418308963763,0.3572790845518118,0.1786395422759059,0.1786395422759059,66789.58,-2616.03
Chinese,26256,Lotus Eatery,Full-service,South Auckland,1.05,32.39,1989,422,13668.58,783,392,392,25361.37,12696.88,12696.88,0.381001684686635,0.529079919587821,0.33,13,3.84,1505.28,1229.06,-6088.8,-3048.29,-363.6,0.2121669180492709,0.3936651583710407,0.1970839617898441,0.1970839617898441,64423.70999999999,-8271.63
Chinese,25290,Dragon House,Full-service,North Shore,1.03,32.16,1806,458,14729.28,674,337,337,21675.84,10837.92,10837.92,0.356901510525495,0.542302481713705,0.31,10,2.95,994.15,1484.65,-4534.67,-2267.34,98.27,0.2535991140642303,0.3732004429678848,0.1866002214839424,0.1866002214839424,58080.96,-5219.09
Chinese,25050,Golden Kitchen,Full-service,South Auckland,1.05,39.81,1551,358,14251.98,597,298,298,23766.57,11863.38,11863.38,0.350292355078272,0.522167931729928,0.27,9,2.66,792.68,1817.69,-3385.79,-1690.06,720.37,0.2308188265635074,0.3849129593810445,0.192134107027724,0.192134107027724,61745.31,-2537.79
Chinese,25875,Golden Bistro,Full-service,South Auckland,1.05,44.3,1265,341,15106.3,462,231,231,20466.6,10233.3,10233.3,0.373555360687897,0.543085670750588,0.29,7,2.07,478.17,1259.25,-4229.24,-2114.62,374.87,0.2695652173913043,0.3652173913043478,0.1826086956521739,0.1826086956521739,56039.5,-4709.74
Chinese,25997,Red Kitchen,Full-service,North Shore,1.03,43.91,1864,396,17388.36,734,367,367,32229.94,16114.97,16114.97,0.356088494323194,0.508300179825164,0.27,17,5.02,1842.34,2358.06,-4331.34,-2165.67,343.03,0.2124463519313304,0.3937768240343348,0.1968884120171674,0.1968884120171674,81848.24,-3795.920000000001
Chinese,25034,Golden Bistro,Full-service,West Auckland,1.04,37.94,2048,625,23712.5,711,356,356,26975.34,13506.64,13506.64,0.359857416327577,0.467711940500885,0.32,14,4.13,1470.28,4088.76,-3980.73,-1993.17,858.68,0.30517578125,0.34716796875,0.173828125,0.173828125,77701.12,-1026.46
Chinese,25815,Dragon Eatery,Full-service,North Shore,1.03,40.57,825,185,7505.45,320,160,160,12982.4,6491.2,6491.2,0.357905452419072,0.494412695989013,0.3,4,1.18,188.8,1108.42,-1977.46,-988.73,769.83,0.2242424242424242,0.3878787878787879,0.1939393939393939,0.1939393939393939,33470.25,-1087.94
Chinese,25130,Dragon Eatery,Full-service,CBD,0.99,43.74,1154,318,13909.32,418,209,209,18283.32,9141.66,9141.66,0.394079883396626,0.507411161647178,0.3,6,1.77,369.93,1370.19,-3683.93,-1841.96,530.61,0.2755632582322357,0.3622183708838821,0.181109185441941,0.181109185441941,50475.96000000001,-3625.0899999999997
Chinese,26433,Dragon Corner,Full-service,North Shore,1.03,32.61,2080,604,19696.44,738,369,369,24066.18,12033.09,12033.09,0.36501345516881,0.501099391840398,0.3,15,4.43,1634.67,2637.1,-3997.7,-1998.85,-23.59,0.2903846153846154,0.3548076923076923,0.1774038461538461,0.1774038461538461,67828.79999999999,-3383.04
Chinese,25061,Dragon Eatery,Full-service,CBD,0.99,35.28,690,182,6420.96,254,127,127,8961.12,4480.56,4480.56,0.394684779981617,0.457801265991293,0.31,17,5.02,637.54,947.18,-1456.06,-728.03,23.41,0.263768115942029,0.3681159420289855,0.1840579710144927,0.1840579710144927,24343.200000000004,-1213.4999999999998
Chinese,25474,Sakura Bistro,Full-service,North Shore,1.03,33.71,2012,476,16045.96,768,384,384,25889.28,12944.64,12944.64,0.371837479888927,0.510073895007372,0.3,17,5.02,1927.68,1894.85,-4709.55,-2354.78,-399.07,0.2365805168986083,0.3817097415506958,0.1908548707753479,0.1908548707753479,67824.51999999999,-5568.55
Chinese,25316,Red Eatery,Full-service,South Auckland,1.05,44.39,852,256,11363.84,298,149,149,13228.22,6614.11,6614.11,0.363367310306057,0.482808523345739,0.32,13,3.84,572.16,1748.03,-2198.21,-1099.11,445.25,0.3004694835680751,0.3497652582159624,0.1748826291079812,0.1748826291079812,37820.28,-1104.04
Chinese,26089,Sakura Bistro,Full-service,North Shore,1.03,36.23,1352,320,11593.6,516,258,258,18694.68,9347.34,9347.34,0.392739950795658,0.470296924328432,0.31,18,5.31,1369.98,1587.9,-3234.87,-1617.43,-89.74,0.2366863905325443,0.3816568047337278,0.1908284023668639,0.1908284023668639,48982.95999999999,-3354.1399999999994
Chinese,26456,Dragon Kitchen,Full-service,West Auckland,1.04,33.23,1590,454,15086.42,568,284,284,18874.64,9437.32,9437.32,0.391896367259324,0.51360884218011,0.3,16,4.72,1340.48,1425.59,-3878.84,-1939.42,-448.7,0.2855345911949685,0.3572327044025157,0.1786163522012578,0.1786163522012578,52835.7,-4841.37
Chinese,26375,Sakura House,Full-service,West Auckland,1.04,44.45,1204,368,16357.6,418,209,209,18580.1,9290.05,9290.05,0.391934129910078,0.540160201489925,0.3,6,1.77,369.93,1110.77,-4312.34,-2156.17,260.92,0.3056478405315614,0.3471760797342192,0.1735880398671096,0.1735880398671096,53517.8,-5096.82
Chinese,25534,Sakura Cafe,Full-service,North Shore,1.03,33.33,1416,292,9732.36,562,281,281,18731.46,9365.73,9365.73,0.359218015661463,0.499981935787946,0.31,10,2.95,828.95,1370.32,-3169.36,-1584.68,489.75,0.2062146892655367,0.3968926553672316,0.1984463276836158,0.1984463276836158,47195.28,-2893.9700000000003
Chinese,25661,Red Bistro,Full-service,West Auckland,1.04,44.57,1513,330,14708.1,591,296,296,26340.87,13192.72,13192.72,0.351882391527761,0.489626219822094,0.29,6,1.77,523.92,2331.11,-3464.05,-1734.96,1567.01,0.2181097157964309,0.3906146728354263,0.1956378056840713,0.1956378056840713,67434.41,-1300.89
Chinese,25023,Red Grill,Full-service,West Auckland,1.04,36.25,931,215,7793.75,358,179,179,12977.5,6488.75,6488.75,0.397388583177235,0.541547694453038,0.29,12,3.54,633.66,475.92,-2971.02,-1485.51,-237.43,0.2309344790547798,0.3845327604726101,0.192266380236305,0.192266380236305,33748.75,-4218.04
Chinese,26076,Sakura House,Full-service,CBD,0.99,39.98,1441,297,11874.06,572,286,286,22868.56,11434.28,11434.28,0.368134736281354,0.51096707645338,0.33,5,1.48,423.28,1435.55,-4781.86,-2390.93,959.1,0.2061068702290076,0.3969465648854962,0.1984732824427481,0.1984732824427481,57611.18,-4778.139999999999
Chinese,25999,Red Tavern,Full-service,CBD,0.99,32.39,2079,635,20567.65,722,361,361,23385.58,11692.79,11692.79,0.38291717057582,0.539152335235849,0.27,15,4.43,1599.23,1602.85,-4491.66,-2245.83,-688.01,0.3054353054353054,0.3472823472823473,0.1736411736411736,0.1736411736411736,67338.81,-5822.65
Chinese,25812,Golden Bistro,Full-service,CBD,0.99,38.38,1900,552,21185.76,674,337,337,25868.12,12934.06,12934.06,0.389288760407362,0.500189759535715,0.31,5,1.48,498.76,2341.48,-5160.13,-2580.07,930.73,0.2905263157894737,0.3547368421052632,0.1773684210526316,0.1773684210526316,72922.0,-4467.99
Chinese,26004,Sakura Cafe,Full-service,North Shore,1.03,43.09,828,205,8833.45,311,156,156,13400.99,6722.04,6722.04,0.399280355428346,0.458031657733954,0.3,13,3.84,599.04,1260.43,-2108.14,-1057.46,360.11,0.2475845410628019,0.3756038647342995,0.1884057971014492,0.1884057971014492,35678.520000000004,-1545.06
Chinese,25602,Sakura Eatery,Full-service,South Auckland,1.05,44.9,1019,311,13963.9,354,177,177,15894.6,7947.3,7947.3,0.393819763476495,0.548709801840596,0.29,12,3.54,626.58,802.51,-3695.96,-1847.98,-169.85,0.3052011776251226,0.3473994111874386,0.1736997055937193,0.1736997055937193,45753.100000000006,-4911.280000000001
Chinese,25280,Golden Tavern,Full-service,CBD,0.99,33.83,1944,504,17050.32,720,360,360,24357.6,12178.8,12178.8,0.3823935136199,0.491645862068981,0.32,3,0.89,320.4,2147.67,-4726.33,-2363.17,1213.65,0.2592592592592592,0.3703703703703703,0.1851851851851851,0.1851851851851851,65765.52,-3728.18
Chinese,25536,Lotus Tavern,Full-service,North Shore,1.03,39.19,1729,528,20692.32,601,300,300,23553.19,11757.0,11757.0,0.392942606913857,0.507206083461642,0.29,7,2.07,621.0,2066.16,-4478.61,-2235.58,552.95,0.3053788316946211,0.3475997686524002,0.1735106998264893,0.1735106998264893,67759.51,-4095.08
Chinese,25622,Golden Corner,Full-service,West Auckland,1.04,46.19,776,225,10392.75,275,138,138,12702.25,6374.22,6374.22,0.38316788355587,0.475797643046826,0.3,16,4.72,651.36,1465.74,-2019.22,-1013.28,247.62,0.2899484536082474,0.3543814432989691,0.1778350515463917,0.1778350515463917,35843.44,-1319.1399999999999
Chinese,25183,Golden Diner,Full-service,CBD,0.99,42.6,924,213,9073.8,355,178,178,15123.0,7582.8,7582.8,0.395718236151151,0.53493733999785,0.32,8,2.36,420.08,629.22,-3790.66,-1900.67,105.74,0.2305194805194805,0.3841991341991342,0.1926406926406926,0.1926406926406926,39362.4,-4956.37
Chinese,26265,Dragon Diner,Full-service,South Auckland,1.05,42.79,720,161,6889.19,279,140,140,11938.41,5990.6,5990.6,0.395338043500669,0.546238326467574,0.31,5,1.48,207.2,402.49,-3003.42,-1507.09,142.79,0.2236111111111111,0.3875,0.1944444444444444,0.1944444444444444,30808.799999999996,-3965.2300000000005
Chinese,25296,Golden Diner,Full-service,West Auckland,1.04,40.39,2041,593,23951.27,724,362,362,29242.36,14621.18,14621.18,0.358275461453013,0.5466285669012,0.31,11,3.25,1176.5,2277.67,-6284.3,-3142.15,213.92,0.2905438510534052,0.3547280744732974,0.1773640372366487,0.1773640372366487,82435.98999999999,-6934.860000000001
Chinese,25071,Sakura Cafe,Full-service,North Shore,1.03,31.82,640,132,4200.24,254,127,127,8082.28,4041.14,4041.14,0.394447506195866,0.456484517152421,0.31,8,2.36,299.72,626.12,-1300.7,-650.35,302.68,0.20625,0.396875,0.1984375,0.1984375,20364.8,-1022.25
Chinese,25219,Red House,Full-service,CBD,0.99,31.77,966,266,8450.82,350,175,175,11119.5,5559.75,5559.75,0.381094532250427,0.512531927647069,0.3,18,5.31,929.25,898.94,-2153.03,-1076.51,-337.84,0.2753623188405797,0.3623188405797101,0.181159420289855,0.181159420289855,30689.82,-2668.4400000000005
Chinese,26315,Golden Bistro,Full-service,North Shore,1.03,40.26,2090,618,24880.68,736,368,368,29631.36,14815.68,14815.68,0.399164941266645,0.463204497657716,0.29,12,3.54,1302.72,3424.34,-4514.91,-2257.46,736.37,0.2956937799043062,0.3521531100478469,0.1760765550239234,0.1760765550239234,84143.4,-2611.66
Chinese,25350,Sakura Corner,Full-service,West Auckland,1.04,37.81,1182,258,9754.98,462,231,231,17468.22,8734.11,8734.11,0.395334879145958,0.455881052440964,0.31,8,2.36,545.16,1451.39,-2816.16,-1408.08,754.34,0.2182741116751269,0.3908629441624365,0.1954314720812182,0.1954314720812182,44691.42,-2018.5099999999993
Chinese,26321,Sakura Eatery,Full-service,North Shore,1.03,41.87,896,184,7704.08,356,178,178,14905.72,7452.86,7452.86,0.392359723895788,0.527107211994007,0.31,4,1.18,210.04,620.43,-3420.37,-1710.18,390.16,0.2053571428571428,0.3973214285714285,0.1986607142857142,0.1986607142857142,37515.52,-4119.96
Chinese,25722,Red Kitchen,Full-service,North Shore,1.03,32.05,1243,315,10095.75,464,232,232,14871.2,7435.6,7435.6,0.371724752651062,0.509835770563222,0.32,9,2.66,617.12,1195.74,-2997.45,-1498.72,263.55,0.2534191472244569,0.3732904263877715,0.1866452131938857,0.1866452131938857,39838.15,-3036.8799999999997
Chinese,25650,Lotus House,Full-service,West Auckland,1.04,40.05,1841,477,19103.85,682,341,341,27314.1,13657.05,13657.05,0.353668365778867,0.509786053118296,0.29,15,4.43,1510.63,2608.55,-4191.47,-2095.73,354.18,0.2590983161325366,0.3704508419337317,0.1852254209668658,0.1852254209668658,73732.05,-3324.4700000000003
Chinese,25115,Lotus Eatery,Full-service,North Shore,1.03,38.81,712,180,6985.8,266,133,133,10323.46,5161.73,5161.73,0.36330637417268,0.463121236930601,0.28,14,4.13,549.29,1212.54,-1098.7,-549.35,346.64,0.2528089887640449,0.3735955056179775,0.1867977528089887,0.1867977528089887,27632.719999999998,-88.87000000000012
Chinese,25843,Lotus Corner,Full-service,West Auckland,1.04,39.71,1938,502,19934.42,718,359,359,28511.78,14255.89,14255.89,0.393492343707476,0.512955710524693,0.31,17,5.02,1802.18,1864.9,-6171.32,-3085.66,-468.51,0.2590299277605779,0.370485036119711,0.1852425180598555,0.1852425180598555,76957.98,-7860.59
Chinese,25520,Golden Tavern,Full-service,West Auckland,1.04,34.9,826,170,5933.0,328,164,164,11447.2,5723.6,5723.6,0.355159955017734,0.519138809409924,0.27,12,3.54,580.56,745.79,-1651.82,-825.91,138.9,0.2058111380145278,0.397094430992736,0.198547215496368,0.198547215496368,28827.4,-1593.04
Chinese,26591,Sakura House,Full-service,CBD,0.99,36.9,1633,474,17490.6,579,290,290,21365.1,10701.0,10701.0,0.396324428927619,0.504563069227152,0.33,4,1.18,342.2,1733.54,-4932.93,-2470.73,718.4,0.290263319044703,0.3545621555419473,0.1775872627066748,0.1775872627066748,60257.7,-4951.720000000001
Chinese,25518,Lotus Kitchen,Full-service,CBD,0.99,31.18,1228,304,9478.72,462,231,231,14405.16,7202.58,7202.58,0.355425095173996,0.526120292721316,0.28,7,2.07,478.17,1122.8,-2327.09,-1163.54,375.01,0.247557003257329,0.3762214983713355,0.1881107491856677,0.1881107491856677,38289.04,-1992.82
Chinese,25355,Dragon Eatery,Full-service,South Auckland,1.05,41.84,1038,207,8660.88,415,208,208,17363.6,8702.72,8702.72,0.379519668442663,0.478032251819968,0.33,10,2.95,613.6,1233.73,-3256.58,-1632.21,626.09,0.1994219653179191,0.3998073217726396,0.2003853564547206,0.2003853564547206,43429.92,-3028.97
Indian,25382,Spice Kitchen,Full-service,South Auckland,1.05,44.63,1749,403,17985.89,673,404,269,30035.99,18030.52,12005.47,0.369725375855342,0.462683936930262,0.33,10,2.95,793.55,3014.27,-4878.12,-2928.32,1218.45,0.2304173813607775,0.3847913093196112,0.230989136649514,0.1538021726700972,78057.87000000001,-3573.7200000000003
Indian,25300,Curry Diner,Full-service,North Shore,1.03,36.63,885,115,4212.45,385,231,154,14102.55,8461.53,5641.02,0.394670888595283,0.470167292584665,0.29,15,4.43,682.22,569.36,-2183.61,-1310.17,80.23,0.1299435028248587,0.4350282485875706,0.2610169491525423,0.1740112994350282,32417.55,-2844.19
Indian,25058,Tandoori Kitchen,Full-service,CBD,0.99,40.43,1256,251,10147.93,502,302,201,20295.86,12209.86,8126.43,0.381141291733366,0.473784336866811,0.3,6,1.77,355.77,1472.2,-3144.35,-1891.62,823.17,0.1998407643312102,0.3996815286624204,0.2404458598726114,0.1600318471337579,50780.08,-2740.5999999999995
Indian,26216,Bombay Eatery,Full-service,South Auckland,1.05,37.73,566,137,5169.01,214,129,86,8074.22,4867.17,3244.78,0.371765008277725,0.523461820045486,0.29,17,5.02,431.72,541.57,-1495.56,-901.53,-91.75,0.2420494699646643,0.3780918727915194,0.2279151943462897,0.1519434628975265,21355.18,-1947.27
Indian,26095,Royal Diner,Full-service,North Shore,1.03,46.14,758,188,8674.32,285,171,114,13149.9,7889.94,5259.96,0.35553887799615,0.487396939657629,0.27,15,4.43,505.02,1362.42,-1485.09,-891.06,321.13,0.2480211081794195,0.3759894459102902,0.2255936675461741,0.1503957783641161,34974.12,-692.5999999999998
Indian,25138,Tandoori Corner,Full-service,CBD,0.99,32.44,1944,493,15992.92,726,435,290,23551.44,14111.4,9407.6,0.360403733514249,0.534040835872293,0.32,6,1.77,513.3,1688.14,-5050.48,-3026.11,479.72,0.2536008230452675,0.3734567901234568,0.2237654320987654,0.1491769547325102,63063.36,-5908.729999999999
Indian,26251,Spice Diner,Full-service,South Auckland,1.05,34.09,1788,368,12545.12,710,426,284,24203.9,14522.34,9681.56,0.372125448763836,0.452208258886822,0.27,13,3.84,1090.56,2203.75,-2283.24,-1369.95,610.16,0.2058165548098434,0.3970917225950783,0.2382550335570469,0.1588366890380313,60952.92,-839.2799999999999
Indian,25852,Curry Cafe,Full-service,South Auckland,1.05,40.32,1560,360,14515.2,600,360,240,24192.0,14515.2,9676.8,0.397848917241208,0.4589376316173,0.29,5,1.48,355.2,2078.77,-3551.06,-2130.64,1030.65,0.2307692307692307,0.3846153846153846,0.2307692307692307,0.1538461538461538,62899.2,-2572.2799999999997
Indian,26458,Bombay Diner,Full-service,South Auckland,1.05,41.09,1507,261,10724.49,623,374,249,25599.07,15367.66,10231.41,0.362092504499014,0.502583476807922,0.29,11,3.25,809.25,1451.28,-3959.56,-2377.01,575.31,0.1731917717319177,0.4134041141340411,0.2481751824817518,0.1652289316522893,61922.630000000005,-4309.98
Indian,26483,Royal Tavern,Full-service,South Auckland,1.05,37.52,672,166,6228.32,253,152,101,9492.56,5703.04,3789.52,0.387401169852819,0.490091067412868,0.32,13,3.84,387.84,763.02,-1874.71,-1126.31,76.41,0.2470238095238095,0.3764880952380952,0.2261904761904762,0.150297619047619,25213.44,-2161.59
Indian,25013,Tandoori House,Full-service,West Auckland,1.04,36.75,1668,404,14847.0,632,379,253,23226.0,13928.25,9297.75,0.399492640071549,0.450115238502622,0.32,7,2.07,523.71,2232.87,-3939.31,-2362.34,874.6,0.2422062350119904,0.3788968824940047,0.2272182254196642,0.1516786570743405,61299.0,-3194.1800000000003
Indian,25785,Royal Kitchen,Full-service,CBD,0.99,34.27,1908,484,16586.68,712,427,285,24400.24,14633.29,9766.95,0.361694360815454,0.468996232375503,0.28,14,4.13,1177.05,2808.28,-2700.88,-1619.77,476.59,0.2536687631027253,0.3731656184486373,0.2237945492662473,0.1493710691823899,65387.16,-1035.78
Indian,25737,Bombay Bistro,Full-service,North Shore,1.03,42.51,855,207,8799.57,324,194,130,13773.24,8246.94,5526.3,0.350742394442204,0.507174635794945,0.27,16,4.72,613.6,1250.27,-1761.83,-1054.92,171.59,0.2421052631578947,0.3789473684210526,0.2269005847953216,0.1520467836257309,36346.05,-1394.89
Indian,25494,Spice Cafe,Full-service,CBD,0.99,40.3,589,94,3788.2,248,148,99,9994.4,5964.4,3989.7,0.387295683810953,0.474368295143358,0.27,14,4.13,408.87,524.04,-1315.9,-785.3,143.05,0.1595925297113752,0.4210526315789473,0.2512733446519524,0.1680814940577249,23736.7,-1434.1100000000001
Indian,25969,Royal Kitchen,Full-service,South Auckland,1.05,37.84,1651,297,11238.48,677,406,271,25617.68,15363.04,10254.64,0.369281713431701,0.534424779121764,0.31,5,1.48,401.08,1082.19,-5474.66,-3283.18,586.38,0.1798909751665657,0.4100545124167171,0.2459115687462144,0.1641429436705027,62473.840000000004,-7089.2699999999995
Indian,25443,Bombay House,Full-service,West Auckland,1.04,37.55,976,225,8448.75,376,225,150,14118.8,8448.75,5632.5,0.398119426611811,0.469728321465664,0.31,4,1.18,177.0,1116.52,-2511.0,-1502.59,567.35,0.2305327868852459,0.3852459016393442,0.2305327868852459,0.1536885245901639,36648.8,-2329.72
Indian,26376,Curry Cafe,Full-service,West Auckland,1.04,35.13,1410,350,12295.5,530,318,212,18618.9,11171.34,7447.56,0.390234936145134,0.547415794036351,0.3,3,0.89,188.68,766.62,-4424.8,-2654.88,275.67,0.2482269503546099,0.375886524822695,0.225531914893617,0.150354609929078,49533.3,-6037.39
Indian,25541,Bombay House,Full-service,West Auckland,1.04,44.89,1880,466,20918.74,707,424,283,31737.23,19033.36,12703.87,0.397120364184957,0.530960218934342,0.29,3,0.89,251.87,1504.46,-6921.27,-4150.81,661.78,0.2478723404255319,0.376063829787234,0.225531914893617,0.150531914893617,84393.2,-8905.84
Indian,26189,Bombay Kitchen,Full-service,CBD,0.99,36.38,1533,344,12514.72,594,357,238,21609.72,12987.66,8658.44,0.36313044289127,0.454105426743627,0.32,6,1.77,421.26,2287.24,-2965.63,-1782.37,1161.19,0.2243966079582517,0.3874755381604696,0.2328767123287671,0.1552511415525114,55770.54000000001,-1299.5700000000002
Indian,26434,Tandoori House,Full-service,West Auckland,1.04,42.26,1368,299,12635.74,534,321,214,22566.84,13565.46,9043.64,0.39816922203172,0.503868654486723,0.29,14,4.13,883.82,1237.82,-4333.69,-2605.08,2.11,0.2185672514619883,0.3903508771929824,0.2346491228070175,0.1564327485380117,57811.68,-5698.84
Indian,26521,Spice Bistro,Full-service,CBD,0.99,33.18,684,118,3915.24,283,170,113,9389.94,5640.6,3749.34,0.397654449287802,0.52349210686516,0.27,12,3.54,400.02,308.73,-1794.85,-1078.18,-104.37,0.1725146198830409,0.4137426900584795,0.2485380116959064,0.1652046783625731,22695.12,-2668.67
Indian,25925,Curry Eatery,Full-service,South Auckland,1.05,34.14,939,199,6793.86,370,222,148,12631.8,7579.08,5052.72,0.39551515551284,0.487487742677331,0.31,14,4.13,611.24,794.86,-2437.97,-1462.78,-20.09,0.2119275825346112,0.3940362087326943,0.2364217252396166,0.1576144834930777,32057.46,-3125.9799999999996
Indian,26167,Curry Diner,Full-service,CBD,0.99,43.66,579,115,5020.9,232,139,93,10129.12,6068.74,4060.38,0.352826336480211,0.491792073030956,0.27,5,1.48,137.64,780.16,-1160.98,-695.59,493.27,0.1986183074265975,0.4006908462867012,0.2400690846286701,0.160621761658031,25279.140000000003,-583.1400000000001
Indian,25224,Royal Eatery,Full-service,North Shore,1.03,37.35,495,68,2539.8,214,128,85,7992.9,4780.8,3174.75,0.357295493758284,0.467094982112758,0.28,6,1.77,150.45,446.01,-834.38,-499.07,407.07,0.1373737373737373,0.4323232323232323,0.2585858585858586,0.1717171717171717,18488.25,-480.37000000000006
Indian,25037,Curry Cafe,Full-service,South Auckland,1.05,40.68,745,129,5247.72,308,185,123,12529.44,7525.8,5003.64,0.35157133321045,0.505617403937504,0.3,3,0.89,109.47,749.43,-1969.49,-1182.97,605.11,0.1731543624161073,0.4134228187919463,0.2483221476510067,0.1651006711409396,30306.6,-1797.9199999999996
Indian,26173,Tandoori Tavern,Full-service,West Auckland,1.04,32.17,1292,250,8042.5,521,313,208,16760.57,10069.21,6691.36,0.350175797578413,0.4505512092961,0.31,18,5.31,1104.48,1602.65,-1855.85,-1114.93,228.93,0.1934984520123839,0.403250773993808,0.2422600619195046,0.1609907120743034,41563.64,-1139.1999999999998
Indian,26339,Bombay Bistro,Full-service,North Shore,1.03,34.39,1525,243,8356.77,641,385,256,22043.99,13240.15,8803.84,0.387624009046704,0.504016867070459,0.29,12,3.54,906.24,905.53,-4004.09,-2404.95,47.74,0.1593442622950819,0.420327868852459,0.2524590163934426,0.1678688524590164,52444.75,-5455.77
Indian,25576,Royal Eatery,Full-service,South Auckland,1.05,32.82,972,162,5316.84,405,243,162,13292.1,7975.26,5316.84,0.365593245369382,0.466789780044928,0.31,5,1.48,239.76,891.19,-1892.57,-1135.54,651.43,0.1666666666666666,0.4166666666666667,0.25,0.1666666666666666,31901.040000000005,-1485.4900000000002
Indian,26587,Royal Tavern,Full-service,CBD,0.99,37.81,1420,344,13006.64,538,323,215,20341.78,12212.63,8129.15,0.365858716669027,0.45858717050869,0.32,8,2.36,507.4,2283.37,-2938.29,-1764.06,919.71,0.2422535211267605,0.3788732394366197,0.2274647887323943,0.1514084507042253,53690.2,-1499.27
Indian,26229,Bombay Corner,Full-service,CBD,0.99,41.17,1023,259,10663.03,382,229,153,15726.94,9427.93,6299.01,0.384577803127468,0.502161127631553,0.3,10,2.95,451.35,1207.71,-2936.83,-1760.56,262.08,0.2531769305962854,0.3734115347018573,0.2238514173998045,0.1495601173020528,42116.91,-3227.6
Indian,26523,Bombay Eatery,Full-service,West Auckland,1.04,43.64,1104,191,8335.24,456,274,183,19899.84,11957.36,7986.12,0.390994754375424,0.491138987615705,0.3,7,2.07,378.81,982.44,-3624.43,-2177.84,562.48,0.1730072463768115,0.4130434782608695,0.2481884057971014,0.1657608695652173,48178.560000000005,-4257.35
Indian,25513,Bombay Diner,Full-service,West Auckland,1.04,44.1,1397,288,12700.8,554,333,222,24431.4,14685.3,9790.2,0.378183438710403,0.486664456594735,0.28,17,5.02,1114.44,1716.54,-3538.84,-2127.13,208.73,0.2061560486757337,0.3965640658554044,0.2383679312813171,0.1589119541875447,61607.7,-3740.7000000000003
Indian,25150,Bombay Kitchen,Full-service,South Auckland,1.05,43.05,979,163,7017.15,408,245,163,17564.4,10547.25,7017.15,0.350764955207705,0.540549789648503,0.3,11,3.25,529.75,762.66,-3360.33,-2017.84,232.91,0.1664964249233912,0.4167517875383044,0.2502553626149131,0.1664964249233912,42145.950000000004,-4382.6
Indian,25393,Tandoori Kitchen,Full-service,West Auckland,1.04,42.79,1725,263,11253.77,731,439,292,31279.49,18784.81,12494.68,0.383935440494679,0.537415620498359,0.31,3,0.89,259.88,885.1,-7236.54,-4345.89,722.81,0.152463768115942,0.423768115942029,0.2544927536231884,0.1692753623188405,73812.75,-9974.52
Indian,25072,Bombay Tavern,Full-service,CBD,0.99,30.05,1568,380,11419.0,594,356,238,17849.7,10697.8,7151.9,0.367287768563256,0.468091827607714,0.32,12,3.54,842.52,1879.8,-2773.48,-1662.22,334.83,0.2423469387755102,0.3788265306122449,0.2270408163265306,0.1517857142857142,47118.4,-2221.07
Indian,25324,Tandoori Grill,Full-service,South Auckland,1.05,41.93,1195,246,10314.78,474,285,190,19874.82,11950.05,7966.7,0.3501767747337,0.478179407468997,0.33,16,4.72,896.8,1770.47,-3147.3,-1892.36,470.63,0.205857740585774,0.396652719665272,0.2384937238493724,0.1589958158995816,50106.34999999999,-2798.56
Indian,25933,Royal Corner,Full-service,North Shore,1.03,40.29,1196,283,11402.07,456,274,183,18372.24,11039.46,7373.07,0.365806857531425,0.46437070867978,0.31,12,3.54,647.82,1936.33,-2575.38,-1547.48,604.29,0.2366220735785953,0.3812709030100334,0.2290969899665551,0.153010033444816,48186.840000000004,-1582.2400000000002
Indian,26136,Bombay Grill,Full-service,North Shore,1.03,36.46,965,239,8713.94,363,218,145,13234.98,7948.28,5286.7,0.378225913411006,0.538635544292629,0.32,12,3.54,513.3,724.46,-3134.86,-1882.64,-73.77,0.2476683937823834,0.3761658031088083,0.2259067357512953,0.1502590673575129,35183.899999999994,-4366.81
Indian,26585,Curry Eatery,Full-service,West Auckland,1.04,37.19,724,149,5541.31,288,172,115,10710.72,6396.68,4276.85,0.35548200319754,0.474432263011113,0.28,3,0.89,102.35,942.5,-1177.26,-703.09,625.08,0.2058011049723757,0.3977900552486187,0.2375690607734806,0.1588397790055248,26925.559999999998,-312.77
Indian,26392,Curry Tavern,Full-service,North Shore,1.03,36.06,1655,287,10349.22,684,410,274,24665.04,14784.6,9880.44,0.369987202459015,0.495347937755287,0.28,17,5.02,1375.48,1393.68,-3584.7,-2148.72,-44.93,0.1734138972809667,0.4132930513595166,0.2477341389728096,0.1655589123867069,59679.3,-4384.67
Indian,25830,Bombay Tavern,Full-service,West Auckland,1.04,36.26,786,176,6381.76,305,183,122,11059.3,6635.58,4423.72,0.398135793290567,0.490069181914441,0.28,16,4.72,575.84,713.45,-1860.23,-1116.14,-81.29,0.2239185750636132,0.3880407124681934,0.232824427480916,0.1552162849872773,28500.36,-2344.21
Indian,26480,Tandoori House,Full-service,CBD,0.99,35.53,1404,224,7958.72,590,354,236,20962.7,12577.62,8385.08,0.350804590468761,0.519909499539062,0.29,15,4.43,1045.48,1028.95,-3369.0,-2021.4,38.59,0.1595441595441595,0.4202279202279202,0.2521367521367521,0.168091168091168,49884.12,-4322.860000000001
Indian,26238,Tandoori Grill,Full-service,West Auckland,1.04,34.76,855,202,7021.52,326,196,131,11331.76,6812.96,4553.56,0.354687712131999,0.532977459742688,0.32,6,1.77,231.87,788.76,-2353.21,-1414.81,279.65,0.2362573099415204,0.3812865497076023,0.2292397660818713,0.1532163742690058,29719.8,-2699.61
Indian,25068,Royal Bistro,Full-service,CBD,0.99,31.5,1811,326,10269.0,742,446,297,23373.0,14049.0,9355.5,0.374791724944953,0.466369308275171,0.29,4,1.18,350.46,1631.12,-3065.63,-1842.68,1135.56,0.1800110436223081,0.409718387631143,0.2462727774710104,0.1639977912755383,57046.5,-2141.6300000000006
Indian,25557,Bombay Corner,Full-service,North Shore,1.03,44.39,1425,369,16379.91,528,317,211,23437.92,14071.63,9366.29,0.374002317059785,0.462979784887284,0.3,3,0.89,187.79,2670.22,-3210.58,-1927.56,1339.08,0.2589473684210526,0.3705263157894737,0.2224561403508771,0.1480701754385965,63255.75,-1128.8400000000001
Indian,25275,Curry Cafe,Full-service,West Auckland,1.04,40.5,1419,206,8343.0,606,364,243,24543.0,14742.0,9841.5,0.361040137254167,0.463562854845077,0.31,12,3.54,860.22,1463.34,-3303.56,-1984.32,865.95,0.1451726568005637,0.427061310782241,0.2565186751233262,0.1712473572938689,57469.5,-2958.59
Indian,26177,Curry Kitchen,Full-service,South Auckland,1.05,40.9,1695,246,10061.4,724,435,290,29611.6,17791.5,11861.0,0.35075317309238,0.517579286312684,0.32,15,4.43,1284.7,1324.76,-5576.83,-3350.72,277.01,0.1451327433628318,0.4271386430678466,0.2566371681415929,0.1710914454277286,69325.5,-7325.779999999999
Indian,25655,Curry Corner,Full-service,West Auckland,1.04,40.72,994,179,7288.88,408,244,163,16613.76,9935.68,6637.36,0.388945355406031,0.5055928963935,0.31,11,3.25,529.75,768.7,-3398.15,-2032.23,170.24,0.1800804828973843,0.4104627766599598,0.2454728370221328,0.1639839034205231,40475.68,-4491.4400000000005
Indian,25939,Curry Cafe,Full-service,CBD,0.99,32.69,772,123,4020.87,324,195,130,10591.56,6374.55,4249.7,0.352214366337284,0.485965327802114,0.32,10,2.95,383.5,650.66,-1675.37,-1008.32,304.19,0.1593264248704663,0.4196891191709844,0.2525906735751295,0.1683937823834196,25236.68,-1728.8400000000001
Indian,25337,Spice House,Full-service,West Auckland,1.04,32.02,1469,356,11399.12,556,334,223,17803.12,10694.68,7140.46,0.379499956371728,0.494955799099989,0.31,7,2.07,461.61,1431.09,-3283.89,-1972.7,434.83,0.2423417290673928,0.3784887678692988,0.2273655547991831,0.1518039482641252,47037.38,-3390.67
Indian,25582,Tandoori Bistro,Full-service,South Auckland,1.05,32.71,1886,435,14228.85,726,435,290,23747.46,14228.85,9485.9,0.372665001999121,0.530481758853421,0.28,16,4.72,1368.8,1378.11,-4349.27,-2605.97,-450.06,0.2306468716861081,0.3849416755037115,0.2306468716861081,0.1537645811240721,61691.06,-6027.190000000001
Indian,26674,Royal House,Full-service,West Auckland,1.04,45.84,1776,308,14118.72,734,440,294,33646.56,20169.6,13476.96,0.383812814799603,0.532299350085668,0.27,8,2.36,693.84,1184.39,-6262.03,-3753.81,436.71,0.1734234234234234,0.4132882882882883,0.2477477477477477,0.1655405405405405,81411.84,-8394.74
Indian,25913,Bombay Bistro,Full-service,North Shore,1.03,39.72,1516,220,8738.4,648,389,259,25738.56,15451.08,10287.48,0.383225433982443,0.51841914053075,0.27,5,1.48,383.32,859.47,-4417.88,-2652.09,628.51,0.1451187335092348,0.4274406332453825,0.2565963060686015,0.170844327176781,60215.520000000004,-5581.99
Indian,26445,Bombay Grill,Full-service,West Auckland,1.04,42.58,1038,158,6727.64,440,264,176,18735.2,11241.12,7494.08,0.395378248509951,0.512961703492329,0.32,6,1.77,311.52,616.66,-4277.99,-2566.8,375.39,0.1522157996146435,0.4238921001926782,0.2543352601156069,0.1695568400770712,44198.04,-5852.74
Indian,26689,Tandoori Cafe,Full-service,North Shore,1.03,42.48,927,191,8113.68,368,221,147,15632.64,9388.08,6244.56,0.355269491649233,0.45088061185088,0.33,18,5.31,780.57,1572.84,-2128.39,-1278.19,429.94,0.2060409924487594,0.3969795037756203,0.238403451995685,0.1585760517799352,39378.96,-1403.8
Indian,25238,Spice Bistro,Full-service,CBD,0.99,32.21,485,87,2802.27,199,119,80,6409.79,3832.99,2576.8,0.351886709034443,0.498530267947353,0.29,9,2.66,212.8,419.17,-900.04,-538.22,172.65,0.179381443298969,0.4103092783505154,0.245360824742268,0.1649484536082474,15621.849999999999,-846.4399999999999
Indian,25320,Tandoori Corner,Full-service,South Auckland,1.05,34.11,1716,416,14189.76,650,390,260,22171.5,13302.9,8868.6,0.359559498040471,0.476637484016828,0.27,17,5.02,1305.2,2324.33,-2354.55,-1412.73,147.5,0.2424242424242424,0.3787878787878788,0.2272727272727272,0.1515151515151515,58532.76,-1295.4500000000003
Indian,26096,Spice Grill,Full-service,South Auckland,1.05,45.37,1762,229,10389.73,766,460,307,34753.42,20870.2,13928.59,0.373291050165426,0.50635389033705,0.28,6,1.77,543.39,1250.46,-5548.21,-3331.82,1132.99,0.1299659477866061,0.434733257661748,0.2610669693530079,0.1742338251986379,79941.93999999999,-6496.58
Indian,26104,Curry Grill,Full-service,North Shore,1.03,37.2,1558,203,7551.6,678,406,271,25221.6,15103.2,10081.2,0.394597242539749,0.46595036315266,0.27,6,1.77,479.67,1053.09,-3292.62,-1971.69,926.18,0.1302952503209242,0.435173299101412,0.2605905006418485,0.1739409499358151,57957.59999999999,-3285.0399999999995
Indian,25458,Royal Bistro,Full-service,CBD,0.99,32.89,1708,319,10491.91,694,417,278,22825.66,13715.13,9143.42,0.358053909707814,0.541396578447893,0.3,12,3.54,984.12,1054.96,-4552.59,-2735.49,-64.75,0.186768149882904,0.4063231850117096,0.2441451990632318,0.1627634660421545,56176.119999999995,-6297.87
Indian,26075,Bombay Cafe,Full-service,South Auckland,1.05,33.96,2027,491,16674.36,768,461,307,26081.28,15655.56,10425.72,0.351224799279589,0.532647073408589,0.32,18,5.31,1630.17,1936.36,-5317.24,-3191.73,-419.45,0.2422298963986186,0.3788850518006906,0.2274296990626541,0.1514553527380365,68836.92,-6992.06
Indian,25078,Spice Eatery,Full-service,CBD,0.99,34.5,954,184,6348.0,385,231,154,13282.5,7969.5,5313.0,0.380056269501802,0.466577301663347,0.3,6,1.77,272.58,973.57,-1947.66,-1168.6,542.26,0.1928721174004193,0.4035639412997903,0.2421383647798742,0.1614255765199161,32913.0,-1600.43
Indian,26643,Royal Grill,Full-service,CBD,0.99,33.57,1667,289,9701.73,689,413,276,23129.73,13864.41,9265.32,0.39728331787046,0.474615921708755,0.28,17,5.02,1385.52,1242.8,-3513.39,-2105.99,-198.63,0.173365326934613,0.4133173365326935,0.247750449910018,0.1655668866226754,55961.189999999995,-4575.21
Indian,26487,Spice House,Full-service,CBD,0.99,37.63,781,141,5305.83,320,192,128,12041.6,7224.96,4816.64,0.377514863258693,0.46494656840805,0.3,9,2.66,340.48,835.87,-1715.46,-1029.28,418.33,0.1805377720870678,0.409731113956466,0.2458386683738796,0.1638924455825864,29389.03,-1490.54
Indian,25033,Spice Diner,Full-service,West Auckland,1.04,34.95,618,153,5347.35,232,140,93,8108.4,4893.0,3250.35,0.371757352666464,0.462851057504304,0.32,16,4.72,438.96,884.41,-1253.63,-756.5,98.62,0.2475728155339805,0.3754045307443365,0.2265372168284789,0.1504854368932038,21599.1,-1027.1000000000004
Indian,26665,Royal Grill,Full-service,South Auckland,1.05,43.01,1756,304,13075.04,726,436,290,31225.26,18752.36,12472.9,0.38189453529194,0.513519361917861,0.28,14,4.13,1197.7,1367.47,-5477.34,-3289.42,106.79,0.1731207289293849,0.4134396355353075,0.2482915717539863,0.1651480637813211,75525.56,-7292.5
Indian,26147,Spice Grill,Full-service,South Auckland,1.05,44.16,993,246,10863.36,374,224,149,16515.84,9891.84,6579.84,0.392545880540274,0.520224752998911,0.28,6,1.77,263.73,947.6,-3183.77,-1906.86,310.23,0.2477341389728096,0.3766364551863041,0.2255790533736153,0.1500503524672709,43850.880000000005,-3832.7999999999997
Indian,26419,Spice Kitchen,Full-service,South Auckland,1.05,33.27,660,160,5323.2,250,150,100,8317.5,4990.5,3327.0,0.356647593807429,0.510117775341496,0.29,17,5.02,502.0,709.23,-1303.9,-782.34,-58.73,0.2424242424242424,0.3787878787878788,0.2272727272727272,0.1515151515151515,21958.2,-1435.7400000000002
Indian,26262,Curry Corner,Full-service,CBD,0.99,30.28,957,237,7176.36,360,216,144,10900.8,6540.48,4360.32,0.389117768767756,0.534674153849483,0.27,3,0.89,128.16,546.9,-2112.49,-1267.49,204.13,0.2476489028213166,0.3761755485893417,0.225705329153605,0.1504702194357366,28977.96,-2628.95
Indian,25482,Spice Eatery,Full-service,North Shore,1.03,31.8,888,154,4897.2,367,220,147,11670.6,6996.0,4674.6,0.392120596475434,0.483421585988253,0.3,13,3.84,564.48,609.49,-2048.68,-1228.09,17.31,0.1734234234234234,0.4132882882882883,0.2477477477477477,0.1655405405405405,28238.4,-2649.97
Indian,25457,Royal Diner,Full-service,CBD,0.99,39.01,1062,275,10727.75,394,236,157,15369.94,9206.36,6124.57,0.384822722373065,0.492451391811483,0.27,3,0.89,139.73,1316.57,-2263.59,-1355.86,611.91,0.2589453860640301,0.3709981167608286,0.2222222222222222,0.147834274952919,41428.62,-1690.9700000000003
Indian,25905,Curry Grill,Full-service,West Auckland,1.04,40.99,1249,273,11190.27,488,293,195,20003.12,12010.07,7993.05,0.36133549696533,0.464482245361432,0.29,9,2.66,518.7,1949.15,-2316.72,-1390.98,873.55,0.2185748598879103,0.3907125700560448,0.2345876701361089,0.1561248999199359,51196.51,-884.9999999999998
Indian,26072,Tandoori Diner,Full-service,North Shore,1.03,36.89,736,182,6713.98,277,166,111,10218.53,6123.74,4094.79,0.364053797861561,0.454439165024087,0.31,14,4.13,458.43,1218.63,-1313.01,-786.86,284.8,0.2472826086956521,0.3763586956521739,0.2255434782608695,0.1508152173913043,27151.04,-596.4399999999998
Indian,25854,Spice Grill,Full-service,CBD,0.99,35.89,661,86,3086.54,288,172,115,10336.32,6173.08,4127.35,0.359750429727137,0.467440707026981,0.28,9,2.66,305.9,533.38,-1107.96,-661.7,407.34,0.1301059001512859,0.4357034795763994,0.2602118003025718,0.1739788199697428,23723.29,-828.9400000000003
Indian,25677,Royal Bistro,Full-service,CBD,0.99,41.47,1154,252,10450.44,451,271,180,18702.97,11238.37,7464.6,0.360269789479207,0.468195636197925,0.32,18,5.31,955.8,1792.61,-2776.74,-1668.51,324.64,0.218370883882149,0.3908145580589254,0.2348353552859618,0.1559792027729636,47856.380000000005,-2328.0
Indian,26298,Spice Diner,Full-service,North Shore,1.03,36.98,1431,238,8801.24,596,358,239,22040.08,13238.84,8838.22,0.364159197977278,0.48434071210213,0.28,13,3.84,917.76,1333.39,-2832.15,-1701.19,421.23,0.1663172606568833,0.416491963661775,0.2501747030048917,0.16701607267645,52918.380000000005,-2778.72
Indian,26291,Royal Corner,Full-service,North Shore,1.03,44.35,580,108,4789.8,236,142,94,10466.6,6297.7,4168.9,0.399440882727504,0.479600088461302,0.27,9,2.66,250.04,579.37,-1559.95,-938.62,254.23,0.1862068965517241,0.4068965517241379,0.2448275862068965,0.1620689655172413,25723.0,-1664.97
Indian,25216,Curry Tavern,Full-service,North Shore,1.03,33.9,1230,160,5424.0,535,321,214,18136.5,10881.9,7254.6,0.378257887647487,0.507687572110444,0.28,13,3.84,821.76,618.63,-3009.67,-1805.8,5.66,0.1300813008130081,0.4349593495934959,0.2609756097560975,0.1739837398373983,41697.0,-4191.18
Indian,26593,Royal Diner,Full-service,South Auckland,1.05,39.21,1106,235,9214.35,436,261,174,17095.56,10233.81,6822.54,0.393314447952434,0.477627313928679,0.29,4,1.18,205.32,1189.19,-2751.39,-1647.05,675.18,0.2124773960216998,0.3942133815551537,0.2359855334538879,0.1573236889692585,43366.26,-2534.07
Indian,26676,Bombay Cafe,Full-service,CBD,0.99,32.14,1671,255,8195.7,708,425,283,22755.12,13659.5,9095.62,0.38263470812235,0.490592550532892,0.33,16,4.72,1335.76,1038.99,-4624.46,-2775.98,-182.68,0.1526032315978456,0.4236983842010772,0.2543387193297426,0.1693596648713345,53705.94,-6544.130000000001
Indian,25837,Spice Diner,Full-service,South Auckland,1.05,46.04,1817,277,12753.08,770,462,308,35450.8,21270.48,14180.32,0.383247677085456,0.541258347406983,0.28,3,0.89,274.12,962.78,-7249.9,-4349.94,796.41,0.1524490919097413,0.4237754540451293,0.2542652724270776,0.1695101816180517,83654.68,-9840.65
Indian,25477,Tandoori Tavern,Full-service,CBD,0.99,40.21,854,142,5709.82,356,214,142,14314.76,8604.94,5709.82,0.359316235629376,0.523824895638973,0.31,13,3.84,545.28,667.24,-2764.77,-1661.97,121.96,0.1662763466042154,0.4168618266978923,0.2505854800936768,0.1662763466042154,34339.340000000004,-3637.54
Indian,26297,Royal Eatery,Full-service,West Auckland,1.04,33.78,829,114,3850.92,358,214,143,12093.24,7228.92,4830.54,0.390697826922406,0.501871643401682,0.32,5,1.48,211.64,413.71,-2570.65,-1536.65,307.31,0.1375150784077201,0.4318455971049457,0.2581423401688781,0.1724969843184559,28003.620000000003,-3386.28
Japanese,26180,Lotus Bistro,Full-service,CBD,0.99,33.85,792,168,5686.8,343,187,94,11610.55,6329.95,3181.9,0.39263733754633,0.54255966336932,0.28,6,1.77,166.38,368.52,-2498.56,-1362.19,39.82,0.2121212121212121,0.433080808080808,0.2361111111111111,0.1186868686868686,26809.2,-3452.41
Japanese,25250,Dragon Grill,Full-service,West Auckland,1.04,45.53,683,94,4279.82,324,177,88,14751.72,8058.81,4006.64,0.391819321340881,0.461220926861279,0.32,7,2.07,182.16,628.96,-2552.64,-1394.5,406.65,0.1376281112737921,0.4743777452415813,0.2591508052708638,0.1288433382137628,31096.99,-2911.5299999999997
Japanese,25930,Sakura Cafe,Full-service,West Auckland,1.04,31.68,1749,228,7223.04,837,456,228,26516.16,14446.08,7223.04,0.375493482733145,0.48394751935266,0.32,10,2.95,672.6,1015.26,-4758.09,-2592.22,342.66,0.1303602058319039,0.4785591766723842,0.2607204116638079,0.1303602058319039,55408.32,-5992.389999999999
Japanese,25131,Lotus Tavern,Full-service,South Auckland,1.05,36.41,541,78,2839.98,255,139,69,9284.55,5060.99,2512.29,0.351876991952304,0.454915027273819,0.33,5,1.48,102.12,548.71,-1270.05,-692.3,383.27,0.144177449168207,0.4713493530499076,0.2569316081330868,0.1275415896487985,19697.809999999998,-1030.37
Japanese,26110,Dragon Eatery,Full-service,South Auckland,1.05,35.71,1487,325,11605.75,639,349,174,22818.69,12462.79,6213.54,0.380318438797258,0.490250560082495,0.32,7,2.07,360.18,1502.14,-4348.53,-2375.02,444.04,0.218560860793544,0.429724277067922,0.2347007397444519,0.117014122394082,53100.770000000004,-4777.37
Japanese,25639,Golden Bistro,Full-service,CBD,0.99,31.51,1902,482,15187.82,781,426,213,24609.31,13423.26,6711.63,0.388843120273668,0.536920781154186,0.32,10,2.95,628.35,1127.48,-6048.08,-3298.95,-130.1,0.2534174553101997,0.4106203995793901,0.22397476340694,0.11198738170347,59932.020000000004,-8349.65
Japanese,26471,Lotus Grill,Full-service,South Auckland,1.05,39.24,545,91,3570.84,250,136,68,9810.0,5336.64,2668.32,0.383506984834094,0.549688297254033,0.28,6,1.77,120.36,238.55,-2091.45,-1137.75,57.9,0.1669724770642202,0.4587155963302752,0.2495412844036697,0.1247706422018348,21385.8,-2932.7499999999995
Japanese,25714,Red Bistro,Full-service,West Auckland,1.04,46.29,617,123,5693.67,272,148,74,12590.88,6850.92,3425.46,0.373254712729249,0.484985151165165,0.28,12,3.54,261.96,807.14,-1740.56,-947.07,223.63,0.1993517017828201,0.4408427876823338,0.239870340356564,0.119935170178282,28560.93,-1656.8600000000001
Japanese,26664,Red Tavern,Full-service,West Auckland,1.04,36.95,1303,277,10235.15,564,308,154,20839.8,11380.6,5690.3,0.378453951561823,0.458881443110295,0.31,11,3.25,500.5,1664.9,-3070.44,-1676.77,425.11,0.212586339217191,0.4328472755180353,0.2363775901765157,0.1181887950882578,48145.85,-2657.2
Japanese,26304,Lotus Grill,Full-service,West Auckland,1.04,34.19,1016,183,6256.77,458,250,125,15659.02,8547.5,4273.75,0.384006747975945,0.516593751544133,0.32,17,5.02,627.5,621.92,-3454.39,-1885.58,-202.69,0.1801181102362204,0.4507874015748031,0.2460629921259842,0.1230314960629921,34737.04,-4920.739999999999
Japanese,25838,Dragon Bistro,Full-service,CBD,0.99,32.01,1516,242,7746.42,701,382,191,22439.01,12227.82,6113.91,0.375022406829521,0.47810488587711,0.32,9,2.66,508.06,1137.74,-3884.81,-2116.97,389.91,0.1596306068601583,0.462401055408971,0.2519788918205805,0.1259894459102902,48527.16,-4474.129999999999
Japanese,26361,Dragon House,Full-service,CBD,0.99,39.28,1715,273,10723.44,793,433,216,31149.04,17008.24,8484.48,0.371044463047292,0.529919120436534,0.27,18,5.31,1146.96,1062.01,-5325.35,-2907.79,-306.69,0.1591836734693877,0.4623906705539358,0.2524781341107872,0.1259475218658892,67365.2,-7477.82
Japanese,25484,Lotus House,Full-service,CBD,0.99,43.35,1617,343,14869.05,701,382,191,30388.35,16559.7,8279.85,0.389593648060691,0.469132607383654,0.31,13,3.84,733.44,2100.61,-5127.31,-2794.06,436.29,0.2121212121212121,0.4335188620902906,0.2362399505256648,0.1181199752628324,70096.95,-5384.47
Japanese,26695,Red Grill,Full-service,South Auckland,1.05,43.8,801,155,6789.0,355,194,97,15549.0,8497.2,4248.6,0.384673320793081,0.4865216211183,0.31,15,4.43,429.71,874.46,-2817.4,-1539.65,117.53,0.1935081148564294,0.4431960049937578,0.2421972534332085,0.1210986267166042,35083.8,-3365.06
Japanese,25926,Golden Corner,Full-service,North Shore,1.03,35.24,1402,298,10501.52,607,331,166,21390.68,11664.44,5849.84,0.357645330461673,0.513063861546107,0.29,11,3.25,539.5,1357.75,-3437.68,-1874.58,216.83,0.2125534950071326,0.4329529243937232,0.2360912981455064,0.1184022824536376,49406.479999999996,-3737.68
Japanese,26278,Golden Diner,Full-service,West Auckland,1.04,32.39,1420,246,7967.94,646,352,176,20923.94,11401.28,5700.64,0.353880775603466,0.513588660839014,0.33,10,2.95,519.2,1056.0,-4131.84,-2251.4,236.31,0.1732394366197183,0.4549295774647887,0.2478873239436619,0.1239436619718309,45993.799999999996,-5090.929999999999
Japanese,26049,Sakura House,Full-service,West Auckland,1.04,42.53,811,205,8718.65,333,182,91,14162.49,7740.46,3870.23,0.395120665139984,0.492510938178748,0.28,3,0.89,80.99,979.7,-2374.08,-1297.55,353.9,0.2527743526510481,0.4106041923551171,0.2244143033292231,0.1122071516646115,34491.83,-2338.0299999999997
Japanese,26051,Sakura Cafe,Full-service,West Auckland,1.04,38.36,1671,395,15152.2,702,383,191,26928.72,14691.88,7326.76,0.353888594929595,0.531871801638044,0.27,12,3.54,676.14,1730.98,-4194.43,-2288.41,160.87,0.2363853979652902,0.4201077199281867,0.2292040694195092,0.1143028126870137,64099.56,-4590.990000000001
Japanese,26473,Dragon Tavern,Full-service,South Auckland,1.05,39.32,1364,338,13290.16,564,308,154,22176.48,12110.56,6055.28,0.360700103011914,0.503687460254878,0.3,15,4.43,682.22,1802.31,-3645.54,-1990.83,138.95,0.2478005865102639,0.4134897360703812,0.2258064516129032,0.1129032258064516,53632.479999999996,-3695.11
Japanese,26438,Lotus Eatery,Full-service,CBD,0.99,33.54,613,84,2817.36,291,159,79,9760.14,5332.86,2649.66,0.360813741094898,0.505782615067437,0.27,7,2.07,163.53,375.85,-1333.2,-728.45,189.94,0.1370309951060359,0.4747145187601957,0.2593800978792822,0.1288743882544861,20560.02,-1495.8600000000001
Japanese,25873,Sakura Grill,Full-service,West Auckland,1.04,35.04,1885,339,11878.56,850,464,232,29784.0,16258.56,8129.28,0.354307648574468,0.476819817721844,0.32,4,1.18,273.76,2005.96,-4501.18,-2457.11,1099.05,0.179840848806366,0.4509283819628647,0.2461538461538461,0.123076923076923,66050.4,-3853.2799999999997
Japanese,26660,Sakura Cafe,Full-service,South Auckland,1.05,38.45,1361,217,8343.65,629,343,172,24185.05,13188.35,6613.4,0.380893691664096,0.473209341964684,0.31,5,1.48,254.56,1217.31,-3968.84,-2164.25,710.31,0.1594415870683321,0.4621601763409257,0.2520205731080088,0.1263776634827332,52330.45,-4205.470000000001
Japanese,26148,Lotus Tavern,Full-service,West Auckland,1.04,35.97,1488,194,6978.18,712,388,194,25610.64,13956.36,6978.18,0.386351230600849,0.524007843225263,0.27,15,4.43,859.42,625.53,-4619.11,-2517.16,-233.89,0.1303763440860215,0.478494623655914,0.260752688172043,0.1303763440860215,53523.36,-6744.63
Japanese,26604,Lotus House,Full-service,CBD,0.99,38.61,935,168,6486.48,422,230,115,16293.42,8880.3,4440.15,0.395717800490093,0.463533437135629,0.28,6,1.77,203.55,912.96,-2268.88,-1236.59,421.4,0.1796791443850267,0.4513368983957219,0.2459893048128342,0.1229946524064171,36100.35,-2171.11
Japanese,25749,Sakura Cafe,Full-service,North Shore,1.03,39.47,988,250,9867.5,406,221,111,16024.82,8722.87,4381.17,0.350760559691116,0.522105942294002,0.3,7,2.07,229.77,1254.49,-2770.15,-1507.89,327.22,0.2530364372469635,0.4109311740890688,0.2236842105263158,0.1123481781376518,38996.36,-2696.33
Japanese,26570,Sakura Kitchen,Full-service,South Auckland,1.05,36.61,936,162,5930.82,426,232,116,15595.86,8493.52,4246.76,0.398264522547834,0.531748677161522,0.3,8,2.36,273.76,415.08,-3587.25,-1953.62,23.46,0.173076923076923,0.4551282051282051,0.2478632478632478,0.1239316239316239,34266.96,-5102.33
Kebabs/Mediterranean,26545,Spice House,Full-service,South Auckland,1.05,40.05,627,125,5006.25,276,151,75,11053.8,6047.55,3003.75,0.36459869047394,0.529629612155259,0.33,17,5.02,376.5,529.52,-2478.57,-1356.03,-58.79,0.1993620414673046,0.4401913875598086,0.2408293460925039,0.1196172248803827,25111.35,-3363.87
Kebabs/Mediterranean,26105,Spice House,Full-service,South Auckland,1.05,40.7,1617,363,14774.1,690,376,188,28083.0,15303.2,7651.6,0.356935667223297,0.520855247438885,0.32,12,3.54,665.52,1805.53,-5554.56,-3026.83,269.58,0.2244897959183673,0.4267161410018553,0.2325293753865182,0.1162646876932591,65811.90000000001,-6506.280000000001
Kebabs/Mediterranean,25175,Greek Bistro,Full-service,CBD,0.99,33.4,1342,259,8650.6,596,325,162,19906.4,10855.0,5410.8,0.364125221897848,0.467583471233957,0.3,12,3.54,573.48,1455.82,-2621.85,-1429.7,337.11,0.1929955290611028,0.4441132637853949,0.2421758569299553,0.1207153502235469,44822.8,-2258.62
Kebabs/Mediterranean,26466,Ottoman Bistro,Full-service,South Auckland,1.05,45.45,942,169,7681.05,425,232,116,19316.25,10544.4,5272.2,0.369745925301686,0.515077800536528,0.32,3,0.89,103.24,884.67,-3956.43,-2159.74,503.99,0.1794055201698513,0.4511677282377919,0.2462845010615711,0.1231422505307855,42813.899999999994,-4727.51
Kebabs/Mediterranean,25305,Souvlaki Grill,Full-service,West Auckland,1.04,41.02,789,167,6850.34,342,187,93,14028.84,7670.74,3814.86,0.357983699010219,0.51328998929821,0.31,13,3.84,357.12,881.82,-2543.06,-1390.5,133.95,0.2116603295310519,0.4334600760456273,0.2370088719898606,0.11787072243346,32364.78,-2917.79
Kebabs/Mediterranean,26018,Spice Diner,Full-service,West Auckland,1.04,43.73,584,131,5728.63,249,136,68,10888.77,5947.28,2973.64,0.367173612606712,0.522325868345797,0.32,8,2.36,160.48,633.02,-2281.19,-1245.95,168.11,0.2243150684931507,0.4263698630136986,0.2328767123287671,0.1164383561643835,25538.32,-2726.0099999999998
Kebabs/Mediterranean,25832,Greek Grill,Full-service,North Shore,1.03,44.16,1885,352,15544.32,843,460,230,37226.88,20313.6,10156.8,0.353877747489605,0.474787499988452,0.32,16,4.72,1085.6,2663.28,-5534.34,-3019.93,654.61,0.1867374005305039,0.4472148541114058,0.2440318302387268,0.1220159151193634,83241.59999999999,-5236.38
Kebabs/Mediterranean,25713,Mediterranean Grill,Full-service,CBD,0.99,35.19,1050,144,5067.36,498,272,136,17524.62,9571.68,4785.84,0.386786557815503,0.529788629314862,0.32,13,3.84,522.24,422.74,-4145.89,-2264.42,-122.98,0.1371428571428571,0.4742857142857143,0.259047619047619,0.1295238095238095,36949.5,-6110.55
Kebabs/Mediterranean,25773,Spice Bistro,Full-service,CBD,0.99,37.45,1507,240,8988.0,697,380,190,26102.65,14231.0,7115.5,0.370961641636677,0.509873623633757,0.31,9,2.66,505.4,1071.05,-4981.31,-2715.78,342.52,0.159256801592568,0.4625082946250829,0.252156602521566,0.126078301260783,56437.15,-6283.52
Kebabs/Mediterranean,25276,Souvlaki Corner,Full-service,West Auckland,1.04,31.87,1282,256,8158.72,564,308,154,17974.68,9815.96,4907.98,0.393898058764171,0.48371247688774,0.32,14,4.13,636.02,998.54,-3551.99,-1939.74,-35.33,0.1996879875195008,0.4399375975039001,0.2402496099843993,0.1201248049921996,40857.34,-4528.5199999999995
Kebabs/Mediterranean,25628,Souvlaki Kitchen,Full-service,West Auckland,1.04,33.05,652,99,3271.95,304,166,83,10047.2,5486.3,2743.15,0.38492362027755,0.490895911841653,0.32,11,3.25,269.75,406.31,-1967.44,-1074.32,70.9,0.151840490797546,0.4662576687116564,0.254601226993865,0.1273006134969325,21548.600000000002,-2564.5499999999997
Kebabs/Mediterranean,26374,Mediterranean Cafe,Full-service,CBD,0.99,31.57,1365,188,5935.16,647,353,177,20425.79,11144.21,5587.89,0.371638254763093,0.458731450373307,0.3,15,4.43,784.11,1006.78,-2662.9,-1452.87,163.77,0.1377289377289377,0.473992673992674,0.2586080586080586,0.1296703296703296,43093.05,-2945.22
Kebabs/Mediterranean,25996,Mediterranean Tavern,Full-service,South Auckland,1.05,35.33,1777,366,12930.78,776,423,212,27416.08,14944.59,7489.96,0.365926621656399,0.490341197722591,0.28,5,1.48,313.76,1858.57,-3735.93,-2036.47,762.79,0.2059651097355092,0.4366910523353967,0.2380416432189082,0.1193021947101857,62781.409999999996,-3151.04
Kebabs/Mediterranean,26243,Mediterranean Tavern,Full-service,South Auckland,1.05,33.24,865,138,4587.12,400,218,109,13296.0,7246.32,3623.16,0.360161935002543,0.530864983261563,0.27,18,5.31,578.79,499.87,-2141.01,-1166.85,-183.96,0.1595375722543352,0.4624277456647399,0.2520231213872832,0.1260115606936416,28752.6,-2991.9500000000003
Kebabs/Mediterranean,25339,Ottoman Diner,Full-service,South Auckland,1.05,46.26,1762,229,10593.54,843,460,230,38997.18,21279.6,10639.8,0.355174614931457,0.535524720861577,0.3,15,4.43,1018.9,1157.88,-7436.74,-4058.01,144.04,0.1299659477866061,0.4784335981838819,0.2610669693530079,0.1305334846765039,81510.12000000001,-10192.829999999998
Kebabs/Mediterranean,25583,Greek House,Full-service,West Auckland,1.04,33.6,963,173,5812.8,435,237,118,14616.0,7963.2,3964.8,0.371883250121027,0.545719661866315,0.31,7,2.07,244.26,478.96,-3326.64,-1812.45,82.43,0.1796469366562824,0.4517133956386293,0.2461059190031152,0.122533748701973,32356.8,-4577.7
Kebabs/Mediterranean,25331,Souvlaki Grill,Full-service,North Shore,1.03,39.06,579,88,3437.28,270,147,74,10546.2,5741.82,2890.44,0.384023830154911,0.486284907977097,0.3,18,5.31,392.94,445.79,-1796.11,-977.88,-18.08,0.1519861830742659,0.466321243523316,0.2538860103626943,0.1278065630397236,22615.74,-2346.2799999999997
Kebabs/Mediterranean,25893,Greek Cafe,Full-service,West Auckland,1.04,41.6,1471,255,10608.0,669,365,182,27830.4,15184.0,7571.2,0.376654151978437,0.451380671747029,0.33,11,3.25,591.5,1824.21,-4398.17,-2399.6,710.48,0.1733514615907546,0.4547926580557443,0.248130523453433,0.1237253569000679,61193.6,-4263.08
Kebabs/Mediterranean,25704,Spice Bistro,Full-service,West Auckland,1.04,38.81,1556,237,9197.97,725,396,198,28137.25,15368.76,7684.38,0.395055399031844,0.50886247237213,0.27,6,1.77,350.46,883.76,-4893.57,-2672.9,387.87,0.1523136246786632,0.4659383033419023,0.2544987146529563,0.1272493573264781,60388.36,-6294.839999999999
Kebabs/Mediterranean,26626,Ottoman Bistro,Full-service,CBD,0.99,35.08,1486,247,8664.76,681,372,186,23889.48,13049.76,6524.88,0.372619958070572,0.481398151279427,0.3,8,2.36,438.96,1264.9,-3679.41,-2009.9,513.55,0.1662180349932705,0.4582772543741588,0.2503364737550471,0.1251682368775235,52128.88,-3910.8599999999997
Kebabs/Mediterranean,25470,Greek House,Full-service,South Auckland,1.05,38.28,1920,371,14201.88,852,465,232,32614.56,17800.2,8880.96,0.399825813563075,0.504695398081094,0.3,16,4.72,1095.04,1355.98,-6670.37,-3640.52,-247.1,0.1932291666666666,0.44375,0.2421875,0.1208333333333333,73497.6,-9202.01
Kebabs/Mediterranean,25834,Mediterranean House,Full-service,South Auckland,1.05,40.78,657,151,6157.78,278,152,76,11336.84,6198.56,3099.28,0.397486199683044,0.493230695067905,0.32,10,2.95,224.2,672.94,-2388.86,-1306.14,114.5,0.2298325722983257,0.4231354642313546,0.2313546423135464,0.1156773211567732,26792.46,-2907.5600000000004
Kebabs/Mediterranean,25903,Souvlaki Kitchen,Full-service,South Auckland,1.05,32.9,714,128,4211.2,322,176,88,10593.8,5790.4,2895.2,0.390908956748899,0.513051022286527,0.28,16,4.72,415.36,404.44,-1948.84,-1065.2,-137.3,0.1792717086834734,0.4509803921568627,0.2464985994397759,0.1232492997198879,23490.600000000002,-2746.9
Kebabs/Mediterranean,26123,Mediterranean Cafe,Full-service,North Shore,1.03,34.34,1845,332,11400.88,832,454,227,28570.88,15590.36,7795.18,0.369473967689555,0.489278899366036,0.32,13,3.84,871.68,1610.34,-5107.13,-2786.82,229.37,0.1799457994579945,0.4509485094850948,0.246070460704607,0.1230352303523035,63357.3,-6054.240000000001
Kebabs/Mediterranean,26334,Ottoman Bistro,Full-service,West Auckland,1.04,37.32,1299,179,6680.28,616,336,168,22989.12,12539.52,6269.76,0.397531598329078,0.52718163842801,0.32,17,5.02,843.36,502.94,-5625.74,-3068.59,-371.33,0.1377983063895304,0.4742109314857582,0.2586605080831409,0.1293302540415704,48478.68,-8562.720000000001
Kebabs/Mediterranean,26411,Spice Bistro,Full-service,North Shore,1.03,31.34,748,124,3886.16,343,187,94,10749.62,5860.58,2945.96,0.391423791169655,0.479758920124732,0.29,12,3.54,332.76,500.6,-1732.65,-944.62,46.73,0.1657754010695187,0.4585561497326203,0.25,0.1256684491978609,23442.32,-2129.94
Kebabs/Mediterranean,25084,Spice Bistro,Full-service,West Auckland,1.04,32.92,1840,391,12871.72,797,435,217,26237.24,14320.2,7143.64,0.373599658056628,0.513019679486752,0.32,14,4.13,896.21,1459.4,-5421.12,-2958.83,-86.26,0.2125,0.4331521739130435,0.2364130434782608,0.1179347826086956,60572.8,-7006.8099999999995
Kebabs/Mediterranean,25450,Spice Eatery,Full-service,North Shore,1.03,37.3,1827,410,15293.0,779,425,213,29056.7,15852.5,7944.9,0.354963585932273,0.480075407074764,0.31,7,2.07,440.91,2522.75,-4214.35,-2299.23,869.69,0.2244116037219485,0.4263820470717022,0.2326217843459223,0.1165845648604269,68147.09999999999,-3121.1400000000003
Kebabs/Mediterranean,26016,Greek Bistro,Full-service,CBD,0.99,36.31,1353,253,9186.43,605,330,165,21967.55,11982.3,5991.15,0.374968182994053,0.519868462905288,0.31,6,1.77,292.05,966.08,-4499.76,-2454.41,338.0,0.1869918699186991,0.4471544715447154,0.2439024390243902,0.1219512195121951,49127.43,-5650.09
Kebabs/Mediterranean,26437,Souvlaki Eatery,Full-service,CBD,0.99,44.03,1489,316,13913.48,645,352,176,28399.35,15498.56,7749.28,0.390991957182996,0.452206422062591,0.31,13,3.84,675.84,2181.66,-4350.73,-2374.35,539.26,0.2122229684351914,0.4331766286098052,0.2364002686366689,0.1182001343183344,65560.67,-4004.16
Kebabs/Mediterranean,26549,Greek Diner,Full-service,North Shore,1.03,40.97,1475,322,13192.34,634,346,173,25974.98,14175.62,7087.81,0.388467159692664,0.459206325793639,0.3,16,4.72,816.56,2009.54,-3835.82,-2093.36,263.1,0.2183050847457627,0.4298305084745762,0.2345762711864406,0.1172881355932203,60430.75,-3656.5400000000004
Kebabs/Mediterranean,25883,Greek Cafe,Full-service,West Auckland,1.04,33.35,513,89,2968.15,233,127,64,7770.55,4235.45,2134.4,0.368076554767322,0.464466112712398,0.27,5,1.48,94.72,497.04,-796.81,-434.31,262.7,0.1734892787524366,0.4541910331384015,0.2475633528265107,0.124756335282651,17108.550000000003,-471.37999999999994
Kebabs/Mediterranean,26041,Greek Tavern,Full-service,CBD,0.99,36.6,1297,283,10357.8,558,304,152,20422.8,11126.4,5563.2,0.383930154866539,0.525889388471842,0.29,7,2.07,314.64,934.07,-4080.87,-2223.27,187.05,0.2181958365458751,0.4302235929067078,0.2343870470316114,0.1171935235158057,47470.2,-5183.0199999999995
Kebabs/Mediterranean,25065,Souvlaki Tavern,Full-service,South Auckland,1.05,41.52,641,140,5812.8,276,150,75,11459.52,6228.0,3114.0,0.384166609868407,0.464036545413546,0.29,5,1.48,111.0,882.36,-1583.74,-860.73,361.7,0.2184087363494539,0.4305772230889235,0.2340093603744149,0.1170046801872074,26614.32,-1200.41
Kebabs/Mediterranean,25447,Souvlaki Tavern,Full-service,North Shore,1.03,37.88,1683,303,11477.64,759,414,207,28750.92,15682.32,7841.16,0.367748347355518,0.525368609069847,0.33,18,5.31,1099.17,1226.77,-6414.82,-3498.99,-261.08,0.1800356506238859,0.4509803921568627,0.2459893048128342,0.1229946524064171,63752.03999999999,-8948.119999999999
Kebabs/Mediterranean,25638,Souvlaki Bistro,Full-service,South Auckland,1.05,41.18,1305,244,10047.92,584,318,159,24049.12,13095.24,6547.62,0.385848688555416,0.517105757305399,0.31,9,2.66,422.94,975.11,-5121.37,-2788.69,212.48,0.1869731800766283,0.4475095785440613,0.2436781609195402,0.1218390804597701,53739.9,-6722.470000000001
Kebabs/Mediterranean,25384,Spice Grill,Full-service,West Auckland,1.04,40.74,1142,228,9288.72,503,274,137,20492.22,11162.76,5581.38,0.352449277031701,0.531841292907484,0.28,16,4.72,646.64,1074.79,-3366.68,-1833.94,-0.82,0.1996497373029772,0.4404553415061296,0.2399299474605954,0.1199649737302977,46525.08,-4126.65
Kebabs/Mediterranean,25611,Souvlaki Corner,Full-service,West Auckland,1.04,35.8,771,144,5155.2,345,188,94,12351.0,6730.4,3365.2,0.378435775113758,0.509364750841632,0.29,16,4.72,443.68,578.41,-2196.01,-1196.67,-66.11,0.1867704280155642,0.4474708171206226,0.2438391699092088,0.1219195849546044,27601.8,-2880.3800000000006
Kebabs/Mediterranean,26338,Greek Diner,Full-service,CBD,0.99,34.18,1498,309,10561.62,654,357,178,22353.72,12202.26,6084.04,0.360528337280266,0.53881488875486,0.3,14,4.13,735.14,1063.1,-4456.06,-2432.44,-122.74,0.2062750333778371,0.4365821094793057,0.2383177570093458,0.1188251001335113,51201.64000000001,-5948.14
Kebabs/Mediterranean,25692,Greek Grill,Full-service,North Shore,1.03,38.68,1742,381,14737.08,749,408,204,28971.32,15781.44,7890.72,0.389718009717762,0.534242850425653,0.3,12,3.54,722.16,1120.59,-6488.44,-3534.42,-122.16,0.2187141216991963,0.4299655568312284,0.2342135476463834,0.1171067738231917,67380.56,-9024.43
Kebabs/Mediterranean,25303,Ottoman Tavern,Full-service,CBD,0.99,37.81,1046,159,6011.79,488,266,133,18451.28,10057.46,5028.73,0.370080332399812,0.466449171002023,0.3,6,1.77,235.41,982.75,-2519.14,-1373.14,586.64,0.1520076481835564,0.4665391969407266,0.254302103250478,0.127151051625239,39549.259999999995,-2322.89
Kebabs/Mediterranean,26431,Spice Corner,Full-service,West Auckland,1.04,34.12,1357,197,6721.64,638,348,174,21768.56,11873.76,5936.88,0.385203610151075,0.470712219574489,0.3,8,2.36,410.64,968.48,-3394.06,-1851.31,444.77,0.1451731761238025,0.4701547531319086,0.2564480471628592,0.1282240235814296,46300.84,-3832.1199999999994
Kebabs/Mediterranean,25568,Greek Corner,Full-service,West Auckland,1.04,31.98,1032,172,5500.56,473,258,129,15126.54,8250.84,4125.42,0.356301359925419,0.467378633026965,0.29,10,2.95,380.55,969.86,-1719.58,-937.96,346.84,0.1666666666666666,0.4583333333333333,0.25,0.125,33003.36,-1340.84
Kebabs/Mediterranean,25880,Spice Diner,Full-service,West Auckland,1.04,35.91,1569,343,12317.13,674,368,184,24203.34,13214.88,6607.44,0.351554542139638,0.533320125006139,0.29,10,2.95,542.8,1418.01,-4232.55,-2310.95,217.88,0.218610579987253,0.4295729764181007,0.2345442957297641,0.117272147864882,56342.79,-4907.61
Kebabs/Mediterranean,26250,Souvlaki Cafe,Full-service,North Shore,1.03,46.15,1328,282,13014.3,575,314,157,26536.25,14491.1,7245.55,0.396782761567738,0.455687405145727,0.31,5,1.48,232.36,1920.0,-4311.35,-2354.37,836.57,0.2123493975903614,0.4329819277108434,0.2364457831325301,0.118222891566265,61287.200000000004,-3909.15
Kebabs/Mediterranean,25360,Ottoman Kitchen,Full-service,CBD,0.99,35.42,1344,251,8890.42,601,328,164,21287.42,11617.76,5808.88,0.356388753640931,0.497181930672377,0.27,11,3.25,533.0,1301.82,-2630.5,-1435.61,317.59,0.1867559523809523,0.447172619047619,0.244047619047619,0.1220238095238095,47604.479999999996,-2446.7
Kebabs/Mediterranean,25475,Ottoman Eatery,Full-service,South Auckland,1.05,32.63,556,96,3132.48,253,138,69,8255.39,4502.94,2251.47,0.357650327438023,0.46010667392984,0.29,13,3.84,264.96,570.87,-889.58,-485.22,145.35,0.1726618705035971,0.4550359712230216,0.2482014388489208,0.1241007194244604,18142.28,-658.58
Pizza,26112,Lucky Pizza Grill,Full-service,South Auckland,1.05,38.94,1136,352,13706.88,274,157,353,10669.56,6113.58,13745.82,0.395483180938754,0.512464524642564,0.3,12,3.54,1249.62,1261.75,-2218.71,-1271.3,15.71,0.3098591549295774,0.2411971830985915,0.1382042253521127,0.3107394366197183,44235.84,-2212.55
Pizza,25780,Lucky Pizza Eatery,Full-service,West Auckland,1.04,32.31,1698,602,19450.62,384,219,493,12407.04,7075.89,15928.83,0.37472741433885,0.536548694083467,0.31,12,3.54,1745.22,1725.73,-2745.38,-1565.73,-331.95,0.3545347467608952,0.2261484098939929,0.1289752650176678,0.290341578327444,54862.380000000005,-2917.33
Pizza,25373,Top Pizza Tavern,Full-service,CBD,0.99,37.38,1251,422,15774.36,290,166,373,10840.2,6205.08,13942.74,0.391263067803811,0.527080510440283,0.28,13,3.84,1432.32,1288.08,-2150.08,-1230.74,-293.81,0.3373301358912869,0.2318145483613109,0.1326938449240607,0.2981614708233413,46762.38,-2386.5499999999997
Pizza,25025,Top Pizza Grill,Full-service,North Shore,1.03,31.92,1930,510,16279.2,497,284,639,15864.24,9065.28,20396.88,0.390945377526805,0.534093063115142,0.3,12,3.54,2262.06,1220.31,-3570.06,-2040.04,-733.08,0.2642487046632124,0.2575129533678756,0.1471502590673575,0.3310880829015544,61605.600000000006,-5122.87
Pizza,25092,Top Pizza Grill,Full-service,CBD,0.99,38.56,1452,392,15115.52,371,212,477,14305.76,8174.72,18393.12,0.368413513898849,0.490756772225723,0.3,12,3.54,1688.58,2128.71,-2277.05,-1301.17,901.72,0.2699724517906336,0.2555096418732782,0.1460055096418732,0.3285123966942149,55989.119999999995,-547.7900000000002
Pizza,25094,Urban Pizza Tavern,Full-service,CBD,0.99,35.58,1372,457,16260.06,320,183,412,11385.6,6511.14,14658.96,0.392297586519271,0.478353368979879,0.31,11,3.25,1339.0,2103.22,-2056.82,-1176.24,557.12,0.3330903790087463,0.2332361516034985,0.1333819241982507,0.3002915451895043,48815.76,-572.7200000000004
Pizza,26505,Classic Pizza Cafe,Full-service,South Auckland,1.05,40.96,1414,418,17121.28,349,199,448,14295.04,8151.04,18350.08,0.369314089196268,0.513505963794887,0.27,8,2.36,1057.28,2006.27,-2184.57,-1245.64,1092.98,0.2956152758132956,0.2468175388967468,0.1407355021216407,0.3168316831683168,57917.44,-330.96000000000026
Pizza,25244,Urban Pizza Cafe,Full-service,North Shore,1.03,35.17,761,221,7772.57,189,108,243,6647.13,3798.36,8546.31,0.38773919926025,0.496896873624064,0.28,9,2.66,646.38,896.67,-1094.36,-625.35,339.56,0.290407358738502,0.2483574244415243,0.1419185282522996,0.3193166885676741,26764.370000000003,-483.47999999999996
Pizza,26007,Classic Pizza Tavern,Full-service,North Shore,1.03,34.82,2201,672,23399.04,535,306,688,18628.7,10654.92,23956.16,0.353792431158945,0.525969896628521,0.31,18,5.31,3653.28,2813.45,-3535.03,-2021.9,-772.85,0.3053157655611085,0.2430713312130849,0.1390277146751476,0.3125851885506588,76638.82,-3516.3300000000004
Pizza,26061,Lucky Pizza Cafe,Full-service,North Shore,1.03,44.18,614,172,7598.96,155,88,199,6847.9,3887.84,8791.82,0.355922215222381,0.542598887695931,0.32,11,3.25,646.75,771.13,-1496.41,-849.58,245.43,0.2801302931596091,0.252442996742671,0.1433224755700325,0.3241042345276873,27126.52,-1329.43
Pizza,25134,Classic Pizza Diner,Full-service,CBD,0.99,36.51,789,229,8360.79,196,112,252,7155.96,4089.12,9200.52,0.388490514829755,0.496481690066867,0.29,13,3.84,967.68,961.72,-1252.09,-715.48,90.64,0.2902408111533587,0.2484157160963244,0.1419518377693282,0.3193916349809886,28806.39,-915.2099999999999
Pizza,25500,Classic Pizza House,Full-service,North Shore,1.03,40.3,655,206,8301.8,157,90,202,6327.1,3627.0,8140.6,0.389053661760408,0.484122679312713,0.32,17,5.02,1014.04,1052.86,-1222.25,-700.65,18.38,0.3145038167938931,0.2396946564885496,0.1374045801526717,0.3083969465648855,26396.5,-851.6600000000001
Pizza,25002,Top Pizza Bistro,Full-service,South Auckland,1.05,44.02,1092,317,13954.34,271,155,349,11929.42,6823.1,15362.98,0.38263408173807,0.492995391390286,0.32,13,3.84,1340.16,1735.51,-2333.75,-1334.8,570.54,0.2902930402930403,0.2481684981684981,0.1419413919413919,0.3195970695970695,48069.84,-1362.5
Pizza,25137,Classic Pizza Diner,Full-service,CBD,0.99,36.9,1554,474,17490.6,378,216,486,13948.2,7970.4,17933.4,0.396293201216031,0.549098631180823,0.31,9,2.66,1292.76,955.13,-3562.26,-2035.58,-313.45,0.305019305019305,0.2432432432432432,0.138996138996139,0.3127413127413127,57342.6,-4956.16
Pizza,25022,Lucky Pizza Diner,Full-service,West Auckland,1.04,46.04,1706,512,23572.48,418,239,537,19244.72,11003.56,24723.48,0.375633057544474,0.536289412644692,0.31,15,4.43,2378.91,2076.21,-4270.84,-2441.94,-201.33,0.3001172332942555,0.2450175849941383,0.1400937866354044,0.3147713950762016,78544.23999999999,-4837.9
Pizza,26358,Classic Pizza Cafe,Full-service,North Shore,1.03,31.46,1389,431,13559.26,335,192,431,10539.1,6040.32,13559.26,0.352690543734934,0.524665215029381,0.32,7,2.07,892.17,1662.97,-2079.95,-1192.09,770.8,0.3102951763858891,0.2411807055435565,0.1382289416846652,0.3102951763858891,43697.94,-838.2699999999998
Pizza,25407,King Pizza Kitchen,Full-service,South Auckland,1.05,33.45,638,207,6924.15,151,86,194,5050.95,2876.7,6489.3,0.371235732606147,0.526855571987107,0.27,15,4.43,859.42,705.63,-849.02,-483.55,-198.1,0.3244514106583072,0.2366771159874608,0.1347962382445141,0.3040752351097178,21341.1,-825.0400000000001
Pizza,25163,King Pizza Grill,Full-service,CBD,0.99,32.14,1958,518,16648.52,504,288,648,16198.56,9256.32,20826.72,0.383340088708792,0.498660931340419,0.27,12,3.54,2293.92,1964.51,-2462.2,-1406.97,163.61,0.264555669050051,0.2574055158324821,0.1470888661899898,0.330949948927477,62930.12,-1741.0499999999997
Pizza,26542,Classic Pizza Kitchen,Full-service,South Auckland,1.05,35.4,758,216,7646.4,190,108,244,6726.0,3823.2,8637.6,0.379709643160459,0.538602243224159,0.32,16,4.72,1151.68,624.62,-1602.89,-911.11,-446.09,0.2849604221635884,0.2506596306068601,0.1424802110817942,0.3218997361477572,26833.199999999997,-2335.4700000000003
Pizza,25173,Urban Pizza Kitchen,Full-service,South Auckland,1.05,46.48,1243,414,19242.72,290,166,373,13479.2,7715.68,17337.04,0.374779671861324,0.510911426413804,0.31,11,3.25,1212.25,2199.61,-2637.76,-1509.89,769.53,0.333065164923572,0.2333065164923572,0.1335478680611424,0.3000804505229284,57774.64000000001,-1178.5100000000002
Pizza,25701,Lucky Pizza Eatery,Full-service,North Shore,1.03,39.54,1766,486,19216.44,448,256,576,17713.92,10122.24,22775.04,0.360499115020502,0.497611039830372,0.32,11,3.25,1872.0,2726.62,-3155.03,-1802.87,1359.55,0.2751981879954699,0.2536806342015855,0.144960362400906,0.3261608154020385,69827.64,-871.7300000000002
Pizza,25825,Urban Pizza Tavern,Full-service,North Shore,1.03,45.63,1933,562,25644.06,480,274,617,21902.4,12502.62,28153.71,0.388536868034862,0.507756361970678,0.29,11,3.25,2005.25,2659.46,-4080.27,-2329.15,914.48,0.2907397827211588,0.2483186756337299,0.1417485773409208,0.3191929643041903,88202.79000000001,-2835.48
Pizza,25878,Classic Pizza Cafe,Full-service,South Auckland,1.05,43.16,1772,469,20242.04,456,261,586,19680.96,11264.76,25291.76,0.37272185847396,0.544081088365056,0.3,7,2.07,1213.02,1684.08,-4266.89,-2442.23,891.18,0.2646726862302483,0.2573363431151241,0.1472911963882618,0.3306997742663657,76479.52,-4133.860000000001
Pizza,25357,Classic Pizza Tavern,Full-service,CBD,0.99,30.21,1163,314,9485.94,297,170,382,8972.37,5135.7,11540.22,0.397544511745218,0.521062245243229,0.28,12,3.54,1352.28,772.09,-1781.97,-1019.98,-412.98,0.2699914015477214,0.2553740326741187,0.1461736887360275,0.3284608770421324,35134.23,-2442.84
Pizza,26005,Top Pizza Cafe,Full-service,South Auckland,1.05,43.39,729,243,10543.77,170,97,219,7376.3,4208.83,9502.41,0.372089598258026,0.50658833917696,0.28,10,2.95,646.05,1279.19,-1170.46,-667.85,506.8,0.3333333333333333,0.233196159122085,0.1330589849108367,0.3004115226337449,31631.31,-52.31999999999999
Pizza,25646,Top Pizza Kitchen,Full-service,West Auckland,1.04,39.04,956,287,11204.48,234,134,301,9135.36,5231.36,11751.04,0.357817518303636,0.527648157556541,0.3,5,1.48,445.48,1283.3,-1694.3,-970.24,900.42,0.3002092050209205,0.2447698744769874,0.1401673640167364,0.3148535564853556,37322.240000000005,-480.82000000000005
Pizza,26218,Lucky Pizza Bistro,Full-service,South Auckland,1.05,37.0,1193,322,11914.0,305,174,392,11285.0,6438.0,14504.0,0.36528065224411,0.468981651915237,0.32,17,5.02,1967.84,1974.6,-1740.85,-993.14,436.02,0.269907795473596,0.2556580050293378,0.1458507963118189,0.3285834031852472,44141.0,-323.37
Pizza,25656,Classic Pizza Cafe,Full-service,CBD,0.99,33.55,1917,548,18385.4,479,274,616,16070.45,9192.7,20666.8,0.391183318814728,0.468937352532521,0.33,8,2.36,1453.76,2571.74,-3055.32,-1747.72,1437.1,0.2858633281168492,0.2498695878977569,0.1429316640584246,0.3213354199269692,64315.350000000006,-794.2000000000003
Pizza,26185,Lucky Pizza Grill,Full-service,West Auckland,1.04,41.54,1614,418,17363.72,419,239,538,17405.26,9928.06,22348.52,0.374863436969463,0.524074592022225,0.32,13,3.84,2065.92,1754.81,-3810.67,-2173.63,192.67,0.2589838909541512,0.2596034696406443,0.1480793060718711,0.3333333333333333,67045.56,-4036.8199999999997
Pizza,26025,Urban Pizza Grill,Full-service,West Auckland,1.04,37.75,1344,410,15477.5,327,187,420,12344.25,7059.25,15855.0,0.398564619501121,0.466798003553413,0.27,17,5.02,2108.4,2083.85,-1670.95,-955.56,26.28,0.3050595238095238,0.2433035714285714,0.1391369047619047,0.3125,50736.0,-516.3800000000001
Pizza,26194,Classic Pizza Cafe,Full-service,North Shore,1.03,39.04,1801,631,24634.24,410,234,526,16006.4,9135.36,20535.04,0.392636619391851,0.51446183193475,0.28,17,5.02,2640.52,2288.56,-2994.77,-1709.21,-732.78,0.3503609106052193,0.2276513048306496,0.1299278178789561,0.2920599666851749,70311.04000000001,-3148.2
Pizza,25924,King Pizza Corner,Full-service,North Shore,1.03,37.23,1287,423,15748.29,302,173,389,11243.46,6440.79,14482.47,0.39681792834308,0.530299017811194,0.27,16,4.72,1836.08,1147.78,-2216.28,-1269.59,-780.55,0.3286713286713286,0.2346542346542346,0.1344211344211344,0.3022533022533022,47915.01,-3118.6400000000003
Pizza,26091,King Pizza Grill,Full-service,CBD,0.99,35.31,1086,357,12605.67,255,146,328,9004.05,5155.26,11581.68,0.39497821269324,0.501995989563875,0.32,12,3.54,1161.12,1298.71,-1953.65,-1118.56,32.09,0.3287292817679558,0.2348066298342541,0.1344383057090239,0.3020257826887661,38346.66,-1741.41
Pizza,26631,Lucky Pizza Corner,Full-service,West Auckland,1.04,38.6,1471,449,17331.4,358,204,460,13818.8,7874.4,17756.0,0.352456971432548,0.523055132175796,0.3,17,5.02,2309.2,2157.55,-2425.37,-1382.05,-98.79,0.3052345343303875,0.2433718558803535,0.1386811692726036,0.3127124405166553,56780.6,-1748.6599999999996
Pizza,26661,Classic Pizza Kitchen,Full-service,South Auckland,1.05,42.96,1800,600,25776.0,420,240,540,18043.2,10310.4,23198.4,0.365962668543216,0.532778966287151,0.28,14,4.13,2230.2,2610.04,-3225.07,-1842.9,118.83,0.3333333333333333,0.2333333333333333,0.1333333333333333,0.3,77328.0,-2339.1000000000004
Pizza,26446,Urban Pizza Kitchen,Full-service,West Auckland,1.04,37.32,1324,364,13584.48,336,192,432,12539.52,7165.44,16122.24,0.366639859124552,0.52360003029462,0.28,14,4.13,1784.16,1491.03,-2134.73,-1219.84,-14.58,0.2749244712990936,0.2537764350453172,0.1450151057401812,0.3262839879154078,49411.68,-1878.12
Pizza,26098,Classic Pizza Grill,Full-service,CBD,0.99,42.03,1375,439,18451.17,328,187,421,13785.84,7859.61,17694.63,0.373272623040248,0.517080233967863,0.33,13,3.84,1616.64,2023.12,-3037.75,-1731.89,323.53,0.3192727272727272,0.2385454545454545,0.136,0.3061818181818181,57791.25,-2422.9900000000007
Pizza,26599,Lucky Pizza Cafe,Full-service,CBD,0.99,35.67,2087,627,22365.09,511,292,657,18227.37,10415.64,23435.19,0.355992887588218,0.526625352073461,0.3,12,3.54,2325.78,2625.25,-3328.65,-1902.09,425.08,0.3004312410158121,0.2448490656444657,0.1399137517968375,0.3148059415428845,74443.29,-2180.41
Pizza,25317,King Pizza Cafe,Full-service,West Auckland,1.04,34.87,1919,528,18411.36,487,278,626,16981.69,9693.86,21828.62,0.37993001366267,0.527670207573101,0.3,6,1.77,1108.02,1701.21,-3525.4,-2012.45,908.94,0.2751433038040646,0.2537780093798853,0.1448671182907764,0.3262115685252735,66915.53,-2927.7000000000003
Pizza,26184,Urban Pizza House,Full-service,South Auckland,1.05,43.67,1837,628,27424.76,423,242,544,18472.41,10568.14,23756.48,0.397812514577527,0.54213472539559,0.29,15,4.43,2409.92,1646.93,-4247.68,-2430.11,-983.28,0.341861731083288,0.2302667392487751,0.1317365269461078,0.2961350027218291,80221.79,-6014.14
Pizza,26484,King Pizza Diner,Full-service,West Auckland,1.04,37.47,1106,321,12027.87,275,157,353,10304.25,5882.79,13226.91,0.391800410626456,0.495386693300679,0.33,4,1.18,416.54,1356.9,-2237.95,-1277.67,1075.63,0.2902350813743218,0.2486437613019891,0.1419529837251356,0.3191681735985534,41441.82000000001,-1083.0899999999997
Pizza,26085,King Pizza Eatery,Full-service,West Auckland,1.04,42.38,1695,484,20511.92,424,242,545,17969.12,10255.96,23097.1,0.365433915355243,0.508302148850635,0.31,11,3.25,1771.25,2589.92,-3301.58,-1884.39,1145.08,0.2855457227138643,0.2501474926253687,0.1427728613569321,0.3215339233038348,71834.09999999999,-1450.9700000000003
Pizza,25810,Classic Pizza Grill,Full-service,CBD,0.99,30.33,1639,468,14194.44,410,234,527,12435.3,7097.22,15983.91,0.373194335575681,0.454851466068067,0.32,17,5.02,2645.54,2440.79,-1840.99,-1050.71,102.96,0.2855399633923124,0.2501525320317266,0.1427699816961562,0.3215375228798047,49710.869999999995,-347.9500000000001
Pizza,26529,Classic Pizza Cafe,Full-service,South Auckland,1.05,44.3,1393,488,21618.4,317,181,407,14043.1,8018.3,18030.1,0.384137317724526,0.500554657983594,0.3,16,4.72,1921.04,2492.77,-2593.65,-1480.92,157.98,0.3503230437903805,0.2275664034458004,0.1299353912419239,0.2921751615218952,61709.9,-1423.8200000000002
Thai,25608,Red Corner,Full-service,West Auckland,1.04,43.86,1689,369,16184.34,660,396,264,28947.6,17368.56,11579.04,0.381053506885655,0.492331564100459,0.31,13,3.84,1013.76,2049.18,-5308.56,-3185.13,452.32,0.2184724689165186,0.3907637655417407,0.2344582593250444,0.1563055062166962,74079.54000000001,-5992.1900000000005
Thai,25896,Golden Eatery,Full-service,North Shore,1.03,35.01,1493,308,10783.08,592,356,237,20725.92,12463.56,8297.37,0.389836396742612,0.512049130955711,0.32,10,2.95,699.15,1057.98,-4598.78,-2765.48,114.94,0.2062960482250502,0.3965170797052914,0.2384460817146684,0.1587407903549899,52269.93,-6191.34
Thai,25900,Golden Kitchen,Full-service,CBD,0.99,42.08,1095,204,8584.32,446,267,178,18767.68,11235.36,7490.24,0.392105521680787,0.485890758875758,0.33,16,4.72,840.16,1047.32,-3903.61,-2336.91,73.68,0.1863013698630137,0.4073059360730593,0.2438356164383561,0.1625570776255707,46077.6,-5119.5199999999995
Thai,26439,Sakura Kitchen,Full-service,CBD,0.99,36.1,782,151,5451.1,316,189,126,11407.6,6822.9,4548.6,0.379704358952586,0.4604658766184,0.33,17,5.02,632.52,871.25,-1941.23,-1161.05,94.48,0.1930946291560102,0.4040920716112532,0.2416879795396419,0.1611253196930946,28230.199999999997,-2136.5499999999997
Thai,25073,Dragon Bistro,Full-service,CBD,0.99,40.23,649,103,4143.69,273,164,109,10982.79,6597.72,4385.07,0.385292206250597,0.516773813543841,0.31,13,3.84,418.56,405.81,-2329.08,-1399.15,10.89,0.1587057010785824,0.4206471494607088,0.2526964560862866,0.1679506933744222,26109.27,-3311.53
Thai,26052,Golden Grill,Full-service,CBD,0.99,35.37,982,202,7144.74,390,234,156,13794.3,8276.58,5517.72,0.355087154521607,0.521680672629736,0.27,18,5.31,828.36,880.46,-2024.56,-1214.74,-148.4,0.2057026476578411,0.3971486761710794,0.2382892057026476,0.1588594704684317,34733.340000000004,-2507.2400000000002
Thai,25651,Sakura House,Full-service,South Auckland,1.05,37.9,1714,385,14591.5,664,399,266,25165.6,15122.1,10081.4,0.378311446553562,0.536643758160062,0.3,16,4.72,1255.52,1240.93,-5409.48,-3250.57,-398.15,0.2246207701283547,0.3873978996499416,0.2327887981330221,0.1551925320886814,64960.6,-7817.269999999999
Thai,25412,Red Diner,Full-service,CBD,0.99,31.91,1132,188,5999.08,472,283,189,15061.52,9030.53,6030.99,0.360180454456713,0.494264544453472,0.32,14,4.13,780.57,873.2,-2627.41,-1575.33,97.27,0.166077738515901,0.4169611307420495,0.25,0.1669611307420494,36122.119999999995,-3232.27
Thai,26060,Dragon Grill,Full-service,West Auckland,1.04,34.19,617,111,3795.09,253,152,101,8650.07,5196.88,3453.19,0.372022026230115,0.478175587556325,0.32,17,5.02,507.02,568.51,-1472.22,-884.5,10.28,0.179902755267423,0.4100486223662885,0.246353322528363,0.1636952998379254,21095.23,-1777.93
Thai,25782,Lotus House,Full-service,South Auckland,1.05,43.51,1123,163,7092.13,480,288,192,20884.8,12530.88,8353.92,0.358453105599619,0.468209247034974,0.27,14,4.13,792.96,1229.33,-2018.77,-1211.26,655.09,0.145146927871772,0.4274265360641139,0.2564559216384683,0.1709706144256456,48861.729999999996,-1345.6100000000001
Thai,25426,Golden Tavern,Full-service,South Auckland,1.05,33.36,1187,229,7639.44,479,287,192,15979.44,9574.32,6405.12,0.38310458236374,0.474600998777896,0.27,3,0.89,170.88,1087.05,-2040.66,-1222.69,740.53,0.1929233361415332,0.4035383319292334,0.2417860151642797,0.1617523167649536,39598.32,-1435.7700000000002
Thai,25606,Sakura Cafe,Full-service,CBD,0.99,34.87,1181,299,10426.13,441,265,176,15377.67,9240.55,6137.12,0.394711547996849,0.517918030405417,0.31,15,4.43,779.68,910.94,-3423.52,-2057.22,-243.48,0.2531752751905165,0.3734123624047417,0.2243861134631668,0.1490262489415749,41181.47,-4813.279999999999
Thai,26647,Dragon Grill,Full-service,South Auckland,1.05,38.63,1685,257,9927.91,714,428,286,27581.82,16533.64,11048.18,0.392217968113255,0.525533310719766,0.28,10,2.95,843.7,816.56,-5454.34,-3269.55,65.0,0.1525222551928783,0.4237388724035608,0.2540059347181009,0.1697329376854599,65091.549999999996,-7842.330000000001
Thai,25313,Lotus Diner,Full-service,CBD,0.99,36.98,1561,387,14311.26,587,352,235,21707.26,13016.96,8690.3,0.350269815477077,0.54885011499282,0.33,5,1.48,347.8,1443.72,-4973.57,-2982.44,528.88,0.2479180012812299,0.376040999359385,0.2254964766175528,0.1505445227418321,57725.78,-5983.409999999999
Thai,25921,Red Bistro,Full-service,CBD,0.99,33.68,1135,219,7375.92,458,275,183,15425.44,9262.0,6163.44,0.358628504048102,0.451201858278364,0.31,10,2.95,539.85,1402.68,-1848.44,-1109.87,632.25,0.1929515418502202,0.4035242290748899,0.2422907488986784,0.1612334801762114,38226.8,-923.3799999999999
Thai,25842,Lotus Tavern,Full-service,West Auckland,1.04,38.56,1900,438,16889.28,731,439,292,28187.36,16927.84,11259.52,0.389111204701476,0.543804642232135,0.3,7,2.07,604.44,1133.0,-6565.28,-3942.76,150.9,0.2305263157894737,0.3847368421052631,0.2310526315789473,0.1536842105263157,73264.0,-9224.140000000001
Thai,25198,Dragon Cafe,Full-service,North Shore,1.03,40.46,1850,370,14970.2,740,444,296,29940.4,17964.24,11976.16,0.386763494659681,0.459050244092941,0.29,7,2.07,612.72,2308.2,-4066.32,-2439.79,1233.84,0.2,0.4,0.24,0.16,74851.00000000001,-2964.0699999999997
Thai,25214,Lotus Tavern,Full-service,North Shore,1.03,37.89,1320,304,11518.56,508,305,203,19248.12,11556.45,7691.67,0.380722508241888,0.533049141638912,0.31,4,1.18,239.54,993.23,-4307.18,-2586.01,423.7,0.2303030303030303,0.3848484848484848,0.231060606060606,0.1537878787878787,50014.8,-5476.260000000001
Thai,25338,Dragon Bistro,Full-service,North Shore,1.03,46.08,1209,293,13501.44,458,275,183,21104.64,12672.0,8432.64,0.361146417004056,0.466962073650211,0.32,3,0.89,162.87,2320.78,-3125.78,-1876.83,1286.63,0.2423490488006617,0.3788254755996691,0.227460711331679,0.1513647642679901,55710.72,-1395.1999999999998
Thai,25588,Sakura Bistro,Full-service,CBD,0.99,31.28,1317,319,9978.32,499,299,200,15608.72,9352.72,6256.0,0.37516425056383,0.50182822458446,0.32,15,4.43,886.0,1227.41,-3074.8,-1842.42,-116.46,0.2422171602126044,0.3788914198936978,0.2270311313591496,0.1518602885345482,41195.76,-3806.2700000000004
Thai,25723,Lotus Diner,Full-service,West Auckland,1.04,35.54,1278,247,8778.38,516,309,206,18338.64,10981.86,7321.24,0.380787803209387,0.522619983111508,0.28,15,4.43,912.58,847.92,-3363.45,-2014.16,-205.41,0.1932707355242566,0.4037558685446009,0.2417840375586854,0.1611893583724569,45420.119999999995,-4735.099999999999
Thai,25565,Red Bistro,Full-service,CBD,0.99,40.18,629,113,4540.34,258,155,103,10366.44,6227.9,4138.54,0.384402006084565,0.475210898020305,0.3,13,3.84,395.52,637.41,-1654.62,-994.05,185.48,0.1796502384737678,0.410174880763116,0.246422893481717,0.163751987281399,25273.22,-1825.7799999999997
Thai,26413,Dragon Cafe,Full-service,North Shore,1.03,35.9,1185,229,8221.1,478,287,191,17160.2,10303.3,6856.9,0.390984164085239,0.477837195829488,0.33,5,1.48,282.68,1078.43,-3411.81,-2048.52,616.8,0.1932489451476793,0.4033755274261603,0.2421940928270042,0.1611814345991561,42541.50000000001,-3765.0999999999995
Thai,26396,Lotus House,Full-service,CBD,0.99,30.74,1746,433,13310.42,656,394,263,20165.44,12111.56,8084.62,0.38678893026663,0.52787255498115,0.32,11,3.25,854.75,1135.89,-4732.05,-2842.12,-164.82,0.2479954180985109,0.3757159221076747,0.2256586483390607,0.1506300114547537,53672.04,-6603.099999999999
Thai,26071,Golden Corner,Full-service,North Shore,1.03,40.31,1451,335,13503.85,558,335,223,22492.98,13503.85,8989.13,0.385566011711489,0.471848599566147,0.31,17,5.02,1119.46,1925.45,-3765.65,-2260.74,162.26,0.2308752584424535,0.3845623707787732,0.2308752584424535,0.1536871123363198,58489.81,-3938.6799999999994
Thai,25151,Sakura House,Full-service,CBD,0.99,43.54,754,178,7750.12,288,173,115,12539.52,7532.42,5007.1,0.382122564758174,0.49737748731859,0.31,12,3.54,407.1,933.89,-2376.24,-1427.39,196.26,0.2360742705570291,0.3819628647214854,0.2294429708222811,0.1525198938992042,32829.159999999996,-2673.4799999999996
Thai,25647,Sakura Kitchen,Full-service,West Auckland,1.04,36.37,1227,245,8910.65,491,295,196,17857.67,10729.15,7128.52,0.395507183438167,0.525198788824491,0.28,6,1.77,346.92,706.56,-3584.14,-2153.4,218.33,0.1996740016299918,0.4001629991850041,0.2404237978810106,0.1597392013039934,44625.990000000005,-4812.65
Thai,26388,Lotus Grill,Full-service,West Auckland,1.04,33.91,1284,186,6307.26,549,329,220,18616.59,11156.39,7460.2,0.36204373948276,0.524470240133815,0.28,15,4.43,974.6,715.79,-3099.92,-1857.69,-127.97,0.1448598130841121,0.4275700934579439,0.2562305295950156,0.1713395638629283,43540.439999999995,-4369.79
