CuisineType,RestaurantID,RestaurantName,Segment,Subregion,GrowthFactor,AOV,MonthlyOrders,InStoreOrders,InStoreRevenue,UberEatsOrders,DoorDashOrders,SelfDeliveryOrders,UberEatsRevenue,DoorDashRevenue,SelfDeliveryRevenue,COGSRate,OPEXRate,CommissionRate,DeliveryRadiusKM,DeliveryCostPerOrder,SD_DeliveryTotalCost,InStoreNetProfit,UberEatsNetProfit,DoorDashNetProfit,SelfDeliveryNetProfit,InStoreShare,UE_share,DD_share,SD_share,total_revenue,total_profit
Burgers,25731,Urban Burgers House,Cafe,North Shore,1.03,43.97,668,197,8662.09,212,118,141,9321.64,5188.46,6199.77,0.2087414306961,0.366171811125241,0.28,11,3.25,458.25,3682.14,1352.45,752.78,2177.19,0.2949101796407186,0.3173652694610778,0.1766467065868263,0.2110778443113772,29371.96,7964.5599999999995
Burgers,25123,Urban Burgers Diner,QSR,South Auckland,1.05,40.45,1388,259,10476.55,508,282,339,20548.6,11406.9,13712.55,0.248216602616012,0.407612904394045,0.28,16,4.72,1600.08,3605.72,1318.61,731.99,3119.38,0.1865994236311239,0.3659942363112392,0.2031700288184438,0.2442363112391931,56144.59999999999,8775.7
Burgers,25177,King Burgers Eatery,Cafe,West Auckland,1.04,40.03,1717,524,20975.72,537,298,358,21496.11,11928.94,14330.74,0.219687956366688,0.407931713876314,0.3,11,3.25,1163.5,7810.95,1555.9,863.42,4172.99,0.3051834595224228,0.3127548048922539,0.1735585323238206,0.2085032032615026,68731.51000000001,14403.26
Burgers,25540,Classic Burgers Tavern,QSR,North Shore,1.03,36.28,1083,216,7836.48,390,217,260,14149.2,7872.76,9432.8,0.237290996648371,0.437815106310882,0.33,3,0.89,231.4,2546.02,-72.25,-40.2,2833.26,0.1994459833795014,0.3601108033240997,0.2003693444136657,0.2400738688827331,39291.240000000005,5266.83
Burgers,25258,Lucky Burgers Bistro,Cafe,South Auckland,1.05,34.34,1230,261,8962.74,436,242,291,14972.24,8310.28,9992.94,0.221437567938119,0.433456663764082,0.33,9,2.66,774.06,3093.09,226.17,125.53,2674.56,0.2121951219512195,0.3544715447154472,0.1967479674796748,0.2365853658536585,42238.200000000004,6119.35
Burgers,26138,King Burgers Kitchen,QSR,North Shore,1.03,36.88,827,160,5900.8,300,167,200,11064.0,6158.96,7376.0,0.265131494924426,0.395680021704175,0.29,13,3.84,768.0,2001.48,544.22,302.95,1733.85,0.1934703748488512,0.3627569528415961,0.2019347037484885,0.2418379685610641,30499.76,4582.5
Burgers,25396,Urban Burgers Eatery,QSR,South Auckland,1.05,46.32,881,176,8152.32,317,176,212,14683.44,8152.32,9819.84,0.224100138861686,0.372992298309691,0.28,7,2.07,438.84,3284.63,1804.71,1001.98,3517.65,0.1997729852440408,0.3598183881952327,0.1997729852440408,0.2406356413166855,40807.92,9608.97
Burgers,25087,Urban Burgers Tavern,Ghost Kitchen,CBD,0.99,34.74,800,72,2501.28,328,182,218,11394.72,6322.68,7573.32,0.285647804650944,0.293128232413437,0.31,18,5.31,1157.58,1053.6,1267.37,703.23,2032.48,0.09,0.41,0.2275,0.2725,27792.0,5056.68
Burgers,25125,Classic Burgers Tavern,Cafe,CBD,0.99,32.79,612,152,4984.08,207,115,138,6787.53,3770.85,4525.02,0.279599561002105,0.3755833853269,0.3,8,2.36,325.68,1718.6,304.2,169.0,1234.62,0.2483660130718954,0.3382352941176471,0.1879084967320261,0.2254901960784313,20067.480000000003,3426.42
Burgers,25762,Lucky Burgers Cafe,QSR,South Auckland,1.05,36.07,572,128,4616.96,200,111,133,7214.0,4003.77,4797.31,0.22032218426466,0.43025645299349,0.27,11,3.25,432.25,1613.26,572.95,317.98,1244.03,0.2237762237762237,0.3496503496503496,0.194055944055944,0.2325174825174825,20632.04,3748.2200000000003
Burgers,25009,Lucky Burgers Eatery,Cafe,South Auckland,1.05,45.34,1036,274,12423.16,343,190,229,15551.62,8614.6,10382.86,0.267623493429273,0.392365170945413,0.31,13,3.84,879.36,4224.02,466.72,258.54,2650.93,0.2644787644787645,0.3310810810810811,0.1833976833976834,0.221042471042471,46972.24,7600.210000000001
Burgers,25107,King Burgers Eatery,Ghost Kitchen,CBD,0.99,42.53,953,62,2636.86,401,223,267,17054.53,9484.19,11355.51,0.260719021281693,0.292267443262972,0.29,10,2.95,787.65,1178.71,2677.79,1489.15,4288.42,0.0650577124868835,0.4207764952780692,0.2339979013641133,0.2801678908709339,40531.090000000004,9634.07
Burgers,25352,King Burgers Bistro,Ghost Kitchen,North Shore,1.03,31.83,1354,100,3183.0,564,314,376,17952.12,9994.62,11968.08,0.259987647132948,0.224010411184281,0.33,15,4.43,1665.68,1642.43,3339.13,1859.02,4509.87,0.0738552437223042,0.4165435745937961,0.2319054652880354,0.2776957163958641,43097.82,11350.45
Burgers,25255,Urban Burgers Diner,Cafe,North Shore,1.03,37.65,1511,302,11370.3,544,302,363,20481.6,11370.3,13666.95,0.210879622809589,0.369592107273638,0.28,16,4.72,1713.36,4770.16,2857.76,1586.48,4020.31,0.199867637326274,0.3600264725347452,0.199867637326274,0.2402382528127068,56889.149999999994,13234.71
Burgers,26270,Top Burgers Diner,Ghost Kitchen,CBD,0.99,42.95,1382,53,2276.35,598,332,399,25684.1,14259.4,17137.05,0.259372560633346,0.309947346220724,0.29,18,5.31,2118.69,980.38,3613.24,2006.01,5261.9,0.0383502170767004,0.4327062228654124,0.2402315484804631,0.288712011577424,59356.899999999994,11861.529999999999
Burgers,25612,Classic Burgers Bistro,QSR,South Auckland,1.05,45.49,998,193,8779.57,362,201,242,16467.38,9143.49,11008.58,0.253722506202757,0.430719664134085,0.28,4,1.18,285.56,2770.46,585.54,325.12,3188.28,0.1933867735470942,0.3627254509018036,0.2014028056112224,0.2424849699398797,45399.020000000004,6869.4
Burgers,25260,Classic Burgers Cafe,Full-service,West Auckland,1.04,32.34,2051,646,20891.64,632,351,422,20438.88,11351.34,13647.48,0.373705843370408,0.465107345278375,0.28,13,3.84,1620.48,3367.46,-2428.41,-1348.69,579.31,0.3149683081423696,0.3081423695758167,0.1711360312042905,0.2057532910775231,66329.34,169.67000000000007
Burgers,25452,Lucky Burgers Kitchen,Cafe,CBD,0.99,30.92,1308,324,10018.08,443,246,295,13697.56,7606.32,9121.4,0.23099601617083,0.373214836767875,0.31,11,3.25,958.75,3965.05,1175.1,652.54,2651.4,0.2477064220183486,0.3386850152905198,0.1880733944954128,0.2255351681957186,40443.36,8444.09
Burgers,25319,King Burgers Diner,Cafe,West Auckland,1.04,45.6,799,184,8390.4,277,154,184,12631.2,7022.4,8390.4,0.279372675232589,0.399700684985146,0.29,15,4.43,815.12,2692.7,390.64,217.18,1877.58,0.2302878598247809,0.3466833541927409,0.1927409261576971,0.2302878598247809,36434.4,5178.099999999999
Burgers,25132,Lucky Burgers Tavern,Ghost Kitchen,CBD,0.99,36.56,897,42,1535.52,385,214,256,14075.6,7823.84,9359.36,0.294071698107291,0.265251147735398,0.3,18,5.31,1359.36,676.67,1980.12,1100.64,2765.1,0.0468227424749163,0.4292084726867335,0.2385730211817168,0.2853957636566332,32794.32,6522.530000000001
Burgers,26489,Classic Burgers Cafe,Cafe,West Auckland,1.04,36.49,1640,468,17077.32,527,293,352,19230.23,10691.57,12844.48,0.226056149750948,0.371622992213815,0.3,16,4.72,1661.44,6870.56,1967.65,1093.97,3506.16,0.2853658536585365,0.3213414634146341,0.1786585365853658,0.2146341463414634,59843.600000000006,13438.34
Burgers,25040,Lucky Burgers Grill,QSR,North Shore,1.03,41.72,1452,299,12474.28,519,288,346,21652.68,12015.36,14435.12,0.24809970267117,0.389124022936448,0.32,18,5.31,1837.26,4525.37,926.22,513.97,3399.46,0.2059228650137741,0.3574380165289256,0.1983471074380165,0.2382920110192837,60577.44,9365.02
Burgers,25502,Top Burgers Grill,Cafe,West Auckland,1.04,34.21,899,207,7081.47,311,173,208,10639.31,5918.33,7115.68,0.247309528961778,0.350396152329631,0.31,3,0.89,185.12,2848.84,981.95,546.23,2677.48,0.2302558398220244,0.3459399332591769,0.1924360400444938,0.2313681868743047,30754.79,7054.5
Burgers,25889,Top Burgers Bistro,QSR,North Shore,1.03,40.18,1334,231,9281.58,496,276,331,19929.28,11089.68,13299.58,0.238772939294577,0.433020327752456,0.31,17,5.02,1661.62,3046.28,362.85,201.91,2703.39,0.1731634182908545,0.3718140929535232,0.2068965517241379,0.2481259370314842,53600.12,6314.43
Burgers,25283,Urban Burgers Grill,Cafe,South Auckland,1.05,42.16,571,151,6366.16,189,105,126,7968.24,4426.8,5312.16,0.27608444660902,0.441550263715908,0.29,4,1.18,148.68,1797.58,-60.84,-33.8,1351.29,0.2644483362521891,0.3309982486865149,0.1838879159369527,0.2206654991243432,24073.36,3054.23
Burgers,25366,Classic Burgers Tavern,Full-service,West Auckland,1.04,45.99,701,214,9841.86,219,122,146,10071.81,5610.78,6714.54,0.392565074376762,0.450436520925723,0.27,4,1.18,172.28,1545.16,-1138.13,-634.03,881.89,0.3052781740370898,0.3124108416547789,0.1740370898716119,0.2082738944365192,32238.989999999998,654.89
Burgers,25247,Lucky Burgers Kitchen,Cafe,South Auckland,1.05,34.73,1151,304,10557.92,381,212,254,13232.13,7362.76,8821.42,0.20139017611742,0.416730785742402,0.31,5,1.48,375.92,4031.85,951.11,529.23,2992.8,0.2641181581233709,0.3310165073848827,0.1841876629018245,0.2206776715899218,39974.229999999996,8504.990000000002
Burgers,25004,King Burgers Cafe,Ghost Kitchen,South Auckland,1.05,34.64,1629,106,3671.84,685,381,457,23728.4,13197.84,15830.48,0.259387835033704,0.336022477445658,0.32,18,5.31,2426.67,1485.59,2007.18,1116.4,3978.18,0.0650705954573357,0.4205033763044812,0.2338858195211786,0.2805402087170043,56428.56,8587.35
Burgers,25853,Classic Burgers Tavern,Ghost Kitchen,CBD,0.99,31.34,1519,72,2256.48,651,362,434,20402.34,11345.08,13601.56,0.272829318465665,0.319570669706445,0.32,5,1.48,642.32,919.74,1787.25,993.83,4901.68,0.0473996050032916,0.4285714285714285,0.238314680710994,0.2857142857142857,47605.46,8602.5
Burgers,25005,Classic Burgers Bistro,Ghost Kitchen,South Auckland,1.05,39.35,1305,85,3344.75,549,305,366,21603.15,12001.75,14402.1,0.285651653038803,0.280214194732253,0.3,9,2.66,973.56,1452.07,2897.72,1609.84,5278.88,0.0651340996168582,0.4206896551724138,0.2337164750957854,0.2804597701149425,51351.75,11238.51
Burgers,25077,Lucky Burgers House,Cafe,CBD,0.99,39.76,1641,378,15029.28,568,316,379,22583.68,12564.16,15069.04,0.211968362163752,0.366120141441934,0.31,14,4.13,1565.27,6341.03,2527.37,1406.07,4792.53,0.2303473491773309,0.3461304082876295,0.1925655088360755,0.230956733698964,65246.159999999996,15067.0
Burgers,25856,Top Burgers Cafe,Cafe,West Auckland,1.04,34.59,1501,328,11345.52,528,293,352,18263.52,10134.87,12175.68,0.212431895472109,0.353694221447222,0.3,8,2.36,830.72,4922.52,2445.01,1356.79,4451.99,0.2185209860093271,0.351765489673551,0.1952031978680879,0.2345103264490339,51919.590000000004,13176.31
Burgers,25886,Urban Burgers Bistro,Ghost Kitchen,South Auckland,1.05,35.87,1180,77,2761.99,496,276,331,17791.52,9900.12,11872.97,0.254884610173758,0.256033067405224,0.32,17,5.02,1661.62,1350.84,3008.23,1673.94,4145.24,0.0652542372881355,0.4203389830508474,0.2338983050847457,0.2805084745762712,42326.600000000006,10178.25
Burgers,25245,Lucky Burgers Cafe,QSR,North Shore,1.03,43.22,1634,294,12706.68,603,335,402,26061.66,14478.7,17374.44,0.241746065188199,0.40828570977319,0.32,3,0.89,357.78,4446.93,781.02,433.9,5722.72,0.1799265605875153,0.3690330477356181,0.2050183598531211,0.2460220318237454,70621.48,11384.57
Burgers,25861,Classic Burgers Diner,Cafe,West Auckland,1.04,38.26,1934,490,18747.4,650,361,433,24869.0,13811.86,16566.58,0.236518038548529,0.38063013474457,0.28,13,3.84,1662.72,7177.48,2557.82,1420.58,4679.83,0.2533609100310238,0.3360910031023785,0.186659772492244,0.2238883143743536,73994.84,15835.71
Burgers,25257,King Burgers Bistro,QSR,South Auckland,1.05,44.28,1873,350,15498.0,685,381,457,30331.8,16870.68,20235.96,0.216959698665887,0.412135697645135,0.3,9,2.66,1215.62,5748.28,2150.66,1196.21,6289.99,0.186865990389749,0.3657234383342231,0.203416978109984,0.2439935931660437,82936.44,15385.14
Burgers,25378,King Burgers Cafe,QSR,North Shore,1.03,37.56,1595,298,11192.88,584,324,389,21935.04,12169.44,14610.84,0.232022813316435,0.378713312605396,0.32,10,2.95,1147.55,4356.98,1519.31,842.9,4539.92,0.186833855799373,0.3661442006269592,0.2031347962382445,0.2438871473354232,59908.2,11259.109999999999
Burgers,26108,King Burgers House,Ghost Kitchen,North Shore,1.03,44.4,668,60,2664.0,274,152,182,12165.6,6748.8,8080.8,0.253680308535695,0.260938313254155,0.33,11,3.25,591.5,1293.06,1890.31,1048.64,3330.77,0.0898203592814371,0.4101796407185629,0.2275449101796407,0.2724550898203592,29659.2,7562.780000000001
Burgers,25501,Classic Burgers Eatery,Cafe,South Auckland,1.05,39.67,1315,395,15669.65,414,230,276,16423.38,9124.1,10948.92,0.254867386501282,0.375745487166569,0.3,7,2.07,571.32,5788.17,1139.57,633.1,3473.07,0.3003802281368821,0.314828897338403,0.1749049429657794,0.2098859315589353,52166.049999999996,11033.91
Burgers,26230,Top Burgers Kitchen,Cafe,CBD,0.99,42.19,1387,374,15779.06,456,253,304,19238.64,10674.07,12825.76,0.207379126213491,0.384480268880725,0.3,15,4.43,1346.72,6440.08,2080.48,1154.3,3887.99,0.2696467195385724,0.3287671232876712,0.1824080749819754,0.2191780821917808,58517.53,13562.849999999999
Burgers,25775,Lucky Burgers Tavern,QSR,South Auckland,1.05,36.5,1366,273,9964.5,492,273,328,17958.0,9964.5,11972.0,0.202122342158109,0.395233107497916,0.29,3,0.89,291.92,4012.15,2022.87,1122.45,4528.54,0.1998535871156661,0.3601756954612006,0.1998535871156661,0.240117130307467,49859.0,11686.01
Burgers,26274,Urban Burgers Bistro,Cafe,West Auckland,1.04,43.42,1527,352,15283.84,529,294,352,22969.18,12765.48,15283.84,0.220944037288427,0.393518741847947,0.31,7,2.07,728.64,5892.49,1735.03,964.27,5163.85,0.2305173542894564,0.3464309102815979,0.1925343811394892,0.2305173542894564,66302.34,13755.64
Burgers,26100,Urban Burgers House,QSR,South Auckland,1.05,42.81,1119,216,9246.96,406,226,271,17380.86,9675.06,11601.51,0.232086842898279,0.351238823961467,0.32,6,1.77,479.67,3852.97,1680.28,935.33,4354.38,0.1930294906166219,0.3628239499553172,0.2019660411081322,0.2421805183199285,47904.39,10822.96
Burgers,25779,Classic Burgers Grill,Full-service,CBD,0.99,34.31,1833,642,22027.02,536,298,357,18390.16,10224.38,12248.67,0.366821483511012,0.451014979300089,0.28,5,1.48,528.36,4012.52,-1799.23,-1000.32,1702.9,0.3502454991816694,0.2924168030551009,0.1625750136388434,0.1947626841243862,62890.229999999996,2915.87
Burgers,26360,Urban Burgers Bistro,Cafe,North Shore,1.03,44.7,1528,361,16136.7,525,292,350,23467.5,13052.4,15645.0,0.267324640452862,0.437447387818247,0.33,12,3.54,1239.0,4764.01,-816.01,-453.86,3379.84,0.2362565445026178,0.343586387434555,0.1910994764397905,0.2290575916230366,68301.6,6873.98
Burgers,26079,Top Burgers Eatery,Cafe,CBD,0.99,43.28,562,166,7184.48,178,99,119,7703.84,4284.72,5150.32,0.243581773433834,0.436767387227155,0.31,14,4.13,491.47,2296.53,74.35,41.35,1154.83,0.295373665480427,0.3167259786476868,0.1761565836298932,0.2117437722419929,24323.36,3567.06
Burgers,25111,Classic Burgers Kitchen,Ghost Kitchen,South Auckland,1.05,46.57,1487,122,5681.54,614,341,410,28593.98,15880.37,19093.7,0.29746993877925,0.321676251804456,0.29,13,3.84,1574.4,2163.84,2597.87,1442.79,5697.51,0.082044384667115,0.4129119031607263,0.2293207800941493,0.2757229320780094,69249.59,11902.01
Burgers,25595,Top Burgers Kitchen,QSR,West Auckland,1.04,37.61,1276,271,10192.31,452,251,302,16999.72,9440.11,11358.22,0.218210295401514,0.37306306483224,0.3,14,4.13,1247.26,4165.87,1848.32,1026.39,3395.15,0.2123824451410658,0.3542319749216301,0.1967084639498432,0.2366771159874608,47990.36,10435.73
Burgers,25881,Lucky Burgers Diner,QSR,CBD,0.99,36.87,1197,199,7337.13,449,250,299,16554.63,9217.5,11024.13,0.201856870297343,0.401524102664553,0.28,15,4.43,1324.57,2910.05,1930.58,1074.94,3047.81,0.1662489557226399,0.3751044277360066,0.2088554720133667,0.2497911445279866,44133.39,8963.38
Burgers,26244,Urban Burgers House,Cafe,West Auckland,1.04,34.3,1728,356,12210.8,617,343,412,21163.1,11764.9,14131.6,0.24282123086974,0.435210464918055,0.33,17,5.02,2068.24,3931.49,-169.98,-94.49,2481.69,0.2060185185185185,0.3570601851851852,0.1984953703703703,0.2384259259259259,59270.399999999994,6148.71
Burgers,25400,Top Burgers Corner,Ghost Kitchen,West Auckland,1.04,44.01,1458,95,4180.95,613,341,409,26978.13,15007.41,18000.09,0.287121943430975,0.263713604072109,0.29,14,4.13,1689.17,1877.93,4293.96,2388.65,6395.83,0.0651577503429355,0.4204389574759945,0.2338820301783264,0.2805212620027434,64166.58,14956.37
Burgers,25267,King Burgers Kitchen,Cafe,West Auckland,1.04,35.82,818,238,8525.16,261,145,174,9349.02,5193.9,6232.68,0.210430280975997,0.436889241216704,0.28,4,1.18,205.32,3006.66,679.49,377.5,1992.82,0.2909535452322738,0.3190709046454767,0.1772616136919315,0.2127139364303178,29300.760000000002,6056.469999999999
Burgers,25119,Classic Burgers Eatery,Cafe,CBD,0.99,33.49,1265,253,8472.97,455,253,304,15237.95,8472.97,10180.96,0.238450531568378,0.443626348115504,0.3,5,1.48,449.92,2693.75,273.11,151.86,2786.84,0.2,0.3596837944664031,0.2,0.2403162055335968,42364.85,5905.56
Burgers,25161,Top Burgers Corner,Cafe,West Auckland,1.04,40.42,1119,319,12893.98,360,200,240,14551.2,8084.0,9700.8,0.279486142154783,0.420557478116825,0.3,13,3.84,921.6,3867.63,-0.63,-0.35,1988.22,0.2850759606791778,0.3217158176943699,0.1787310098302055,0.2144772117962466,45229.979999999996,5854.87
Burgers,26214,Urban Burgers Corner,Cafe,CBD,0.99,37.88,1694,370,14015.6,596,331,397,22576.48,12538.28,15038.36,0.258535533044487,0.356650849501602,0.33,18,5.31,2108.07,5393.39,1237.5,687.27,3678.9,0.2184179456906729,0.3518299881936245,0.1953955135773317,0.2343565525383707,64168.72,10997.06
Burgers,25528,Lucky Burgers Bistro,QSR,North Shore,1.03,36.79,1652,361,13281.19,581,323,387,21374.99,11883.17,14237.73,0.204108449220657,0.449127485696226,0.28,10,2.95,1141.65,4605.44,1427.08,793.37,3795.48,0.2185230024213075,0.3516949152542373,0.1955205811138014,0.2342615012106537,60777.08,10621.369999999999
Burgers,25730,Top Burgers Eatery,QSR,CBD,0.99,39.64,1809,395,15657.8,636,354,424,25211.04,14032.56,16807.36,0.239658871367574,0.433120136964135,0.32,5,1.48,627.52,5123.56,182.05,101.33,4872.2,0.2183526810392482,0.351575456053068,0.1956882255389718,0.2343836373687119,71708.76,10279.14
Burgers,25895,Top Burgers Corner,Full-service,West Auckland,1.04,46.39,1073,376,17442.64,314,174,209,14566.46,8071.86,9695.51,0.377299415611196,0.472256360342726,0.31,6,1.77,369.93,2624.14,-2324.16,-1287.91,1088.7,0.3504193849021435,0.2926374650512581,0.1621621621621621,0.1947809878844361,49776.47,100.76999999999998
Burgers,25330,Urban Burgers Tavern,Ghost Kitchen,North Shore,1.03,44.91,1161,65,2919.15,493,274,329,22140.63,12305.34,14775.39,0.262536822527181,0.2416238550446,0.27,17,5.02,1651.58,1447.43,5000.22,2779.03,5674.64,0.0559862187769164,0.4246339362618432,0.2360034453057709,0.2833763996554694,52140.51,14901.32
Burgers,25170,Lucky Burgers Tavern,QSR,West Auckland,1.04,46.04,1530,334,15377.36,538,299,359,24769.52,13765.96,16528.36,0.217860502731055,0.394324672338553,0.29,12,3.54,1270.86,5963.57,2422.83,1346.51,5139.08,0.2183006535947712,0.3516339869281046,0.1954248366013072,0.234640522875817,70441.20000000001,14871.99
Burgers,25442,Classic Burgers Grill,Cafe,West Auckland,1.04,43.24,1155,318,13750.32,377,209,251,16301.48,9037.16,10853.24,0.264888013489544,0.398093697498553,0.3,4,1.18,296.18,4634.11,603.45,334.54,3361.56,0.2753246753246753,0.3264069264069264,0.1809523809523809,0.2173160173160173,49942.2,8933.66
Burgers,26588,Lucky Burgers Corner,Cafe,West Auckland,1.04,38.95,2083,540,21033.0,694,386,463,27031.3,15034.7,18033.85,0.248576239868999,0.371197632467374,0.33,10,2.95,1365.85,7997.3,1357.68,755.13,5491.09,0.2592414786365818,0.3331733077292367,0.185309649543927,0.2222755640902544,81132.85,15601.199999999999
Burgers,25294,Lucky Burgers Tavern,Ghost Kitchen,CBD,0.99,34.43,998,82,2823.26,412,229,275,14185.16,7884.47,9468.25,0.262558714870829,0.207000498892739,0.33,9,2.66,731.5,1497.57,2843.28,1580.37,4290.85,0.0821643286573146,0.4128256513026052,0.2294589178356713,0.2755511022044088,34361.14,10212.07
Burgers,25376,Top Burgers House,Ghost Kitchen,South Auckland,1.05,43.85,1531,100,4385.0,644,358,429,28239.4,15698.3,18811.65,0.29566688031191,0.349170912150294,0.29,16,4.72,2024.88,1557.39,1840.14,1022.94,4656.31,0.0653167864141084,0.4206401045068582,0.2338340953625081,0.2802090137165251,67134.35,9076.78
Burgers,25418,Top Burgers Eatery,Cafe,North Shore,1.03,43.29,1941,593,25670.97,607,337,404,26277.03,14588.73,17489.16,0.239532025568187,0.372590851527639,0.27,6,1.77,715.08,9957.18,3097.46,1719.68,6068.57,0.3055126223596084,0.3127253992787223,0.1736218444100979,0.2081401339515713,84025.89,20842.89
Burgers,25015,Lucky Burgers Grill,QSR,CBD,0.99,34.71,1299,276,9579.96,460,256,307,15966.6,8885.76,10655.97,0.221846213359386,0.446916462201625,0.32,3,0.89,273.23,3173.24,179.42,99.85,3256.42,0.2124711316397228,0.3541185527328714,0.1970746728252501,0.2363356428021555,45088.29,6708.93
Burgers,26027,Urban Burgers Bistro,Cafe,West Auckland,1.04,38.25,1123,303,11589.75,369,205,246,14114.25,7841.25,9409.5,0.243503914065659,0.42334763079416,0.3,13,3.84,944.64,3861.11,467.87,259.93,2190.12,0.2698130008904719,0.3285841495992876,0.182546749777382,0.2190560997328584,42954.75,6779.030000000001
Burgers,26391,Classic Burgers Bistro,Ghost Kitchen,North Shore,1.03,43.92,805,45,1976.4,342,190,228,15020.64,8344.8,10013.76,0.295922063931357,0.23290582903428,0.28,14,4.13,941.64,931.22,2871.53,1595.29,3776.56,0.0559006211180124,0.4248447204968944,0.2360248447204969,0.2832298136645962,35355.6,9174.6
Burgers,26514,Lucky Burgers Corner,QSR,West Auckland,1.04,36.38,638,106,3856.28,239,133,160,8694.82,4838.54,5820.8,0.248522782940418,0.386922581051476,0.31,17,5.02,803.2,1405.82,474.34,263.96,1318.8,0.1661442006269592,0.3746081504702194,0.2084639498432602,0.2507836990595611,23210.44,3462.92
Burgers,26677,Top Burgers Tavern,Cafe,South Auckland,1.05,34.3,1342,333,11421.9,454,252,303,15572.2,8643.6,10392.9,0.216553137414157,0.409603461413644,0.29,13,3.84,1163.52,4270.0,1305.63,724.71,2721.8,0.2481371087928465,0.338301043219076,0.187779433681073,0.2257824143070044,46030.6,9022.14
Burgers,25268,King Burgers Corner,Cafe,CBD,0.99,37.1,904,253,9386.3,293,163,195,10870.3,6047.3,7234.5,0.217014490831643,0.400262145348825,0.28,16,4.72,920.4,3592.36,1116.63,621.2,1848.41,0.2798672566371681,0.3241150442477876,0.1803097345132743,0.2157079646017699,33538.399999999994,7178.599999999999
Burgers,25308,Urban Burgers House,QSR,West Auckland,1.04,44.68,1854,334,14923.12,684,380,456,30561.12,16978.4,20374.08,0.241154740788043,0.358429965469986,0.31,15,4.43,2020.08,5975.45,2763.19,1535.11,6138.01,0.1801510248112189,0.3689320388349514,0.2049622437971952,0.2459546925566343,82836.72,16411.760000000002
Burgers,26241,Top Burgers Eatery,QSR,South Auckland,1.05,38.16,1019,190,7250.4,373,207,249,14233.68,7899.12,9501.84,0.24545091053471,0.423436920926906,0.32,12,3.54,881.46,2400.7,158.17,87.78,2264.71,0.1864573110893032,0.366045142296369,0.2031403336604514,0.2443572129538763,38885.04,4911.360000000001
Burgers,25272,Urban Burgers Eatery,QSR,CBD,0.99,32.02,1165,225,7204.5,423,235,282,13544.46,7524.7,9029.64,0.203551977090538,0.444050269783475,0.32,8,2.36,665.52,2538.85,438.81,243.78,2516.5,0.1931330472103004,0.3630901287553648,0.2017167381974249,0.2420600858369098,37303.3,5737.9400000000005
Burgers,25192,Lucky Burgers Bistro,Cafe,South Auckland,1.05,43.45,1384,351,15250.95,465,258,310,20204.25,11210.1,13469.5,0.23134801954031,0.434121696907096,0.32,9,2.66,824.6,5101.9,293.57,162.89,3681.36,0.2536127167630058,0.3359826589595375,0.1864161849710982,0.2239884393063584,60134.799999999996,9239.72
Burgers,25435,Classic Burgers Bistro,QSR,West Auckland,1.04,45.13,1249,225,10154.25,461,256,307,20804.93,11553.28,13854.91,0.213164031673223,0.396249585878104,0.33,18,5.31,1630.17,3966.11,1260.5,699.97,3781.37,0.1801441152922338,0.3690952762209767,0.2049639711769415,0.2457966373098478,56367.369999999995,9707.95
Burgers,25678,Urban Burgers Eatery,QSR,CBD,0.99,43.24,772,139,6010.36,285,158,190,12323.4,6831.92,8215.6,0.237665633372962,0.396260366705246,0.32,12,3.54,672.6,2200.24,567.79,314.77,2334.92,0.1800518134715026,0.3691709844559585,0.2046632124352331,0.2461139896373056,33381.28,5417.719999999999
Burgers,26286,King Burgers Tavern,QSR,South Auckland,1.05,45.42,1742,337,15306.54,632,351,422,28705.44,15942.42,19167.24,0.21829391522333,0.417047550738789,0.28,14,4.13,1742.86,5581.66,2430.16,1349.66,5246.64,0.1934557979334098,0.3628013777267508,0.2014925373134328,0.2422502870264064,79121.64,14608.119999999999
Burgers,26246,Lucky Burgers Bistro,QSR,West Auckland,1.04,38.73,1299,276,10689.48,460,256,307,17815.8,9914.88,11890.11,0.268982828743756,0.391698328708299,0.27,5,1.48,454.36,3627.14,1234.97,687.29,3580.18,0.2124711316397228,0.3541185527328714,0.1970746728252501,0.2363356428021555,50310.27,9129.58
Burgers,25399,Urban Burgers Corner,QSR,CBD,0.99,30.37,828,186,5648.82,289,160,193,8776.93,4859.2,5861.41,0.224838664345443,0.369480475550517,0.33,13,3.84,741.12,2291.62,664.25,367.75,1636.74,0.2246376811594203,0.3490338164251207,0.1932367149758454,0.2330917874396135,25146.36,4960.36
Burgers,25605,King Burgers Tavern,QSR,North Shore,1.03,43.27,1706,373,16139.71,600,333,400,25962.0,14408.91,17308.0,0.23818274660036,0.420431646029465,0.28,6,1.77,708.0,5509.86,1593.69,884.5,5200.7,0.2186400937866354,0.3516998827667057,0.1951934349355217,0.2344665885111371,73818.62,13188.75
Burgers,25807,Top Burgers Kitchen,Cafe,CBD,0.99,44.33,1736,513,22741.29,550,306,367,24381.5,13564.98,16269.11,0.258666134346277,0.40897305868566,0.32,11,3.25,1192.75,7558.31,301.38,167.67,4214.46,0.2955069124423963,0.3168202764976958,0.1762672811059907,0.211405529953917,76956.88,12241.82
Burgers,26050,Top Burgers House,Ghost Kitchen,West Auckland,1.04,32.95,1386,126,4151.7,567,315,378,18682.65,10379.25,12455.1,0.289802645903546,0.219370783341583,0.31,13,3.84,1451.52,2037.76,3378.32,1876.84,4661.77,0.0909090909090909,0.4090909090909091,0.2272727272727272,0.2727272727272727,45668.700000000004,11954.69
Burgers,25403,Top Burgers Diner,Ghost Kitchen,South Auckland,1.05,34.3,637,57,1955.1,261,145,174,8952.3,4973.5,5968.2,0.276111770363059,0.269399675331078,0.3,13,3.84,668.16,888.57,1383.03,768.35,2044.32,0.0894819466248037,0.4097331240188383,0.227629513343799,0.2731554160125589,21849.1,5084.2699999999995
Burgers,26578,King Burgers Diner,Cafe,CBD,0.99,38.1,675,159,6057.9,232,129,155,8839.2,4914.9,5905.5,0.22268630810082,0.359760212013498,0.33,15,4.43,686.65,2529.5,773.9,430.32,1779.21,0.2355555555555555,0.3437037037037037,0.1911111111111111,0.2296296296296296,25717.5,5512.93
Burgers,25487,Classic Burgers Grill,QSR,South Auckland,1.05,35.26,1439,259,9132.34,531,295,354,18723.06,10401.7,12482.04,0.200697393529117,0.353761871880852,0.31,3,0.89,315.06,4068.83,2537.74,1409.85,5246.2,0.1799861014593467,0.3690062543432939,0.2050034746351633,0.2460041695621959,50739.14000000001,13262.619999999999
Burgers,25771,Lucky Burgers Corner,Ghost Kitchen,West Auckland,1.04,40.86,660,31,1266.66,283,157,189,11563.38,6415.02,7722.54,0.251700412121136,0.221080633962993,0.32,11,3.25,614.25,667.81,2396.15,1329.31,3457.22,0.0469696969696969,0.4287878787878788,0.2378787878787878,0.2863636363636364,26967.6,7850.49
Burgers,25327,Urban Burgers Corner,Ghost Kitchen,CBD,0.99,34.39,1281,37,1272.43,560,311,373,19258.4,10695.29,12827.47,0.299884437245782,0.205399782257155,0.3,18,5.31,1980.63,629.49,3749.91,2082.54,4365.32,0.0288836846213895,0.4371584699453552,0.2427790788446526,0.2911787665886026,44053.590000000004,10827.259999999998
Burgers,25813,Urban Burgers Tavern,Cafe,North Shore,1.03,44.37,579,153,6788.61,192,106,128,8519.04,4703.22,5679.36,0.272136336062104,0.428637852496468,0.3,13,3.84,491.52,2031.33,-6.6,-3.64,1207.89,0.2642487046632124,0.3316062176165803,0.1830742659758203,0.2210708117443868,25690.230000000003,3228.98
Burgers,26057,Lucky Burgers Tavern,Full-service,South Auckland,1.05,44.05,966,255,11232.75,320,178,213,14096.0,7840.9,9382.65,0.355171969602816,0.468937209108844,0.3,11,3.25,692.25,1975.74,-1749.44,-973.13,958.07,0.2639751552795031,0.3312629399585921,0.1842650103519668,0.2204968944099379,42552.3,211.24
Burgers,25573,Top Burgers Tavern,Cafe,North Shore,1.03,44.39,1946,575,25524.25,617,343,411,27388.63,15225.77,18244.29,0.212252619564533,0.377365897689015,0.31,8,2.36,969.96,10474.68,2749.31,1528.39,6517.16,0.2954779033915725,0.3170606372045221,0.1762589928057553,0.21120246659815,86382.94,21269.54
Burgers,25819,Lucky Burgers Cafe,Cafe,CBD,0.99,35.4,799,224,7929.6,259,144,172,9168.6,5097.6,6088.8,0.257844529766589,0.362598595372401,0.31,18,5.31,913.32,3009.73,637.74,354.57,1397.73,0.2803504380475594,0.3241551939924906,0.1802252816020025,0.2152690863579474,28284.600000000002,5399.77
Burgers,25817,Top Burgers House,QSR,West Auckland,1.04,33.88,1496,259,8774.92,557,309,371,18871.16,10468.92,12569.48,0.21076321715489,0.417573497397825,0.32,13,3.84,1424.64,3261.32,974.95,540.86,3246.97,0.1731283422459893,0.3723262032085561,0.2065508021390374,0.2479946524064171,50684.479999999996,8024.1
Burgers,26669,Classic Burgers Cafe,Cafe,CBD,0.99,44.18,844,232,10249.76,275,153,184,12149.5,6759.54,8129.12,0.229393369760364,0.38555605977308,0.29,16,4.72,868.48,3946.68,1154.82,642.5,2261.64,0.2748815165876777,0.3258293838862559,0.1812796208530805,0.2180094786729857,37287.920000000006,8005.639999999999
Burgers,25944,Classic Burgers Corner,Cafe,South Auckland,1.05,33.54,1021,270,9055.8,338,188,225,11336.52,6305.52,7546.5,0.236880169678479,0.388876719539985,0.32,10,2.95,663.75,3389.07,614.93,342.03,2160.48,0.2644466209598433,0.3310479921645445,0.1841332027424094,0.2203721841332027,34244.34,6506.51
Burgers,26510,Classic Burgers Grill,Cafe,West Auckland,1.04,42.18,741,148,6242.64,267,148,178,11262.06,6242.64,7508.04,0.233899442944676,0.445459345006384,0.33,14,4.13,735.14,2001.65,-105.4,-58.42,1672.25,0.1997300944669365,0.3603238866396761,0.1997300944669365,0.2402159244264507,31255.38,3510.08
Burgers,25459,Urban Burgers Bistro,QSR,West Auckland,1.04,35.68,1896,414,14771.52,667,370,445,23798.56,13201.6,15877.6,0.229524979330599,0.440200649155304,0.29,12,3.54,1575.3,4878.65,958.47,531.69,3668.66,0.2183544303797468,0.3517932489451477,0.1951476793248945,0.2347046413502109,67649.28,10037.47
Burgers,26311,Classic Burgers Corner,QSR,South Auckland,1.05,47.0,1671,278,13066.0,627,348,418,29469.0,16356.0,19646.0,0.258775432854891,0.43368758673314,0.33,4,1.18,493.24,4018.28,-661.96,-367.41,5548.63,0.1663674446439258,0.3752244165170557,0.2082585278276481,0.2501496110113704,78537.0,8537.54
Burgers,26675,King Burgers Grill,QSR,West Auckland,1.04,36.44,900,156,5684.64,335,186,223,12207.4,6777.84,8126.12,0.258730385135859,0.352583625377156,0.31,7,2.07,461.61,2209.54,960.55,533.32,2696.9,0.1733333333333333,0.3722222222222222,0.2066666666666666,0.2477777777777778,32796.0,6400.31
Burgers,25584,King Burgers Cafe,Cafe,CBD,0.99,35.23,760,209,7363.07,248,138,165,8737.04,4861.74,5812.95,0.204013291820884,0.418974408041686,0.32,3,0.89,146.85,2775.97,498.12,277.18,2044.7,0.275,0.3263157894736842,0.181578947368421,0.2171052631578947,26774.8,5595.969999999999
Burgers,26637,Lucky Burgers Cafe,QSR,North Shore,1.03,38.16,1847,381,14538.96,660,366,440,25185.6,13966.56,16790.4,0.268138573672622,0.418827313138172,0.28,14,4.13,1817.2,4551.19,831.98,461.37,3438.77,0.2062804547915538,0.3573362208987547,0.1981591770438549,0.2382241472658365,70481.51999999999,9283.31
Burgers,25049,Urban Burgers Cafe,QSR,North Shore,1.03,45.84,1847,415,19023.6,644,358,430,29520.96,16410.72,19711.2,0.210861113574356,0.410226645460352,0.28,3,0.89,382.7,7208.27,2919.98,1623.22,7086.11,0.2246886843530048,0.3486735246345425,0.1938278289117488,0.2328099621007038,84666.48,18837.579999999998
Burgers,25833,Urban Burgers Corner,Cafe,West Auckland,1.04,42.38,1213,353,14960.14,387,215,258,16401.06,9111.7,10934.04,0.242346808724105,0.367625953280367,0.28,12,3.54,913.32,5834.86,1804.56,1002.54,3351.25,0.2910140148392415,0.3190436933223413,0.1772464962901896,0.2126957955482275,51406.94,11993.21
Burgers,25228,Top Burgers Eatery,Cafe,West Auckland,1.04,46.7,2055,638,29794.6,638,354,425,29794.6,16531.8,19847.5,0.239928396362811,0.42289025252685,0.29,5,1.48,629.0,10046.18,1405.75,779.99,6063.21,0.3104622871046228,0.3104622871046228,0.1722627737226277,0.2068126520681265,95968.5,18295.13
Burgers,26441,King Burgers Grill,QSR,CBD,0.99,37.27,1565,282,10510.14,577,321,385,21504.79,11963.67,14348.95,0.232442121561617,0.364000278245658,0.27,16,4.72,1817.2,4241.45,2872.13,1597.84,3973.43,0.1801916932907348,0.3686900958466453,0.2051118210862619,0.2460063897763578,58327.55,12684.85
Burgers,25593,Top Burgers Diner,Ghost Kitchen,West Auckland,1.04,38.24,829,61,2332.64,346,192,230,13231.04,7342.08,8795.2,0.280705251719337,0.289620228344575,0.33,15,4.43,1018.9,1002.28,1318.8,731.82,2760.17,0.0735826296743064,0.4173703256936067,0.2316043425814234,0.2774427020506634,31700.960000000003,5813.07
Burgers,25230,Urban Burgers Tavern,Ghost Kitchen,South Auckland,1.05,32.1,975,55,1765.5,414,230,276,13289.4,7383.0,8859.6,0.268912851030473,0.300634364027064,0.3,13,3.84,1059.84,759.96,1733.64,963.13,2753.8,0.0564102564102564,0.4246153846153846,0.2358974358974359,0.283076923076923,31297.5,6210.530000000001
Burgers,26444,Lucky Burgers Grill,Cafe,CBD,0.99,43.35,764,157,6805.95,273,152,182,11834.55,6589.2,7889.7,0.253676384091377,0.355854926933534,0.29,10,2.95,536.9,2657.51,1189.0,662.01,2543.78,0.2054973821989529,0.3573298429319371,0.1989528795811518,0.2382198952879581,33119.4,7052.300000000001
Burgers,25839,Classic Burgers Tavern,QSR,North Shore,1.03,42.63,902,208,8867.04,312,174,208,13300.56,7417.62,8867.04,0.273925772868097,0.371560124936514,0.27,7,2.07,430.56,3143.49,1124.08,626.89,2712.93,0.2305986696230598,0.3458980044345898,0.1929046563192904,0.2305986696230598,38452.259999999995,7607.389999999999
Burgers,25113,Urban Burgers Diner,QSR,North Shore,1.03,43.37,1530,255,11059.35,574,319,382,24894.38,13835.03,16567.34,0.268876346964389,0.394695023051463,0.28,14,4.13,1577.66,3720.68,1404.76,780.69,3996.07,0.1666666666666666,0.3751633986928104,0.2084967320261438,0.2496732026143791,66356.1,9902.199999999999
Burgers,25274,Top Burgers Eatery,QSR,CBD,0.99,43.97,943,170,7474.9,348,193,232,15301.56,8486.21,10201.04,0.245497362390161,0.383827749593183,0.29,9,2.66,617.12,2770.76,1234.45,684.62,3164.15,0.1802757158006362,0.369034994697773,0.2046659597030753,0.2460233297985153,41463.71,7853.98
Burgers,26448,King Burgers Eatery,Cafe,North Shore,1.03,31.39,1638,387,12147.93,563,313,375,17672.57,9825.07,11771.25,0.224799098894,0.420522309606895,0.27,4,1.18,442.5,4308.61,1496.49,831.97,3732.51,0.2362637362637362,0.3437118437118437,0.191086691086691,0.2289377289377289,51416.82,10369.58
Burgers,26168,Top Burgers Tavern,QSR,CBD,0.99,34.97,1300,276,9651.72,461,256,307,16121.17,8952.32,10735.79,0.226521106697619,0.36486871689558,0.32,3,0.89,273.23,3943.79,1428.5,793.27,4113.52,0.2123076923076923,0.3546153846153846,0.1969230769230769,0.2361538461538461,45461.0,10279.08
Burgers,25764,Classic Burgers Tavern,Cafe,North Shore,1.03,37.11,1456,336,12468.96,504,280,336,18703.44,10390.8,12468.96,0.2360489904508,0.409529471863061,0.29,12,3.54,1189.44,4419.27,1204.9,669.39,3229.83,0.2307692307692307,0.3461538461538461,0.1923076923076923,0.2307692307692307,54032.159999999996,9523.39
Burgers,25441,King Burgers Diner,QSR,South Auckland,1.05,36.78,1735,347,12762.66,625,347,416,22987.5,12762.66,15300.48,0.237731875423342,0.408459956105798,0.29,12,3.54,1472.64,4515.53,1466.79,814.36,3940.79,0.2,0.3602305475504322,0.2,0.2397694524495677,63813.3,10737.47
Burgers,25118,Lucky Burgers Kitchen,Ghost Kitchen,North Shore,1.03,39.18,794,37,1449.66,341,189,227,13360.38,7405.02,8893.86,0.284464301879052,0.325273341638967,0.3,17,5.02,1139.54,565.75,1205.94,668.39,2331.4,0.0465994962216624,0.4294710327455919,0.2380352644836272,0.2858942065491184,31108.92,4771.48
Burgers,25362,Urban Burgers Diner,QSR,CBD,0.99,35.17,1766,306,10762.02,657,365,438,23106.69,12837.05,15404.46,0.262723354194313,0.357786394609138,0.3,11,3.25,1423.5,4084.08,1836.76,1020.42,4422.34,0.1732729331823329,0.3720271800679501,0.2066817667044167,0.2480181200453001,62110.219999999994,11363.6
Burgers,25406,Lucky Burgers House,Cafe,CBD,0.99,37.64,749,181,6812.84,256,142,170,9635.84,5344.88,6398.8,0.228273102976382,0.430526344710961,0.31,4,1.18,200.6,2324.54,300.64,166.76,1982.67,0.2416555407209613,0.3417890520694259,0.1895861148197596,0.2269692923898531,28192.36,4774.61
Burgers,25851,King Burgers Diner,Cafe,West Auckland,1.04,36.7,1417,382,14019.4,466,259,310,17102.2,9505.3,11377.0,0.231182709317654,0.371880022669211,0.27,9,2.66,824.6,5564.82,2170.91,1206.58,3691.36,0.2695836273817925,0.328863796753705,0.1827805222300635,0.2187720536344389,52003.899999999994,12633.67
Burgers,26337,Classic Burgers Tavern,Full-service,West Auckland,1.04,42.88,2113,570,24441.6,694,386,463,29758.72,16551.68,19853.44,0.369565804698505,0.46549183446914,0.28,9,2.66,1231.58,4031.46,-3423.97,-1904.4,2043.09,0.2697586370089919,0.3284429720776147,0.1826786559394226,0.2191197349739706,90605.44,746.1800000000001
Burgers,25975,Classic Burgers Eatery,QSR,CBD,0.99,30.06,825,148,4448.88,305,169,203,9168.3,5080.14,6102.18,0.202494739685208,0.436107656639069,0.32,8,2.36,479.08,1607.81,379.55,210.31,1726.23,0.1793939393939393,0.3696969696969697,0.2048484848484848,0.246060606060606,24799.5,3923.9
Burgers,25328,Classic Burgers House,QSR,West Auckland,1.04,32.52,970,168,5463.36,361,200,241,11739.72,6504.0,7837.32,0.215737533532083,0.401023594220169,0.33,10,2.95,710.95,2093.77,625.01,346.27,2292.62,0.1731958762886598,0.3721649484536082,0.2061855670103092,0.2484536082474226,31544.399999999998,5357.67
Burgers,26583,Lucky Burgers Cafe,QSR,North Shore,1.03,43.03,1024,211,9079.33,366,203,244,15748.98,8735.09,10499.32,0.253250066973269,0.390933547052555,0.27,5,1.48,361.12,3230.57,1351.52,749.61,3374.71,0.2060546875,0.357421875,0.1982421875,0.23828125,44062.719999999994,8706.41
Burgers,25857,Classic Burgers Diner,Ghost Kitchen,West Auckland,1.04,32.08,671,55,1764.4,277,154,185,8886.16,4940.32,5934.8,0.27597480394179,0.327067295927554,0.32,13,3.84,710.4,700.39,683.86,380.2,1645.47,0.081967213114754,0.4128166915052161,0.2295081967213114,0.2757078986587183,21525.68,3409.92
Burgers,25979,Classic Burgers Bistro,Cafe,West Auckland,1.04,35.84,1759,493,17669.12,570,316,380,20428.8,11325.44,13619.2,0.20595526734367,0.354645486129448,0.29,4,1.18,448.4,7763.8,3052.05,1692.01,5535.87,0.2802728823194997,0.3240477544059124,0.1796475270039795,0.2160318362706083,63042.56,18043.73
Burgers,26625,Urban Burgers House,Cafe,West Auckland,1.04,45.87,1169,276,12660.12,402,223,268,18439.74,10229.01,12293.16,0.267751501314342,0.361398966470733,0.28,11,3.25,871.0,4695.0,1675.24,929.3,3687.91,0.2360992301112061,0.3438836612489307,0.1907613344739093,0.2292557741659538,53622.03,10987.45
Burgers,26387,King Burgers Tavern,QSR,West Auckland,1.04,39.14,1607,311,12172.54,583,324,389,22818.62,12681.36,15225.46,0.248795143533498,0.413692677649669,0.28,10,2.95,1147.55,4108.38,1312.35,729.33,3991.23,0.193528313627878,0.3627878033602987,0.2016179215930305,0.2420659614187927,62897.98,10141.289999999999
Burgers,25986,Urban Burgers Diner,Full-service,CBD,0.99,34.6,1341,396,13701.6,425,236,284,14705.0,8165.6,9826.4,0.367587539204396,0.451949392282404,0.31,5,1.48,420.32,2472.63,-1904.84,-1057.75,1352.98,0.2953020134228188,0.3169276659209545,0.1759880686055182,0.2117822520507084,46398.6,863.0200000000002
Burgers,25017,King Burgers Corner,QSR,West Auckland,1.04,44.7,816,173,7733.1,289,161,193,12918.3,7196.7,8627.1,0.205784262046218,0.446330712852068,0.31,13,3.84,741.12,2690.23,489.41,272.65,2260.12,0.2120098039215686,0.3541666666666667,0.1973039215686274,0.2365196078431372,36475.200000000004,5712.41
Burgers,26233,Urban Burgers Diner,Cafe,West Auckland,1.04,35.51,766,226,8025.26,243,135,162,8628.93,4793.85,5752.62,0.253127012141049,0.428174694231711,0.29,4,1.18,191.16,2557.64,247.64,137.58,1642.19,0.2950391644908616,0.3172323759791122,0.1762402088772846,0.2114882506527415,27200.66,4585.049999999999
Burgers,25868,Urban Burgers Cafe,QSR,CBD,0.99,32.03,1723,355,11370.65,616,342,410,19730.48,10954.26,13132.3,0.234714273512363,0.389967869943939,0.33,3,0.89,364.9,4267.61,894.14,496.42,4563.89,0.2060359837492745,0.3575159605339524,0.1984910040626813,0.2379570516540917,55187.69,10222.060000000001
Burgers,25752,Lucky Burgers Cafe,QSR,West Auckland,1.04,42.74,571,106,4530.44,209,116,140,8932.66,4957.84,5983.6,0.204433186091483,0.368527346709743,0.31,16,4.72,660.8,1934.68,1045.47,580.26,1894.43,0.1856392294220665,0.3660245183887916,0.2031523642732049,0.2451838879159369,24404.54,5454.84
Burgers,25428,Urban Burgers House,Cafe,West Auckland,1.04,44.37,1007,214,9495.18,357,198,238,15840.09,8785.26,10560.06,0.217458676826209,0.386310460767709,0.33,17,5.02,1194.76,3762.28,1049.1,581.86,2989.46,0.2125124131082423,0.3545183714001986,0.1966236345580933,0.2363455809334657,44680.59,8382.7
Burgers,25993,Urban Burgers Tavern,Cafe,CBD,0.99,29.79,1320,403,12005.37,413,229,275,12303.27,6821.91,8192.25,0.205143917854875,0.386287430371158,0.27,15,4.43,1218.25,4905.02,1704.85,945.3,2128.85,0.3053030303030303,0.3128787878787878,0.1734848484848485,0.2083333333333333,39322.8,9684.02
Burgers,25792,Lucky Burgers House,Cafe,South Auckland,1.05,31.95,1477,332,10607.4,515,286,344,16454.25,9137.7,10990.8,0.250087344944477,0.435533619252965,0.32,5,1.48,509.12,3334.74,-92.49,-51.36,2946.16,0.2247799593771157,0.3486797562626946,0.1936357481381178,0.2329045362220717,47190.15000000001,6137.049999999999
Burgers,25633,King Burgers Bistro,Cafe,CBD,0.99,34.47,1323,328,11306.16,448,249,298,15442.56,8583.03,10272.06,0.220614445898682,0.417049959558062,0.28,4,1.18,351.64,4096.62,1271.47,706.69,3370.29,0.2479213907785336,0.3386243386243386,0.1882086167800453,0.2252456538170824,45603.81,9445.07
Burgers,25514,Top Burgers Grill,Cafe,South Auckland,1.05,33.28,1492,395,13145.6,494,274,329,16440.32,9118.72,10949.12,0.222624632734805,0.388613134040497,0.28,12,3.54,1164.66,5110.51,1788.09,991.77,3091.94,0.2647453083109919,0.3310991957104557,0.1836461126005362,0.2205093833780161,49653.76,10982.310000000001
Burgers,25273,Urban Burgers Diner,QSR,West Auckland,1.04,35.47,1810,326,11563.22,668,371,445,23693.96,13159.37,15784.15,0.274782668221742,0.353325877268799,0.28,5,1.48,658.6,4300.26,2177.27,1209.23,5211.39,0.180110497237569,0.3690607734806629,0.2049723756906077,0.2458563535911602,64200.700000000004,12898.150000000001
Burgers,25799,Classic Burgers Tavern,Cafe,North Shore,1.03,40.97,1453,360,14749.2,492,273,328,20157.24,11184.81,13438.16,0.256673604026437,0.374815878807567,0.29,8,2.36,774.08,5435.24,1582.56,878.13,4178.02,0.2477632484514797,0.3386097728836889,0.1878871300757054,0.2257398485891259,59529.41,12073.95
Burgers,25679,King Burgers Corner,Cafe,West Auckland,1.04,35.23,1472,405,14268.15,480,267,320,16910.4,9406.41,11273.6,0.23035262202844,0.405054507683963,0.31,11,3.25,1040.0,5202.07,923.19,513.52,3070.27,0.2751358695652174,0.3260869565217391,0.1813858695652173,0.217391304347826,51858.560000000005,9709.050000000001
Burgers,26530,Classic Burgers Corner,QSR,South Auckland,1.05,32.53,1788,334,10865.02,654,364,436,21274.62,11840.92,14183.08,0.25713261788711,0.365716954646632,0.31,4,1.18,514.48,4097.75,1428.6,795.12,4834.67,0.1868008948545861,0.3657718120805369,0.203579418344519,0.2438478747203579,58163.64,11156.14
Burgers,26289,Classic Burgers Corner,Cafe,West Auckland,1.04,32.53,1605,450,14638.5,520,289,346,16915.6,9401.17,11255.38,0.217269171178341,0.380000990000553,0.28,13,3.84,1328.64,5895.36,2076.05,1153.8,3204.24,0.2803738317757009,0.3239875389408099,0.1800623052959501,0.2155763239875389,52210.649999999994,12329.449999999999
Burgers,26249,King Burgers Cafe,QSR,North Shore,1.03,35.41,1436,249,8817.09,534,297,356,18908.94,10516.77,12605.96,0.213341122977436,0.359465803625062,0.32,4,1.18,420.08,3766.6,2026.91,1127.32,4965.1,0.1733983286908078,0.3718662952646239,0.2068245125348189,0.2479108635097493,50848.76,11885.93
Burgers,25888,Urban Burgers Bistro,QSR,West Auckland,1.04,41.3,1555,290,11977.0,569,316,380,23499.7,13050.8,15694.0,0.211456354279071,0.357483346411027,0.28,17,5.02,1907.6,5162.81,3549.87,1971.46,4857.46,0.1864951768488746,0.3659163987138263,0.2032154340836013,0.2443729903536977,64221.5,15541.599999999999
Burgers,25243,Classic Burgers Kitchen,QSR,South Auckland,1.05,43.9,852,186,8165.4,300,166,200,13170.0,7287.4,8780.0,0.222447801288217,0.43631492650602,0.28,4,1.18,236.0,2786.34,806.49,446.26,2760.06,0.2183098591549295,0.352112676056338,0.1948356807511737,0.2347417840375587,37402.8,6799.15
Burgers,26335,Classic Burgers Grill,Cafe,North Shore,1.03,37.85,1666,374,14155.9,581,323,388,21990.85,12225.55,14685.8,0.256328370049596,0.380535143613815,0.3,16,4.72,1831.36,5140.52,1388.43,771.88,3501.59,0.2244897959183673,0.3487394957983193,0.1938775510204081,0.2328931572629051,63058.100000000006,10802.420000000002
Burgers,26377,Classic Burgers Kitchen,Cafe,West Auckland,1.04,38.11,1642,349,13300.39,582,323,388,22180.02,12309.53,14786.68,0.234164984412491,0.381075059808791,0.3,13,3.84,1489.92,5117.46,1879.98,1043.36,4199.4,0.2125456760048721,0.3544457978075517,0.1967113276492083,0.2362971985383678,62576.62,12240.2
Burgers,25287,Lucky Burgers Corner,QSR,South Auckland,1.05,47.23,526,98,4628.54,193,107,128,9115.39,5053.61,6045.44,0.211309203915298,0.36264536564704,0.31,5,1.48,189.44,1971.97,1057.8,586.45,2386.19,0.1863117870722433,0.3669201520912547,0.2034220532319391,0.2433460076045627,24842.98,6002.41
Burgers,25368,Top Burgers Diner,QSR,South Auckland,1.05,38.55,1561,341,13145.55,549,305,366,21163.95,11757.75,14109.3,0.266912924479693,0.354677672032267,0.32,5,1.48,541.68,4974.4,1236.17,686.76,4797.41,0.2184497117232543,0.3516976297245355,0.1953875720691864,0.2344650864830237,60176.55,11694.74
Burgers,25451,Classic Burgers Corner,Cafe,South Auckland,1.05,41.44,984,300,12432.0,308,171,205,12763.52,7086.24,8495.2,0.222411846090108,0.436329520796426,0.32,11,3.25,666.25,4242.53,271.33,150.64,2232.81,0.3048780487804878,0.3130081300813008,0.173780487804878,0.2083333333333333,40776.96000000001,6897.3099999999995
Burgers,25048,King Burgers Tavern,Cafe,South Auckland,1.05,40.63,554,114,4631.82,198,110,132,8044.74,4469.3,5363.16,0.200429155789316,0.35453076865524,0.28,7,2.07,273.24,2061.35,1327.7,737.61,2113.58,0.2057761732851985,0.3574007220216607,0.1985559566787003,0.2382671480144404,22509.02,6240.24
Burgers,26503,Urban Burgers Diner,Cafe,CBD,0.99,36.75,1997,560,20580.0,647,359,431,23777.25,13193.25,15839.25,0.263923700116575,0.382818424794823,0.27,9,2.66,1146.46,7270.05,1979.64,1098.44,4448.88,0.2804206309464196,0.3239859789684526,0.1797696544817225,0.2158237356034051,73389.75,14797.010000000002
Burgers,25453,Lucky Burgers Bistro,QSR,CBD,0.99,40.73,1883,423,17228.79,657,365,438,26759.61,14866.45,17839.74,0.2507327029109,0.355853980407119,0.33,4,1.18,516.84,6778.04,1696.92,942.73,6501.55,0.2246415294742432,0.3489113117365905,0.1938396176314392,0.232607541157727,76694.59000000001,15919.239999999998
Burgers,26020,Classic Burgers Bistro,QSR,South Auckland,1.05,44.75,1737,301,13469.75,646,359,431,28908.5,16065.25,19287.25,0.272589227110147,0.380867166561075,0.3,6,1.77,762.87,4667.86,1345.51,747.73,5921.0,0.1732872769142199,0.3719055843408175,0.206678180771445,0.2481289579735175,77730.75,12682.1
Burgers,26024,King Burgers Tavern,Cafe,North Shore,1.03,43.59,1346,363,15823.17,442,246,295,19266.78,10723.14,12859.05,0.245329592768103,0.43988708013203,0.29,14,4.13,1218.35,4980.87,477.49,265.76,2829.46,0.2696879643387815,0.3283803863298662,0.1827637444279346,0.2191679049034175,58672.14,8553.58
Burgers,26308,King Burgers Corner,QSR,North Shore,1.03,40.48,654,143,5788.64,230,128,153,9310.4,5181.44,6193.44,0.250099211297929,0.40528278448619,0.28,13,3.84,587.52,1994.87,601.62,334.81,1546.85,0.2186544342507645,0.3516819571865443,0.1957186544342507,0.2339449541284403,26473.92,4478.15
Burgers,26269,King Burgers Bistro,QSR,West Auckland,1.04,46.32,1416,264,12228.48,518,288,346,23993.76,13340.16,16026.72,0.253642575778067,0.438303783792071,0.29,13,3.84,1328.64,3767.03,433.17,240.84,3608.45,0.1864406779661017,0.365819209039548,0.2033898305084746,0.2443502824858757,65589.12,8049.49
Burgers,25056,King Burgers Bistro,QSR,North Shore,1.03,42.74,1118,209,8932.66,409,227,273,17480.66,9701.98,11668.02,0.265899494551122,0.386587538965978,0.31,13,3.84,1048.32,3104.22,655.75,363.95,3006.47,0.1869409660107334,0.3658318425760286,0.20304114490161,0.2441860465116279,47783.32000000001,7130.389999999999
Burgers,25098,Urban Burgers House,QSR,South Auckland,1.05,32.49,1402,271,8804.79,509,283,339,16537.41,9194.67,11014.11,0.266895290240645,0.420822645397857,0.32,12,3.54,1200.06,2749.58,-127.63,-70.96,2239.45,0.1932952924393723,0.3630527817403709,0.2018544935805991,0.2417974322396576,45550.98,4790.44
Burgers,26272,Classic Burgers House,Full-service,South Auckland,1.05,40.98,1981,694,28440.12,579,322,386,23727.42,13195.56,15818.28,0.352443372423295,0.465550076309592,0.29,14,4.13,1594.18,5176.29,-2562.41,-1425.03,1284.85,0.3503281171125694,0.2922766279656739,0.1625441696113074,0.1948510853104492,81181.37999999999,2473.7
Burgers,25952,Urban Burgers Diner,QSR,CBD,0.99,38.99,1361,236,9201.64,506,281,338,19728.94,10956.19,13178.62,0.220859476216137,0.38831839018967,0.31,13,3.84,1297.92,3596.2,1594.54,885.5,3852.58,0.1734019103600294,0.3717854518736223,0.2064658339456282,0.24834680382072,53065.39,9928.82
Burgers,26638,King Burgers Tavern,QSR,South Auckland,1.05,42.95,1770,342,14688.9,643,357,428,27616.85,15333.15,18382.6,0.249971202947199,0.427493211836554,0.32,13,3.84,1643.52,4737.69,70.02,38.88,4285.52,0.1932203389830508,0.3632768361581921,0.2016949152542373,0.2418079096045197,76021.5,9132.11
Burgers,25711,Urban Burgers Bistro,Full-service,West Auckland,1.04,34.78,2294,754,26224.12,693,385,462,24102.54,13390.3,16068.36,0.361362559814006,0.486428520735353,0.28,5,1.48,683.76,3991.54,-3080.09,-1711.16,1761.99,0.3286835222319093,0.3020924149956408,0.1678291194420226,0.2013949433304272,79785.32,962.2799999999997
Burgers,25916,King Burgers Tavern,Ghost Kitchen,West Auckland,1.04,42.82,1305,85,3639.7,549,305,366,23508.18,13060.1,15672.12,0.266825651482213,0.231089033186436,0.33,15,4.43,1621.38,1827.44,4045.41,2247.45,6247.36,0.0651340996168582,0.4206896551724138,0.2337164750957854,0.2804597701149425,55880.100000000006,14367.66
Burgers,26280,Urban Burgers Cafe,Cafe,South Auckland,1.05,36.28,956,220,7981.6,331,184,221,12008.68,6675.52,8017.88,0.236116115953773,0.406607018969953,0.32,7,2.07,457.47,2851.64,447.65,248.84,2407.13,0.2301255230125523,0.3462343096234309,0.1924686192468619,0.2311715481171548,34683.68,5955.26
Burgers,25797,King Burgers Kitchen,QSR,North Shore,1.03,43.64,1482,324,14139.36,521,290,347,22736.44,12655.6,15143.08,0.245809584632516,0.388785904622637,0.27,4,1.18,409.46,5166.59,2169.16,1207.4,5123.89,0.2186234817813765,0.3515519568151147,0.1956815114709851,0.2341430499325236,64674.48,13667.04
Burgers,25554,King Burgers Grill,Ghost Kitchen,CBD,0.99,38.48,888,25,962.0,388,216,259,14930.24,8311.68,9966.32,0.264472639421001,0.28690854946617,0.28,13,3.84,994.56,431.57,2517.52,1401.51,3476.52,0.0281531531531531,0.4369369369369369,0.2432432432432432,0.2916666666666667,34170.24,7827.120000000001
Burgers,25434,Urban Burgers Kitchen,Ghost Kitchen,North Shore,1.03,31.95,1561,74,2364.3,669,372,446,21374.55,11885.4,14249.7,0.296564737323206,0.310099168575834,0.32,5,1.48,660.08,929.96,1567.53,871.63,4944.84,0.0474055092889173,0.4285714285714285,0.2383087764253683,0.2857142857142857,49873.95,8313.96
Burgers,26284,King Burgers Bistro,Full-service,West Auckland,1.04,34.17,1860,636,21732.12,551,306,367,18827.67,10456.02,12540.39,0.351476474502124,0.466235793032683,0.31,11,3.25,1192.75,3961.5,-2404.52,-1335.36,1093.21,0.3419354838709677,0.2962365591397849,0.164516129032258,0.1973118279569892,63556.2,1314.8300000000002
Burgers,26567,Lucky Burgers Corner,QSR,South Auckland,1.05,35.83,1452,317,11358.11,511,284,340,18309.13,10175.72,12182.2,0.224479051977396,0.441456094151363,0.3,11,3.25,1105.0,3794.35,623.7,346.63,2964.64,0.2183195592286501,0.3519283746556473,0.1955922865013774,0.234159779614325,52025.16,7729.32
Burgers,25841,Classic Burgers Grill,Ghost Kitchen,North Shore,1.03,43.79,1051,68,2977.72,442,246,295,19355.18,10772.34,12918.05,0.274847667873837,0.252528993401211,0.31,13,3.84,1132.8,1407.34,3147.6,1751.83,4972.57,0.0647002854424357,0.4205518553758325,0.2340627973358706,0.280685061845861,46023.29000000001,11279.34
Burgers,25234,Lucky Burgers Tavern,QSR,South Auckland,1.05,32.29,935,192,6199.68,334,186,223,10784.86,6005.94,7200.67,0.276884880065918,0.446010593674146,0.32,9,2.66,593.18,1717.96,-462.62,-257.63,1402.16,0.2053475935828877,0.3572192513368984,0.1989304812834224,0.2385026737967914,30191.15,2399.8700000000003
Burgers,26369,Classic Burgers Tavern,QSR,CBD,0.99,37.02,1109,249,9217.98,387,215,258,14326.74,7959.3,9551.16,0.239561068043113,0.365068233245984,0.29,7,2.07,534.06,3644.52,1509.62,838.68,3242.19,0.2245266005410279,0.3489630297565374,0.193868349864743,0.2326420198376916,41055.18,9235.01
Burgers,25157,Lucky Burgers Diner,Cafe,West Auckland,1.04,34.2,688,159,5437.8,238,132,159,8139.6,4514.4,5437.8,0.236957102157176,0.352045321743935,0.29,13,3.84,610.56,2234.92,984.87,546.23,1624.36,0.2311046511627907,0.3459302325581395,0.191860465116279,0.2311046511627907,23529.600000000002,5390.38
Burgers,26656,King Burgers Bistro,Cafe,West Auckland,1.04,36.03,1779,490,17654.7,580,322,387,20897.4,11601.66,13943.61,0.205670053847134,0.393928523105569,0.29,14,4.13,1598.31,7068.97,2307.1,1280.84,3984.73,0.2754356379988757,0.3260258572231591,0.1810005621135469,0.2175379426644182,64097.37000000001,14641.64
Burgers,26171,Lucky Burgers Corner,Cafe,West Auckland,1.04,32.71,1073,228,7457.88,380,211,254,12429.8,6901.81,8308.34,0.252243951316923,0.388911581528373,0.31,11,3.25,825.5,2676.22,607.13,337.12,2155.9,0.2124883504193849,0.3541472506989748,0.1966449207828518,0.2367194780987884,35097.83,5776.37
Burgers,25847,Urban Burgers Diner,Ghost Kitchen,CBD,0.99,34.17,817,60,2050.2,341,189,227,11651.97,6458.13,7756.59,0.286487936391495,0.282257170125376,0.29,11,3.25,737.75,884.16,1645.9,912.24,2607.32,0.0734394124847001,0.4173806609547124,0.2313341493268053,0.2778457772337821,27916.89,6049.620000000001
Burgers,26253,Top Burgers Grill,Cafe,South Auckland,1.05,40.69,1604,424,17252.56,531,295,354,21606.39,12003.55,14404.26,0.202886239923537,0.41931969486177,0.28,17,5.02,1777.08,6517.91,2112.98,1173.88,3664.76,0.2643391521197007,0.3310473815461346,0.1839152119700748,0.2206982543640897,65266.76,13469.53
Burgers,25689,Top Burgers Grill,Cafe,North Shore,1.03,33.55,583,127,4260.85,205,114,137,6877.75,3824.7,4596.35,0.278869404383004,0.401834239251912,0.27,12,3.54,484.98,1360.47,339.05,188.54,982.62,0.2178387650085763,0.3516295025728988,0.1955403087478559,0.2349914236706689,19559.65,2870.68
Burgers,26175,Urban Burgers Eatery,QSR,South Auckland,1.05,35.36,1437,268,9476.48,526,292,351,18599.36,10325.12,12411.36,0.25149632409215,0.380554727022536,0.3,13,3.84,1347.84,3486.86,1263.81,701.58,3218.91,0.1864996520528879,0.3660403618649965,0.2032011134307585,0.2442588726513569,50812.32,8671.16
Burgers,26296,Lucky Burgers Tavern,QSR,West Auckland,1.04,35.53,863,183,6501.99,306,170,204,10872.18,6040.1,7248.12,0.227525226604193,0.439100263384171,0.31,10,2.95,601.8,2167.6,254.13,141.18,1814.54,0.2120509849362688,0.354577056778679,0.1969872537659328,0.2363847045191193,30662.389999999996,4377.45
Burgers,25205,Lucky Burgers Eatery,Cafe,CBD,0.99,34.14,558,111,3789.54,201,112,134,6862.14,3823.68,4574.76,0.235506526790559,0.417362198419869,0.28,13,3.84,514.56,1315.47,460.66,256.69,1073.48,0.1989247311827957,0.3602150537634409,0.2007168458781362,0.2401433691756272,19050.120000000003,3106.3
Burgers,26500,Top Burgers Corner,Cafe,South Auckland,1.05,34.63,645,174,6025.62,212,118,141,7341.56,4086.34,4882.83,0.261287534516305,0.379190825647674,0.3,16,4.72,665.52,2166.34,436.98,243.23,1089.96,0.2697674418604651,0.3286821705426356,0.1829457364341085,0.2186046511627907,22336.35,3936.51
Burgers,26058,King Burgers Bistro,QSR,North Shore,1.03,41.0,724,140,5740.0,263,146,175,10783.0,5986.0,7175.0,0.244181077126414,0.406234253034927,0.31,15,4.43,775.25,2006.62,426.84,236.95,1733.02,0.1933701657458563,0.3632596685082873,0.2016574585635359,0.2417127071823204,29684.0,4403.43
Burgers,25210,King Burgers House,QSR,CBD,0.99,44.41,1500,260,11546.6,558,310,372,24780.78,13767.1,16520.52,0.24405518066138,0.412344996677712,0.32,14,4.13,1536.36,3967.41,584.82,324.9,4140.09,0.1733333333333333,0.372,0.2066666666666666,0.248,66615.0,9017.22
Burgers,26666,Lucky Burgers Corner,Cafe,CBD,0.99,30.13,942,254,7653.02,310,172,206,9340.3,5182.36,6206.78,0.23328559845686,0.435655094264075,0.31,5,1.48,304.88,2533.6,196.7,109.14,1749.93,0.2696390658174097,0.3290870488322717,0.1825902335456475,0.2186836518046709,28382.46,4589.37
Burgers,26544,Lucky Burgers Cafe,Cafe,CBD,0.99,37.97,764,237,8998.89,237,132,158,8998.89,5012.04,5999.26,0.250163233075291,0.400088280905038,0.32,13,3.84,606.72,3147.35,267.7,149.1,1491.51,0.3102094240837696,0.3102094240837696,0.1727748691099476,0.206806282722513,29009.08,5055.66
Burgers,26467,Top Burgers Kitchen,Ghost Kitchen,CBD,0.99,35.27,654,31,1093.37,280,156,187,9875.6,5502.12,6595.49,0.29014265530277,0.31063922084868,0.27,11,3.25,607.75,436.49,1276.11,710.97,2025.29,0.0474006116207951,0.4281345565749235,0.2385321100917431,0.2859327217125382,23066.58,4448.86
Burgers,26064,Lucky Burgers Grill,Cafe,North Shore,1.03,37.53,815,173,6492.69,289,160,193,10846.17,6004.8,7243.29,0.236922437045723,0.421518147201277,0.31,4,1.18,227.74,2217.64,342.3,189.51,2246.27,0.2122699386503067,0.354601226993865,0.1963190184049079,0.2368098159509202,30586.95,4995.719999999999
Burgers,26550,Lucky Burgers House,Ghost Kitchen,South Auckland,1.05,36.91,1669,109,4023.19,702,390,468,25910.82,14394.9,17273.88,0.292186635581311,0.200301467615645,0.27,18,5.31,2485.08,2041.82,6154.13,3418.96,6281.62,0.0653085680047932,0.420611144397843,0.2336728579988016,0.280407429598562,61602.78999999999,17896.53
Burgers,25461,Urban Burgers Bistro,Ghost Kitchen,CBD,0.99,43.34,1312,85,3683.9,552,307,368,23923.68,13305.38,15949.12,0.272898288373835,0.28623418204952,0.32,11,3.25,1196.0,1624.11,2891.6,1608.19,5835.45,0.0647865853658536,0.4207317073170731,0.2339939024390244,0.2804878048780488,56862.08,11959.349999999999
Burgers,26553,Top Burgers Eatery,Cafe,CBD,0.99,39.57,1278,287,11356.59,446,248,297,17648.22,9813.36,11752.29,0.229424154255539,0.43789301731158,0.33,6,1.77,525.69,3778.14,47.35,26.33,3384.1,0.2245696400625978,0.3489827856025039,0.1940532081377151,0.2323943661971831,50570.46,7235.92
Burgers,26634,King Burgers Eatery,Full-service,North Shore,1.03,43.9,1343,397,17428.3,426,236,284,18701.4,10360.4,12467.6,0.376072446699254,0.475723231676966,0.28,3,0.89,252.76,2582.95,-2464.76,-1365.46,1594.99,0.2956068503350707,0.3172002978406552,0.1757259865971705,0.2114668652271035,58957.7,347.7199999999996
Burgers,26191,Urban Burgers Diner,QSR,CBD,0.99,30.26,1335,231,6990.06,497,276,331,15039.22,8351.76,10016.06,0.256929046288133,0.400165946595371,0.33,5,1.48,489.88,2396.93,194.08,107.78,2944.68,0.1730337078651685,0.3722846441947565,0.2067415730337078,0.247940074906367,40397.1,5643.469999999999
Burgers,26030,King Burgers Grill,Cafe,West Auckland,1.04,44.95,1893,587,26385.65,588,326,392,26430.6,14653.7,17620.4,0.272363112736493,0.42031517776195,0.3,7,2.07,811.44,8108.88,193.52,107.29,4603.69,0.3100898045430533,0.3106180665610142,0.1722134178552562,0.2070787110406761,85090.35,13013.380000000001
Burgers,25709,Urban Burgers House,QSR,West Auckland,1.04,34.47,1194,261,8996.67,420,233,280,14477.4,8031.51,9651.6,0.264220881983638,0.392079221224412,0.29,13,3.84,1075.2,3092.15,777.43,431.29,2242.05,0.2185929648241206,0.3517587939698492,0.1951423785594639,0.2345058626465661,41157.18,6542.92
Burgers,25629,Urban Burgers Eatery,Cafe,North Shore,1.03,31.54,1028,272,8578.88,340,189,227,10723.6,5961.06,7159.58,0.237896356582642,0.370157764805481,0.32,17,5.02,1139.54,3362.46,771.52,428.87,1666.63,0.2645914396887159,0.3307392996108949,0.183852140077821,0.220817120622568,32423.120000000003,6229.48
Burgers,26113,Classic Burgers Tavern,Cafe,South Auckland,1.05,38.68,1118,295,11410.6,370,206,247,14311.6,7968.08,9553.96,0.247202175743878,0.357885528006591,0.28,14,4.13,1020.11,4506.19,1644.58,915.63,2752.87,0.2638640429338104,0.330948121645796,0.184257602862254,0.2209302325581395,43244.24,9819.27
Burgers,26562,Top Burgers House,QSR,South Auckland,1.05,40.77,530,95,3873.15,196,109,130,7990.92,4443.93,5300.1,0.271988562624902,0.414969183690846,0.32,7,2.07,269.1,1212.46,-55.6,-30.92,1390.06,0.1792452830188679,0.3698113207547169,0.2056603773584905,0.2452830188679245,21608.1,2516.0
Burgers,26682,King Burgers House,Cafe,CBD,0.99,37.19,1487,393,14615.67,492,274,328,18297.48,10190.06,12198.32,0.26696758216247,0.434124010475352,0.3,15,4.43,1453.04,4368.75,-19.97,-11.12,2193.14,0.2642905178211163,0.3308675184936113,0.1842636180228648,0.2205783456624075,55301.53,6530.799999999999
Burgers,26565,King Burgers Cafe,Cafe,West Auckland,1.04,36.36,892,250,9090.0,289,160,193,10508.04,5817.6,7017.48,0.201447498872876,0.406881635729223,0.31,12,3.54,683.22,3560.29,858.2,475.13,2065.32,0.2802690582959641,0.3239910313901345,0.179372197309417,0.2163677130044843,32433.12,6958.9400000000005
Burgers,25353,King Burgers Grill,Cafe,CBD,0.99,36.75,616,169,6210.75,201,112,134,7386.75,4116.0,4924.5,0.203970046825707,0.40808353566099,0.32,9,2.66,356.44,2409.44,501.9,279.67,1554.0,0.2743506493506493,0.3262987012987013,0.1818181818181818,0.2175324675324675,22638.0,4745.01
Burgers,26121,Top Burgers Cafe,QSR,North Shore,1.03,39.09,1033,186,7270.74,381,212,254,14893.29,8287.08,9928.86,0.203553366139531,0.365151353762485,0.31,9,2.66,675.64,3135.84,1806.49,1005.18,3606.63,0.1800580832526621,0.3688286544046467,0.2052274927395934,0.2458857696030977,40379.97,9554.14
Burgers,26531,Classic Burgers Grill,Full-service,North Shore,1.03,33.65,2229,781,26280.65,652,362,434,21939.8,12181.3,14604.1,0.364005263929721,0.480285178474151,0.31,4,1.18,512.12,4092.15,-3385.1,-1879.46,1761.88,0.3503813369223867,0.2925078510542844,0.1624046657694033,0.1947061462539255,75005.85,589.4700000000003
Burgers,26046,King Burgers Eatery,QSR,West Auckland,1.04,36.88,1752,372,13719.36,621,345,414,22902.48,12723.6,15268.32,0.214621344208717,0.352614082256332,0.32,13,3.84,1589.76,5937.25,2582.59,1434.77,5017.83,0.2123287671232876,0.3544520547945205,0.1969178082191781,0.2363013698630137,64613.759999999995,14972.44
Burgers,25239,Top Burgers House,QSR,South Auckland,1.05,37.51,1410,263,9865.13,516,287,344,19355.16,10765.37,12903.44,0.203787863515317,0.391328164888546,0.33,10,2.95,1014.8,3994.23,1449.39,806.15,4209.6,0.1865248226950354,0.3659574468085106,0.2035460992907801,0.2439716312056737,52889.100000000006,10459.369999999999
Burgers,25846,Classic Burgers Tavern,QSR,South Auckland,1.05,47.16,1190,274,12921.84,412,229,275,19429.92,10799.64,12969.0,0.212298370189965,0.353666315111332,0.28,6,1.77,486.75,5608.53,2992.89,1663.53,5142.25,0.2302521008403361,0.346218487394958,0.1924369747899159,0.2310924369747899,56120.399999999994,15407.2
Burgers,26615,Lucky Burgers Kitchen,Ghost Kitchen,North Shore,1.03,42.6,1391,66,2811.6,596,331,398,25389.6,14100.6,16954.8,0.253053117392119,0.244501442066394,0.3,3,0.89,354.22,1412.68,5140.01,2854.6,8164.64,0.0474478792235801,0.4284687275341481,0.2379583033788641,0.2861250898634076,59256.59999999999,17571.93
Burgers,26496,King Burgers Tavern,Full-service,North Shore,1.03,42.42,1473,464,19682.88,454,252,303,19258.68,10689.84,12853.26,0.384389365266543,0.455317755485885,0.28,11,3.25,984.75,3155.03,-2305.4,-1279.65,1075.54,0.3150033944331297,0.3082145281737949,0.1710794297352342,0.2057026476578411,62484.659999999996,645.52
Burgers,25972,Top Burgers Diner,QSR,West Auckland,1.04,36.51,1190,245,8944.95,425,236,284,15516.75,8616.36,10368.84,0.243372947108001,0.403086853749119,0.31,5,1.48,420.32,3162.4,675.6,375.16,3245.48,0.2058823529411764,0.3571428571428571,0.1983193277310924,0.2386554621848739,43446.899999999994,7458.639999999999
Burgers,26094,Classic Burgers House,QSR,South Auckland,1.05,35.24,1109,249,8774.76,387,215,258,13637.88,7576.6,9091.92,0.272624118216336,0.376150059769861,0.27,14,4.13,1065.54,3081.92,1107.75,615.42,2127.78,0.2245266005410279,0.3489630297565374,0.193868349864743,0.2326420198376916,39081.159999999996,6932.870000000001
Burgers,26579,Top Burgers House,QSR,CBD,0.99,37.09,1279,213,7900.17,480,266,320,17803.2,9865.94,11868.8,0.269427785519511,0.447769112372771,0.3,18,5.31,1699.2,2234.19,-306.16,-169.66,1657.33,0.1665363565285379,0.3752931978107897,0.2079749804534792,0.2501954652071931,47438.11,3415.7
Burgers,26421,Classic Burgers Kitchen,Full-service,South Auckland,1.05,44.6,782,211,9410.6,257,143,171,11462.2,6377.8,7626.6,0.357330623781309,0.453170109260827,0.32,16,4.72,807.12,1783.3,-1495.83,-832.31,638.12,0.2698209718670076,0.3286445012787723,0.1828644501278772,0.2186700767263427,34877.200000000004,93.28000000000009
Burgers,26584,Urban Burgers Corner,QSR,CBD,0.99,34.04,1848,404,13752.16,650,361,433,22126.0,12288.44,14739.32,0.237446340378374,0.429754122323357,0.3,12,3.54,1532.82,4576.71,725.72,403.06,3372.42,0.2186147186147186,0.3517316017316017,0.1953463203463203,0.2343073593073593,62905.920000000006,9077.91
Burgers,25816,King Burgers Bistro,QSR,South Auckland,1.05,42.63,1180,258,10998.54,415,230,277,17691.45,9804.9,11808.51,0.221569500248879,0.433779739751481,0.31,6,1.77,490.29,3790.66,613.02,339.75,3579.52,0.2186440677966101,0.3516949152542373,0.1949152542372881,0.2347457627118644,50303.4,8322.95
Burgers,25937,King Burgers Bistro,Cafe,CBD,0.99,37.94,1145,290,11002.6,385,214,256,14606.9,8119.16,9712.64,0.219882669001818,0.408589818095788,0.28,16,4.72,1208.32,4087.77,1336.93,743.13,2400.19,0.2532751091703056,0.3362445414847161,0.1868995633187773,0.2235807860262008,43441.3,8568.02
Burgers,25537,Lucky Burgers Bistro,Cafe,West Auckland,1.04,33.6,2023,478,16060.8,695,386,464,23352.0,12969.6,15590.4,0.237761562708765,0.352279457473196,0.29,8,2.36,1095.04,6584.27,2801.28,1555.82,5296.38,0.236282748393475,0.3435491843796342,0.1908057340583292,0.2293623331685615,67972.8,16237.75
Burgers,26386,Lucky Burgers Grill,QSR,CBD,0.99,40.93,531,122,4993.46,184,102,123,7531.12,4174.86,5034.39,0.207575804181397,0.392601751745678,0.28,9,2.66,327.18,1996.5,902.4,500.24,1685.68,0.2297551789077213,0.3465160075329567,0.192090395480226,0.231638418079096,21733.829999999998,5084.820000000001
Burgers,26349,King Burgers House,Cafe,South Auckland,1.05,43.51,1561,469,20406.19,491,273,328,21363.41,11878.23,14271.28,0.2221803567186,0.381613180157728,0.32,9,2.66,872.48,8085.06,1628.03,905.2,4781.89,0.3004484304932735,0.3145419602818706,0.1748878923766816,0.2101217168481742,67919.11,15400.18
Burgers,26592,Top Burgers Tavern,Ghost Kitchen,West Auckland,1.04,40.65,998,65,2642.25,420,233,280,17073.0,9471.45,11382.0,0.254982054687571,0.301066610391717,0.28,15,4.43,1240.4,1173.03,2799.14,1552.86,3812.65,0.065130260521042,0.4208416833667334,0.2334669338677354,0.280561122244489,40568.7,9337.68
Burgers,26633,Classic Burgers Eatery,Cafe,CBD,0.99,30.63,1593,338,10352.94,565,314,376,17305.95,9617.82,11516.88,0.22019971722737,0.41634623715654,0.29,5,1.48,556.48,3762.82,1271.19,706.47,3629.38,0.2121782799748901,0.354676710608914,0.197112366603892,0.2360326428123038,48793.59,9369.86
Burgers,26309,Top Burgers Cafe,Full-service,West Auckland,1.04,46.76,1053,295,13794.2,341,190,227,15945.16,8884.4,10614.52,0.359175120096188,0.452749521797523,0.29,4,1.18,267.86,2594.35,-1625.2,-905.54,1728.47,0.2801519468186135,0.3238366571699905,0.1804368471035137,0.2155745489078822,49238.28,1792.08
Burgers,25018,Lucky Burgers House,QSR,West Auckland,1.04,31.81,1329,282,8970.42,471,262,314,14982.51,8334.22,9988.34,0.269880897123367,0.375582011579536,0.32,18,5.31,1667.34,3180.35,517.45,287.84,1873.9,0.2121896162528216,0.3544018058690745,0.1971407072987208,0.236267870579383,42275.490000000005,5859.540000000001
Burgers,25462,Classic Burgers Grill,Cafe,West Auckland,1.04,42.89,1191,267,11451.63,416,231,277,17842.24,9907.59,11880.53,0.265862619709224,0.3540653136326,0.3,6,1.77,490.29,4352.44,1428.67,793.32,4025.17,0.2241813602015113,0.3492863140218304,0.1939546599496221,0.2325776658270361,51081.990000000005,10599.599999999999
Burgers,25748,King Burgers House,QSR,CBD,0.99,34.92,895,161,5622.12,330,184,220,11523.6,6425.28,7682.4,0.20463999202475,0.432947133923881,0.33,12,3.54,778.8,2037.53,373.51,208.26,2005.4,0.1798882681564245,0.3687150837988827,0.2055865921787709,0.2458100558659217,31253.4,4624.700000000001
Burgers,25586,Classic Burgers Corner,QSR,West Auckland,1.04,32.07,874,196,6285.72,305,170,203,9781.35,5451.9,6510.21,0.271731525175273,0.447104084421881,0.31,7,2.07,420.21,1767.32,-282.05,-157.21,1410.23,0.2242562929061785,0.3489702517162471,0.1945080091533181,0.2322654462242563,28029.18,2738.29
Burgers,25668,Lucky Burgers Bistro,QSR,CBD,0.99,42.18,644,124,5230.32,234,130,156,9870.12,5483.4,6580.08,0.271654561050236,0.408055930281989,0.33,3,0.89,138.84,1675.22,-95.84,-53.25,1968.69,0.1925465838509316,0.3633540372670807,0.201863354037267,0.2422360248447205,27163.92,3494.82
Burgers,26127,King Burgers Cafe,Ghost Kitchen,North Shore,1.03,45.5,1161,65,2957.5,493,274,329,22431.5,12467.0,14969.5,0.285928341536783,0.293624113139231,0.31,4,1.18,388.22,1243.47,2477.5,1376.95,5905.67,0.0559862187769164,0.4246339362618432,0.2360034453057709,0.2833763996554694,52825.5,11003.59
Burgers,26359,Classic Burgers Corner,QSR,South Auckland,1.05,46.28,1946,389,18002.92,701,389,467,32442.28,18002.92,21612.76,0.2069785749726,0.418698744033463,0.27,18,5.31,2479.77,6738.9,3384.47,1878.11,5610.38,0.1998972250770812,0.3602261048304214,0.1998972250770812,0.2399794450154162,90060.87999999999,17611.86
Burgers,26279,King Burgers Diner,QSR,West Auckland,1.04,32.93,561,101,3325.93,207,115,138,6816.51,3786.95,4544.34,0.240024389028549,0.398121363692917,0.29,15,4.43,611.34,1203.5,489.8,272.11,1033.05,0.1800356506238859,0.3689839572192513,0.2049910873440285,0.2459893048128342,18473.73,2998.46
Burgers,25673,Lucky Burgers Diner,QSR,West Auckland,1.04,43.08,1157,253,10899.24,407,226,271,17533.56,9736.08,11674.68,0.258244108911604,0.422158598154783,0.3,16,4.72,1279.12,3483.37,343.61,190.8,2452.08,0.2186689714779602,0.351771823681936,0.1953327571305099,0.2342264477095937,49843.560000000005,6469.860000000001
Burgers,25028,Urban Burgers Kitchen,Cafe,CBD,0.99,35.61,1933,522,18588.42,635,353,423,22612.35,12570.33,15063.03,0.225109694935381,0.364110324322246,0.31,6,1.77,748.71,7635.75,2278.87,1266.84,5438.88,0.2700465597516813,0.3285049146404552,0.1826176927056389,0.2188308329022245,68834.13,16620.34
Burgers,26120,Urban Burgers Kitchen,Cafe,South Auckland,1.05,42.66,956,220,9385.2,331,184,221,14120.46,7849.44,9427.86,0.210449503902346,0.3555563315982,0.28,12,3.54,782.34,4073.12,2174.47,1208.77,3309.3,0.2301255230125523,0.3462343096234309,0.1924686192468619,0.2311715481171548,40782.96,10765.66
Burgers,25798,Top Burgers Tavern,QSR,West Auckland,1.04,46.45,1520,332,15421.4,535,297,356,24850.75,13795.65,16536.2,0.273251890223473,0.420943902456202,0.27,7,2.07,736.92,4715.93,889.76,493.94,4319.92,0.2184210526315789,0.3519736842105263,0.1953947368421052,0.2342105263157894,70604.0,10419.55
Burgers,26404,Top Burgers Eatery,Cafe,West Auckland,1.04,45.98,1403,386,17748.28,458,254,305,21058.84,11678.92,14023.9,0.21447697095573,0.351445858273655,0.33,15,4.43,1351.15,7704.12,2191.74,1215.51,4736.3,0.2751247327156094,0.3264433357091946,0.1810406272273699,0.217391304347826,64509.939999999995,15847.670000000002
Burgers,25354,Classic Burgers Diner,QSR,CBD,0.99,36.87,1558,301,11097.87,566,314,377,20868.42,11577.18,13899.99,0.238315882049501,0.421141669014469,0.28,4,1.18,444.86,3779.3,1263.43,700.91,4288.68,0.193196405648267,0.3632862644415918,0.2015404364569961,0.241976893453145,57443.46,10032.32
Burgers,25437,King Burgers Corner,QSR,CBD,0.99,43.71,1707,307,13418.97,630,350,420,27537.3,15298.5,18358.2,0.211043594963849,0.405638395482674,0.31,11,3.25,1365.0,5143.73,2018.98,1121.66,5672.03,0.1798476859988283,0.3690685413005272,0.2050380785002929,0.2460456942003515,74612.97,13956.399999999998
Burgers,25871,Urban Burgers Cafe,QSR,West Auckland,1.04,33.42,1350,287,9591.54,478,266,319,15974.76,8889.72,10660.98,0.200827288627625,0.383602184802294,0.29,18,5.31,1693.89,3985.96,2005.96,1116.29,2736.5,0.2125925925925925,0.3540740740740741,0.197037037037037,0.2362962962962963,45117.0,9844.71
Burgers,26170,King Burgers House,Ghost Kitchen,West Auckland,1.04,41.0,889,25,1025.0,389,216,259,15949.0,8856.0,10619.0,0.288388713414315,0.263804073026404,0.28,11,3.25,841.75,459.0,2676.36,1486.1,3913.51,0.0281214848143982,0.437570303712036,0.2429696287964004,0.2913385826771653,36449.0,8534.970000000001
Burgers,26534,Lucky Burgers House,Cafe,West Auckland,1.04,44.79,2103,590,26426.1,681,378,454,30501.99,16930.62,20334.66,0.245683661978692,0.435131373698823,0.28,8,2.36,1071.44,8434.81,1195.22,663.43,5419.08,0.2805515929624346,0.3238231098430813,0.1797432239657632,0.2158820732287208,94193.37,15712.539999999999
Burgers,25968,Lucky Burgers House,QSR,North Shore,1.03,37.17,1605,300,11151.0,587,326,392,21818.79,12117.42,14570.64,0.214260496068746,0.439951508818194,0.29,13,3.84,1505.28,3855.88,1217.23,676.01,3533.07,0.1869158878504672,0.3657320872274143,0.2031152647975078,0.2442367601246106,59657.85,9282.19
Burgers,25567,King Burgers Eatery,Cafe,CBD,0.99,35.08,1379,421,14768.68,431,240,287,15119.48,8419.2,10067.96,0.23693563869223,0.428326791757718,0.29,12,3.54,1015.98,4943.63,676.41,376.65,2354.14,0.3052936910804931,0.312545322697607,0.1740391588107324,0.2081218274111675,48375.32,8350.83
Burgers,25823,Classic Burgers Bistro,Cafe,North Shore,1.03,40.69,1268,277,11271.13,446,248,297,18147.74,10091.12,12084.93,0.242359750363976,0.383713378338143,0.32,18,5.31,1577.07,4214.58,978.65,544.18,2941.81,0.2184542586750788,0.3517350157728706,0.195583596214511,0.2342271293375394,51594.920000000006,8679.22
Burgers,25490,King Burgers Eatery,Full-service,North Shore,1.03,37.97,883,290,11011.3,267,148,178,10137.99,5619.56,6758.66,0.351409105490893,0.466645761206746,0.28,3,0.89,158.42,2003.45,-994.08,-551.03,1071.29,0.3284258210645526,0.3023782559456399,0.1676104190260475,0.2015855039637599,33527.51,1529.63
Burgers,26139,Classic Burgers Bistro,Cafe,North Shore,1.03,32.11,955,231,7417.41,326,181,217,10467.86,5811.91,6967.87,0.236294738762081,0.421600317815319,0.29,13,3.84,833.28,2537.53,545.43,302.83,1550.46,0.2418848167539267,0.3413612565445026,0.1895287958115183,0.2272251308900523,30665.05,4936.25
Burgers,26410,Classic Burgers Tavern,Ghost Kitchen,West Auckland,1.04,37.99,1169,76,2887.24,492,273,328,18691.08,10371.27,12460.72,0.276286291971337,0.261323866236489,0.31,6,1.77,580.56,1335.03,2848.33,1580.48,5181.15,0.0650128314798973,0.4208725406330196,0.2335329341317365,0.2805816937553465,44410.31,10944.99
Burgers,26154,Urban Burgers Bistro,Ghost Kitchen,West Auckland,1.04,42.2,1484,84,3544.8,630,350,420,26586.0,14770.0,17724.0,0.259973188582808,0.297896988014691,0.31,12,3.54,1486.8,1567.26,3512.8,1951.56,6349.51,0.0566037735849056,0.4245283018867924,0.2358490566037736,0.2830188679245283,62624.8,13381.130000000001
Burgers,25942,Lucky Burgers Eatery,Cafe,West Auckland,1.04,36.32,996,252,9152.64,335,186,223,12167.2,6755.52,8099.36,0.249211878646165,0.408902552304789,0.3,8,2.36,526.28,3129.16,509.63,282.96,2242.77,0.253012048192771,0.3363453815261044,0.1867469879518072,0.2238955823293172,36174.72,6164.52
Burgers,25670,Urban Burgers Cafe,QSR,CBD,0.99,44.05,1528,343,15109.15,533,296,356,23478.65,13038.8,15681.8,0.221027760151774,0.370199644449167,0.31,17,5.02,1787.12,6176.21,2319.05,1287.88,4623.17,0.2244764397905759,0.3488219895287958,0.193717277486911,0.2329842931937172,67308.40000000001,14406.31
Burgers,26186,Lucky Burgers Cafe,QSR,South Auckland,1.05,42.65,1925,372,15865.8,699,388,466,29812.35,16548.2,19874.9,0.255556126032025,0.417250605043955,0.3,17,5.02,2339.32,5191.18,810.7,450.0,4163.61,0.1932467532467532,0.3631168831168831,0.2015584415584415,0.2420779220779221,82101.25,10615.49
Burgers,26268,Lucky Burgers Grill,Ghost Kitchen,South Auckland,1.05,38.79,714,34,1318.86,306,170,204,11869.74,6594.3,7913.16,0.271578203991521,0.283060144330375,0.32,9,2.66,542.64,587.37,1488.01,826.67,2981.58,0.0476190476190476,0.4285714285714285,0.238095238095238,0.2857142857142857,27696.06,5883.63
Burgers,25581,King Burgers Corner,Ghost Kitchen,North Shore,1.03,42.52,1607,132,5612.64,664,369,442,28233.28,15689.88,18793.84,0.29714243307244,0.282183994189836,0.32,15,4.43,1958.06,2361.09,2842.35,1579.56,5948.01,0.0821406347230865,0.4131922837585563,0.2296204107031736,0.2750466708151836,68329.64,12731.01
Burgers,26323,Lucky Burgers House,Ghost Kitchen,West Auckland,1.04,31.54,1391,103,3248.62,580,322,386,18293.2,10155.88,12174.44,0.290860171930399,0.261603491066489,0.31,8,2.36,910.96,1453.88,2515.98,1396.8,4537.54,0.0740474478792235,0.4169662113587347,0.2314881380301941,0.2774982027318476,43872.14,9904.2
Burgers,26686,Lucky Burgers Tavern,QSR,North Shore,1.03,44.43,728,159,7064.37,256,142,171,11374.08,6309.06,7597.53,0.221037969999015,0.427857678942382,0.29,16,4.72,807.12,2480.33,695.01,385.51,1860.41,0.2184065934065934,0.3516483516483517,0.195054945054945,0.2348901098901099,32345.04,5421.26
Burgers,26595,Urban Burgers Grill,Cafe,South Auckland,1.05,45.98,1698,361,16598.78,602,334,401,27679.96,15357.32,18437.98,0.222722591944039,0.435949814785272,0.27,10,2.95,1182.95,5665.62,1974.34,1095.4,5110.44,0.212603062426384,0.3545347467608952,0.1967020023557126,0.2361601884570082,78074.04,13845.8
Burgers,26151,Urban Burgers Corner,Ghost Kitchen,CBD,0.99,35.21,753,62,2183.02,311,173,207,10950.31,6091.33,7288.47,0.28740864819847,0.272643319063354,0.32,17,5.02,1039.14,960.42,1313.47,730.64,2167.41,0.0823373173970783,0.4130146082337317,0.2297476759628154,0.2749003984063745,26513.13,5171.94
Burgers,25598,Top Burgers Diner,Cafe,North Shore,1.03,40.75,2131,651,26528.25,666,370,444,27139.5,15077.5,18093.0,0.233744969405234,0.377851140359417,0.29,5,1.48,657.12,10303.68,2670.63,1483.68,6370.27,0.3054903801032379,0.3125293289535429,0.1736274049741905,0.2083528859690286,86838.25,20828.260000000002
Burgers,26043,King Burgers Diner,Cafe,North Shore,1.03,38.27,831,166,6352.82,299,166,200,11442.73,6352.82,7654.0,0.254668769221753,0.361227567493916,0.33,10,2.95,590.0,2440.14,619.09,343.71,2349.93,0.1997593261131167,0.3598074608904933,0.1997593261131167,0.2406738868832731,31802.37,5752.87
Burgers,25237,Top Burgers Bistro,QSR,West Auckland,1.04,37.33,1566,303,11310.99,568,316,379,21203.44,11796.28,14148.07,0.202581359725446,0.375410876353271,0.33,14,4.13,1565.27,4773.33,1950.88,1085.35,4405.33,0.1934865900383141,0.3627075351213282,0.2017879948914431,0.2420178799489144,58458.78,12214.89
Burgers,26208,Urban Burgers Corner,QSR,North Shore,1.03,37.13,831,171,6349.23,297,165,198,11027.61,6126.45,7351.74,0.222673980481923,0.409076229901984,0.28,17,5.02,993.96,2338.1,973.18,540.66,1713.32,0.2057761732851985,0.3574007220216607,0.1985559566787003,0.2382671480144404,30855.03,5565.259999999999
Burgers,25672,Lucky Burgers Bistro,Cafe,West Auckland,1.04,39.53,1862,559,22097.27,586,326,391,23164.58,12886.78,15456.23,0.253144157938659,0.376590094668791,0.31,12,3.54,1384.14,8181.86,1396.03,776.63,4338.77,0.3002148227712137,0.3147153598281418,0.1750805585392051,0.2099892588614393,73604.86,14693.289999999999
Burgers,25563,Urban Burgers Tavern,Full-service,West Auckland,1.04,39.26,1524,395,15507.7,508,282,339,19944.08,11071.32,13309.14,0.35291955138091,0.463440340547822,0.29,18,5.31,1800.09,2847.84,-2121.25,-1177.54,644.0,0.2591863517060367,0.3333333333333333,0.1850393700787401,0.2224409448818897,59832.24,193.05000000000018
Burgers,25550,Top Burgers Corner,Cafe,West Auckland,1.04,38.65,1887,529,20445.85,611,340,407,23615.15,13141.0,15730.55,0.269452202897519,0.356036591390148,0.32,16,4.72,1921.04,7657.2,1287.29,716.33,3970.23,0.2803391626921038,0.323794382617912,0.1801801801801801,0.2156862745098039,72932.55,13631.05
Burgers,26039,Classic Burgers Grill,Cafe,West Auckland,1.04,42.51,1058,302,12838.02,340,189,227,14453.4,8034.39,9649.77,0.264760888498277,0.385405247565359,0.29,18,5.31,1205.37,4491.17,864.8,480.73,2170.45,0.2854442344045368,0.3213610586011342,0.1786389413988658,0.2145557655954631,44975.58,8007.150000000001
Burgers,25917,King Burgers Kitchen,Cafe,West Auckland,1.04,38.8,1425,385,14938.0,468,260,312,18158.4,10088.0,12105.6,0.208901475965977,0.417478324985132,0.27,8,2.36,736.32,5581.14,1881.58,1045.32,3786.58,0.2701754385964912,0.3284210526315789,0.1824561403508772,0.2189473684210526,55290.0,12294.62
Burgers,26457,Top Burgers Bistro,QSR,North Shore,1.03,38.74,1128,253,9801.22,394,219,262,15263.56,8484.06,10149.88,0.246101893465966,0.44476930256933,0.28,3,0.89,233.18,3029.84,444.61,247.13,2904.44,0.2242907801418439,0.3492907801418439,0.1941489361702127,0.2322695035460993,43698.719999999994,6626.02
Burgers,26200,Classic Burgers Bistro,Cafe,West Auckland,1.04,36.79,1679,397,14605.63,577,320,385,21227.83,11772.8,14164.15,0.231192792523652,0.359439315344207,0.3,13,3.84,1478.4,5979.08,2321.64,1287.57,4319.95,0.2364502680166766,0.3436569386539607,0.190589636688505,0.2293031566408576,61770.409999999996,13908.239999999998
Burgers,26551,Top Burgers Cafe,Ghost Kitchen,CBD,0.99,33.99,845,40,1359.6,362,201,242,12304.38,6831.99,8225.58,0.296113993425388,0.258441539178602,0.29,5,1.48,358.16,605.63,1912.65,1062.0,3305.88,0.0473372781065088,0.4284023668639053,0.2378698224852071,0.2863905325443787,28721.550000000003,6886.16
Burgers,25112,Classic Burgers Cafe,QSR,CBD,0.99,38.54,1525,305,11754.7,549,305,366,21158.46,11754.7,14105.64,0.246604162529111,0.38791412259452,0.29,15,4.43,1621.38,4296.13,1597.08,887.26,3533.97,0.2,0.36,0.2,0.24,58773.5,10314.44
Burgers,25571,Classic Burgers Tavern,Cafe,South Auckland,1.05,39.35,1923,578,22744.3,605,336,404,23806.75,13221.6,15897.4,0.213036691173911,0.442293559922837,0.31,13,3.84,1551.36,7839.27,825.37,458.39,3927.99,0.3005720228809152,0.3146125845033801,0.1747269890795632,0.2100884035361414,75670.05,13051.02
Burgers,26384,Urban Burgers Tavern,QSR,North Shore,1.03,38.79,1616,323,12529.17,582,323,388,22575.78,12529.17,15050.52,0.255428561922163,0.355401323363185,0.31,12,3.54,1373.52,4875.98,1787.33,991.94,4483.69,0.1998762376237624,0.3601485148514851,0.1998762376237624,0.2400990099009901,62684.64,12138.939999999999
Burgers,26090,Classic Burgers Kitchen,Cafe,CBD,0.99,38.97,838,178,6936.66,297,165,198,11574.09,6430.05,7716.06,0.246713898573071,0.372519539762288,0.31,11,3.25,643.5,2641.25,819.06,455.03,2294.52,0.2124105011933174,0.3544152744630071,0.1968973747016706,0.2362768496420047,32656.86,6209.860000000001
Burgers,25601,Urban Burgers Tavern,QSR,West Auckland,1.04,35.83,1436,259,9279.97,530,294,353,18989.9,10534.02,12647.99,0.223330447860062,0.410070207272656,0.32,14,4.13,1457.89,3402.03,884.92,490.88,3178.85,0.1803621169916434,0.3690807799442896,0.2047353760445682,0.2458217270194986,51451.88,7956.68
Burgers,25359,Lucky Burgers Kitchen,Cafe,West Auckland,1.04,39.61,1699,350,13863.5,607,337,405,24043.27,13348.57,16042.05,0.273720501009375,0.435513705620542,0.32,14,4.13,1672.65,4031.03,-702.89,-390.23,2991.83,0.2060035314891112,0.3572689817539729,0.1983519717480871,0.2383755150088287,67297.39,5929.74
Burgers,25958,Top Burgers Cafe,QSR,North Shore,1.03,45.69,566,106,4843.14,207,115,138,9457.83,5254.35,6305.22,0.200906160548329,0.379106372431852,0.3,4,1.18,162.84,2034.06,1134.82,630.46,2485.27,0.1872791519434629,0.3657243816254417,0.2031802120141342,0.2438162544169611,25860.54,6284.610000000001
Burgers,26658,Classic Burgers Grill,Ghost Kitchen,CBD,0.99,34.09,1088,80,2727.2,454,252,302,15476.86,8590.68,10295.18,0.274295223562513,0.32992309757974,0.28,12,3.54,1069.08,1079.38,1791.94,994.64,3005.56,0.0735294117647058,0.4172794117647059,0.2316176470588235,0.2775735294117647,37089.92,6871.52
Burgers,25120,Urban Burgers Eatery,Cafe,West Auckland,1.04,42.45,1226,268,11376.6,431,240,287,18295.95,10188.0,12183.15,0.237274351101369,0.355845061386935,0.28,10,2.95,846.65,4628.92,2321.4,1292.66,4110.44,0.2185970636215334,0.3515497553017944,0.1957585644371941,0.2340946166394779,52043.700000000004,12353.419999999998
Burgers,25381,King Burgers Diner,Cafe,CBD,0.99,39.54,1330,337,13324.98,447,248,298,17674.38,9805.92,11782.92,0.241751656010747,0.440042150276713,0.31,6,1.77,527.46,4240.09,145.04,80.47,3221.94,0.2533834586466165,0.3360902255639098,0.1864661654135338,0.2240601503759398,52588.2,7687.540000000001
Burgers,26440,Urban Burgers Eatery,Cafe,North Shore,1.03,45.52,1211,327,14885.04,398,221,265,18116.96,10059.92,12062.8,0.212935674451292,0.376308752084151,0.32,15,4.43,1173.95,6114.11,1644.22,912.99,3780.91,0.2700247729149463,0.3286540049545829,0.1824938067712634,0.2188274153592072,55124.72,12452.23
Burgers,25148,Lucky Burgers Cafe,QSR,West Auckland,1.04,46.63,1277,230,10724.9,471,262,314,21962.73,12217.06,14641.82,0.262106711957604,0.36200443492271,0.29,8,2.36,741.04,4031.37,1886.35,1049.31,4762.66,0.1801096319498825,0.3688332028191073,0.2051683633516053,0.2458888018794048,59546.509999999995,11729.689999999999
Burgers,26158,Top Burgers Tavern,Full-service,North Shore,1.03,38.36,1107,327,12543.72,351,195,234,13464.36,7480.2,8976.24,0.351834394095931,0.472950530657545,0.3,15,4.43,1036.62,2197.85,-1680.15,-933.42,536.15,0.2953929539295393,0.3170731707317073,0.1761517615176151,0.2113821138211382,42464.52,120.42999999999984
Burgers,26197,Urban Burgers Corner,Ghost Kitchen,North Shore,1.03,36.93,826,68,2511.24,341,190,227,12593.13,7016.7,8383.11,0.252041992987506,0.301198174175806,0.32,17,5.02,1139.54,1121.92,1596.3,889.44,2605.7,0.0823244552058111,0.4128329297820823,0.2300242130750605,0.274818401937046,30504.18,6213.360000000001
Burgers,25559,Top Burgers Eatery,Cafe,West Auckland,1.04,31.56,1981,421,13286.76,702,390,468,22155.12,12308.4,14770.08,0.22628895400092,0.432838282175362,0.29,15,4.43,2073.24,4529.09,1127.09,626.16,2961.48,0.2125189298334174,0.3543664815749621,0.1968702675416456,0.2362443210499747,62520.36,9243.82
Burgers,25742,Lucky Burgers Eatery,QSR,North Shore,1.03,31.12,1518,263,8184.56,565,314,376,17582.8,9771.68,11701.12,0.254061599932611,0.443246988719329,0.31,13,3.84,1443.84,2477.4,-128.51,-71.42,2097.99,0.1732542819499341,0.3722002635046113,0.2068511198945981,0.2476943346508563,47240.16,4375.46
Burgers,25763,King Burgers Bistro,Cafe,CBD,0.99,42.59,535,120,5110.8,187,104,124,7964.33,4429.36,5281.16,0.251316444799304,0.351504382374696,0.3,14,4.13,512.12,2029.9,773.97,430.44,1585.45,0.2242990654205607,0.3495327102803738,0.1943925233644859,0.2317757009345794,22785.65,4819.76
Burgers,25998,Lucky Burgers House,Cafe,West Auckland,1.04,33.37,672,185,6173.45,219,122,146,7308.03,4071.14,4872.02,0.246737139690667,0.419577346136793,0.28,5,1.48,216.08,2059.99,392.34,218.56,1409.64,0.275297619047619,0.3258928571428571,0.181547619047619,0.2172619047619047,22424.64,4080.5299999999997
Burgers,26533,Top Burgers Diner,Ghost Kitchen,West Auckland,1.04,37.94,1147,44,1669.36,496,276,331,18818.24,10471.44,12558.14,0.264851968921721,0.217537490196992,0.29,14,4.13,1367.03,864.08,4283.23,2383.41,5133.2,0.038360941586748,0.4324324324324324,0.2406277244986922,0.2885789014821273,43517.18,12663.919999999998
Burgers,25914,Urban Burgers Diner,Cafe,North Shore,1.03,31.66,1372,348,11017.68,461,256,307,14595.26,8104.96,9719.62,0.240962068364024,0.423614705004729,0.28,10,2.95,905.65,3695.59,808.92,449.2,2354.54,0.2536443148688047,0.3360058309037901,0.1865889212827988,0.2237609329446064,43437.520000000004,7308.25
Burgers,26169,Classic Burgers House,QSR,South Auckland,1.05,41.73,1289,232,9681.36,476,264,317,19863.48,11016.72,13228.41,0.254704414848238,0.368392519257031,0.31,5,1.48,469.16,3648.93,1328.93,737.05,4516.67,0.1799844840961986,0.369278510473235,0.2048099301784328,0.2459270752521334,53789.97,10231.58
Burgers,25432,King Burgers Eatery,Cafe,North Shore,1.03,40.76,876,207,8437.32,301,167,201,12268.76,6806.92,8192.76,0.241914646159858,0.409190202481113,0.3,18,5.31,1067.31,2943.74,599.88,332.83,1791.1,0.2363013698630137,0.3436073059360731,0.1906392694063927,0.2294520547945205,35705.76,5667.549999999999
Burgers,26165,Classic Burgers Corner,QSR,South Auckland,1.05,39.13,1578,315,12325.95,568,316,379,22225.84,12365.08,14830.27,0.262688679732382,0.415173901803792,0.33,7,2.07,784.53,3970.65,-174.75,-97.22,3992.85,0.1996197718631178,0.3599493029150823,0.2002534854245881,0.2401774397972116,61747.14,7691.530000000001
Burgers,25600,Classic Burgers Tavern,QSR,West Auckland,1.04,44.6,1185,221,9856.6,434,241,289,19356.4,10748.6,12889.4,0.219056067727506,0.381411945819855,0.28,17,5.02,1450.78,3938.03,2313.71,1284.8,3698.95,0.1864978902953586,0.3662447257383966,0.2033755274261603,0.2438818565400844,52851.0,11235.49
Burgers,25840,Top Burgers Diner,QSR,West Auckland,1.04,40.44,615,123,4974.12,221,123,148,8937.24,4974.12,5985.12,0.207354236282408,0.405242015910335,0.28,3,0.89,131.72,1926.99,959.89,534.24,2186.94,0.2,0.359349593495935,0.2,0.240650406504065,24870.6,5608.0599999999995
Burgers,26449,Lucky Burgers Tavern,Cafe,West Auckland,1.04,31.69,1081,314,9950.66,345,192,230,10933.05,6084.48,7288.7,0.218144442792982,0.355344521906227,0.31,16,4.72,1085.6,4244.07,1273.82,708.91,2023.11,0.2904717853839038,0.3191489361702128,0.1776133209990749,0.2127659574468085,34256.89,8249.91
Chicken Dishes,25027,Urban Chicken Dishes Cafe,Cafe,North Shore,1.03,39.82,1377,407,16206.74,582,242,146,23175.24,9636.44,5813.72,0.244531283825636,0.439912853459828,0.28,11,3.25,474.5,5114.13,824.02,342.63,1360.05,0.2955700798838053,0.4226579520697168,0.1757443718228032,0.1060275962236746,54832.14000000001,7640.83
Chicken Dishes,26400,Urban Chicken Dishes Tavern,QSR,South Auckland,1.05,46.2,1073,221,10210.2,511,213,128,23608.2,9840.6,5913.6,0.249170163515955,0.397989060007967,0.27,10,2.95,377.6,3602.57,1955.72,815.2,1708.96,0.2059645852749301,0.4762348555452004,0.1985088536812674,0.119291705498602,49572.6,8082.45
Chicken Dishes,26078,Urban Chicken Dishes Diner,QSR,West Auckland,1.04,41.28,1546,319,13168.32,736,307,184,30382.08,12672.96,7595.52,0.232272156216204,0.429688364639878,0.33,16,4.72,868.48,4451.41,244.26,101.88,1699.11,0.2063389391979301,0.4760672703751617,0.1985769728331177,0.1190168175937904,63818.880000000005,6496.66
Chicken Dishes,25610,King Chicken Dishes Tavern,Cafe,South Auckland,1.05,43.18,600,165,7124.7,261,109,65,11269.98,4706.62,2806.7,0.215217293072492,0.433281878195703,0.33,8,2.36,153.4,2504.34,242.31,101.2,833.16,0.275,0.435,0.1816666666666666,0.1083333333333333,25908.0,3681.0099999999998
Chicken Dishes,25524,Lucky Chicken Dishes Eatery,QSR,South Auckland,1.05,46.25,1163,247,11423.75,550,229,137,25437.5,10591.25,6336.25,0.224442921560258,0.412300766445696,0.29,6,1.77,242.49,4149.75,1863.46,775.88,2059.19,0.2123817712811694,0.472914875322442,0.1969045571797076,0.117798796216681,53788.75,8848.28
Chicken Dishes,26144,Top Chicken Dishes Eatery,Ghost Kitchen,CBD,0.99,34.35,1071,88,3022.8,590,246,147,20266.5,8450.1,5049.45,0.292466923908796,0.265248913434334,0.33,14,4.13,607.11,1336.94,2275.61,948.81,1626.18,0.0821661998132586,0.5508870214752568,0.2296918767507002,0.1372549019607843,36788.85,6187.540000000001
Chicken Dishes,25269,Top Chicken Dishes Tavern,QSR,South Auckland,1.05,42.92,1256,217,9313.64,623,260,156,26739.16,11159.2,6695.52,0.23040033986792,0.402880302700214,0.29,5,1.48,230.88,3415.49,2051.41,856.13,2224.5,0.1727707006369426,0.4960191082802547,0.2070063694267516,0.1242038216560509,53907.520000000004,8547.529999999999
Chicken Dishes,25715,Classic Chicken Dishes Corner,Cafe,CBD,0.99,36.98,627,159,5879.82,281,117,70,10391.38,4326.66,2588.6,0.269088426344097,0.443697705469094,0.31,16,4.72,330.4,1688.77,-236.78,-98.59,413.08,0.2535885167464115,0.4481658692185008,0.1866028708133971,0.1116427432216905,23186.46,1766.48
Chicken Dishes,25995,Urban Chicken Dishes Kitchen,Cafe,North Shore,1.03,41.85,1676,366,15317.1,786,328,196,32894.1,13726.8,8202.6,0.216816678419709,0.415236765076406,0.28,3,0.89,174.44,5635.87,2892.92,1207.22,2843.68,0.2183770883054892,0.4689737470167064,0.1957040572792363,0.116945107398568,70140.6,12579.69
Chicken Dishes,25615,Lucky Chicken Dishes Diner,Cafe,West Auckland,1.04,41.26,1751,444,18319.44,784,327,196,32347.84,13492.02,8086.96,0.243740165624768,0.438862110255286,0.29,3,0.89,174.44,5814.55,886.26,369.65,2392.34,0.2535693889206168,0.4477441462021702,0.1867504283266704,0.1119360365505425,72246.26000000001,9462.8
Chicken Dishes,25297,King Chicken Dishes Tavern,Ghost Kitchen,South Auckland,1.05,40.44,1513,125,5055.0,833,347,208,33686.52,14032.68,8411.52,0.292890322674066,0.321109368395992,0.32,13,3.84,798.72,1951.23,2223.32,926.16,2448.13,0.0826173165895571,0.550561797752809,0.2293456708526107,0.1374752148050231,61185.72,7548.84
Chicken Dishes,26336,Classic Chicken Dishes Diner,QSR,West Auckland,1.04,34.75,1560,321,11154.75,743,310,186,25819.25,10772.5,6463.5,0.233758511506021,0.37409615800716,0.28,8,2.36,438.96,4374.28,2895.51,1208.09,2095.67,0.2057692307692307,0.4762820512820512,0.1987179487179487,0.1192307692307692,54210.0,10573.55
Chicken Dishes,25108,Urban Chicken Dishes Eatery,Cafe,West Auckland,1.04,46.15,1739,380,17537.0,815,340,204,37612.25,15691.0,9414.6,0.253589859586209,0.356753990403377,0.28,16,4.72,962.88,6833.4,4124.41,1720.61,2705.58,0.2185163887291547,0.4686601495112133,0.19551466359977,0.1173087981598619,80254.85,15384.0
Chicken Dishes,26023,Classic Chicken Dishes Cafe,Cafe,North Shore,1.03,39.76,2199,682,27116.32,910,379,228,36181.6,15069.04,9065.28,0.252683397009969,0.378598331613466,0.28,7,2.07,471.96,9998.28,3209.97,1336.9,2870.57,0.3101409731696226,0.4138244656662119,0.1723510686675761,0.1036834924965893,87432.23999999999,17415.72
Chicken Dishes,25766,Lucky Chicken Dishes Diner,QSR,South Auckland,1.05,40.28,1342,223,8982.44,671,280,168,27027.88,11278.4,6767.04,0.248494998831302,0.410611086990684,0.29,16,4.72,792.96,3062.06,1375.55,574.0,1513.88,0.1661698956780924,0.5,0.2086438152011922,0.1251862891207153,54055.76,6525.49
Chicken Dishes,25710,King Chicken Dishes Eatery,Cafe,South Auckland,1.05,33.32,915,242,8063.44,404,168,101,13461.28,5597.76,3365.32,0.224992689006031,0.362242970848456,0.29,11,3.25,328.25,3328.3,1652.57,687.21,1060.83,0.2644808743169399,0.4415300546448087,0.1836065573770491,0.1103825136612021,30487.800000000003,6728.91
Chicken Dishes,25712,Classic Chicken Dishes House,Cafe,North Shore,1.03,44.49,1359,395,17573.55,578,241,145,25715.22,10722.09,6451.05,0.252607616316527,0.449872615956701,0.3,8,2.36,342.2,5228.48,-63.78,-26.59,1577.11,0.2906548933038999,0.4253127299484915,0.177336276674025,0.1066961000735835,60461.91,6715.219999999999
Chicken Dishes,25349,Classic Chicken Dishes Cafe,QSR,CBD,0.99,31.62,486,87,2750.94,239,100,60,7557.18,3162.0,1897.2,0.273522344883531,0.437762876972556,0.31,8,2.36,141.6,794.24,-160.86,-67.3,406.15,0.1790123456790123,0.4917695473251028,0.205761316872428,0.1234567901234567,15367.320000000002,972.23
Chicken Dishes,26008,King Chicken Dishes Bistro,QSR,CBD,0.99,38.11,761,166,6326.26,357,149,89,13605.27,5678.39,3391.79,0.250427420157939,0.40718239499256,0.31,13,3.84,341.76,2166.05,440.68,183.92,819.56,0.2181340341655716,0.469119579500657,0.1957950065703022,0.1169513797634691,29001.71,3610.21
Chicken Dishes,25850,Top Chicken Dishes Eatery,QSR,West Auckland,1.04,42.53,1220,259,11015.27,577,240,144,24539.81,10207.2,6124.32,0.272642806898803,0.430930687393993,0.32,3,0.89,128.16,3265.22,-578.49,-240.62,1687.25,0.2122950819672131,0.4729508196721311,0.1967213114754098,0.1180327868852459,51886.6,4133.36
Chicken Dishes,26015,King Chicken Dishes Kitchen,QSR,West Auckland,1.04,39.58,1621,354,14011.32,760,317,190,30080.8,12546.86,7520.2,0.278203928302974,0.431124492408708,0.32,4,1.18,224.2,4072.69,-882.22,-367.98,1961.71,0.2183837137569401,0.4688463911165947,0.1955582973473164,0.1172115977791486,64159.17999999999,4784.200000000001
Chicken Dishes,26012,Urban Chicken Dishes Eatery,Cafe,South Auckland,1.05,39.07,2084,551,21527.57,920,383,230,35944.4,14963.81,8986.1,0.268489274159074,0.367201791936532,0.32,3,0.89,204.7,7842.69,1592.66,663.03,3069.02,0.2643953934740883,0.4414587332053742,0.1837811900191938,0.1103646833013435,81421.88,13167.400000000001
Chicken Dishes,25425,Lucky Chicken Dishes Diner,Ghost Kitchen,West Auckland,1.04,32.36,1105,52,1682.72,632,263,158,20451.52,8510.68,5112.88,0.296541053603869,0.223851376934908,0.29,17,5.02,793.16,807.05,3877.76,1613.69,1659.02,0.0470588235294117,0.571945701357466,0.2380090497737556,0.1429864253393665,35757.8,7957.52
Chicken Dishes,26099,Classic Chicken Dishes Cafe,QSR,CBD,0.99,35.98,580,123,4425.54,274,114,69,9858.52,4101.72,2482.62,0.270001643337309,0.35182688809,0.32,16,4.72,325.68,1673.61,573.48,238.6,613.18,0.2120689655172414,0.4724137931034483,0.196551724137931,0.1189655172413793,20868.4,3098.87
Chicken Dishes,25128,Classic Chicken Dishes Cafe,QSR,North Shore,1.03,40.82,925,179,7306.78,448,186,112,18287.36,7592.52,4571.84,0.269563127625734,0.368867952888832,0.32,4,1.18,132.16,2641.9,760.19,315.61,1520.88,0.1935135135135135,0.4843243243243243,0.201081081081081,0.121081081081081,37758.5,5238.58
Chicken Dishes,26088,Lucky Chicken Dishes Bistro,QSR,South Auckland,1.05,39.76,1254,258,10258.08,598,249,149,23776.48,9900.24,5924.24,0.278205859009176,0.377555389888585,0.3,16,4.72,703.28,3531.23,1051.84,437.97,1336.07,0.2057416267942583,0.4768740031897927,0.1985645933014354,0.1188197767145135,49859.03999999999,6357.11
Chicken Dishes,25254,Urban Chicken Dishes Kitchen,QSR,North Shore,1.03,34.75,817,141,4899.75,406,169,101,14108.5,5872.75,3509.75,0.220611839685589,0.445624218787998,0.27,13,3.84,387.84,1635.36,899.61,374.47,783.59,0.1725826193390452,0.4969400244798042,0.2068543451652386,0.1236230110159118,28390.75,3693.0299999999997
Chicken Dishes,26224,Top Chicken Dishes Corner,Ghost Kitchen,CBD,0.99,35.98,1538,126,4533.48,847,353,212,30475.06,12700.94,7627.76,0.285154600034002,0.312763985386118,0.3,11,3.25,689.0,1822.83,3110.94,1296.53,2377.98,0.0819245773732119,0.5507152145643693,0.229518855656697,0.1378413524057217,55337.240000000005,8608.28
Chicken Dishes,26106,Lucky Chicken Dishes Corner,Cafe,North Shore,1.03,31.58,927,274,8652.92,392,163,98,12379.36,5147.54,3094.84,0.244575531296432,0.411475085932761,0.33,8,2.36,231.28,2976.17,172.68,71.81,833.19,0.2955771305285868,0.4228694714131607,0.1758360302049622,0.1057173678532901,29274.66,4053.85
Chicken Dishes,25124,Top Chicken Dishes Cafe,QSR,South Auckland,1.05,37.23,1946,401,14929.23,927,386,232,34512.21,14370.78,8637.36,0.200368717927486,0.363881417782977,0.29,18,5.31,1231.92,6505.41,5030.15,2094.54,2531.81,0.2060637204522096,0.4763617677286742,0.198355601233299,0.119218910585817,72449.58,16161.909999999998
Chicken Dishes,25503,Lucky Chicken Dishes Corner,QSR,South Auckland,1.05,34.98,1278,271,9479.58,604,252,151,21127.92,8814.96,5281.98,0.232261857353151,0.388033886486664,0.28,7,2.07,312.57,3599.44,2106.54,878.89,1693.02,0.2120500782472613,0.4726134585289515,0.1971830985915492,0.1181533646322378,44704.44,8277.89
Chicken Dishes,26196,Classic Chicken Dishes Grill,QSR,CBD,0.99,44.09,1348,286,12609.74,637,266,159,28085.33,11727.94,7010.31,0.276163032259792,0.403236617078073,0.31,6,1.77,281.43,4042.69,297.71,124.32,1966.08,0.2121661721068249,0.4725519287833828,0.1973293768545994,0.1179525222551928,59433.32,6430.799999999999
Chicken Dishes,25266,Urban Chicken Dishes Kitchen,Cafe,West Auckland,1.04,39.33,1694,410,16125.3,770,321,193,30284.1,12624.93,7590.69,0.219555714428425,0.416442147921771,0.33,9,2.66,513.38,5869.64,1029.72,429.27,2249.65,0.2420306965761511,0.4545454545454545,0.1894923258559622,0.1139315230224321,66625.01999999999,9578.28
Chicken Dishes,26560,Lucky Chicken Dishes Diner,Ghost Kitchen,South Auckland,1.05,36.31,847,24,871.44,494,206,123,17937.14,7479.86,4466.13,0.256718570971861,0.219190210534725,0.27,13,3.84,472.32,456.71,4557.67,1900.57,1868.34,0.0283353010625737,0.5832349468713105,0.243211334120425,0.1452184179456906,30754.57,8783.289999999999
Chicken Dishes,26225,King Chicken Dishes Eatery,Ghost Kitchen,South Auckland,1.05,36.32,574,47,1707.04,316,132,79,11477.12,4794.24,2869.28,0.259631792397704,0.24871460768627,0.32,7,2.07,163.53,839.27,1970.09,822.95,1247.16,0.0818815331010452,0.5505226480836237,0.229965156794425,0.1376306620209059,20847.68,4879.469999999999
Chicken Dishes,25755,Classic Chicken Dishes Diner,Cafe,North Shore,1.03,38.31,1698,411,15745.41,772,322,193,29575.32,12335.82,7393.83,0.264337462056428,0.376248777471483,0.32,18,5.31,1024.83,5659.12,1165.67,486.2,1632.61,0.2420494699646643,0.4546525323910483,0.1896348645465253,0.113663133097762,65050.38,8943.6
Chicken Dishes,25100,Urban Chicken Dishes Cafe,Cafe,CBD,0.99,39.0,1716,481,18759.0,741,309,185,28899.0,12051.0,7215.0,0.226575082670897,0.356397570972331,0.33,16,4.72,873.2,7823.02,2515.0,1048.77,2135.65,0.2803030303030303,0.4318181818181818,0.18006993006993,0.1078088578088578,66924.0,13522.44
Chicken Dishes,25988,Urban Chicken Dishes Grill,QSR,West Auckland,1.04,32.14,1986,434,13948.76,931,388,233,29922.34,12470.32,7488.62,0.274404364507645,0.42480582697317,0.31,12,3.54,824.82,4195.64,-275.59,-114.85,1427.68,0.2185297079556898,0.4687814702920443,0.1953675730110775,0.1173212487411883,63830.04,5232.88
Chicken Dishes,26488,Urban Chicken Dishes Kitchen,Cafe,North Shore,1.03,40.1,1532,397,15919.7,681,284,170,27308.1,11388.4,6817.0,0.227174992673099,0.391697818483226,0.3,4,1.18,200.6,6067.43,2215.43,923.91,2397.54,0.2591383812010444,0.4445169712793733,0.185378590078329,0.1109660574412532,61433.200000000004,11604.310000000001
Chicken Dishes,26409,King Chicken Dishes Grill,QSR,CBD,0.99,35.86,699,157,5630.02,325,136,81,11654.5,4876.96,2904.66,0.212010084744543,0.381449992023408,0.3,15,4.43,358.83,2288.83,1241.67,519.59,822.03,0.2246065808297568,0.4649499284692417,0.1945636623748211,0.1158798283261802,25066.14,4872.12
Chicken Dishes,25278,King Chicken Dishes Bistro,Cafe,North Shore,1.03,35.66,975,283,10091.78,415,173,104,14798.9,6169.18,3708.64,0.243387985173613,0.42571567571722,0.31,17,5.02,522.08,3339.33,309.24,128.91,705.1,0.2902564102564102,0.4256410256410256,0.1774358974358974,0.1066666666666666,34768.5,4482.58
Chicken Dishes,25035,King Chicken Dishes House,QSR,West Auckland,1.04,43.39,733,137,5944.43,358,149,89,15533.62,6465.11,3861.71,0.279572833776474,0.427455027331598,0.28,4,1.18,105.02,1741.55,201.5,83.87,1026.35,0.1869031377899045,0.4884038199181446,0.2032742155525238,0.121418826739427,31804.870000000003,3053.27
Chicken Dishes,25281,Top Chicken Dishes Tavern,Full-service,North Shore,1.03,45.08,1054,322,14515.76,439,183,110,19790.12,8249.64,4958.8,0.357244657352567,0.452993982331827,0.28,10,2.95,324.5,2754.53,-1785.83,-744.44,616.49,0.3055028462998102,0.4165085388994307,0.1736242884250474,0.1043643263757115,47514.32,840.7500000000002
Chicken Dishes,26616,Classic Chicken Dishes Kitchen,Cafe,West Auckland,1.04,36.03,822,230,8286.9,355,148,89,12790.65,5332.44,3206.67,0.26196017023176,0.404206880182028,0.29,12,3.54,315.06,2766.44,560.65,233.74,755.43,0.2798053527980535,0.4318734793187348,0.1800486618004866,0.108272506082725,29616.659999999996,4316.26
Chicken Dishes,25485,Classic Chicken Dishes Diner,Ghost Kitchen,South Auckland,1.05,36.15,1549,101,3651.15,869,362,217,31414.35,13086.3,7844.55,0.298081421875395,0.201828700664919,0.33,16,4.72,1024.24,1825.9,5343.26,2225.85,2898.74,0.065203357004519,0.5610071013557134,0.2336991607488702,0.1400903808908973,55996.350000000006,12293.75
Chicken Dishes,25690,Urban Chicken Dishes Eatery,QSR,West Auckland,1.04,34.72,1548,329,11422.88,731,305,183,25380.32,10589.6,6353.76,0.211169311255217,0.353692920994945,0.32,9,2.66,486.78,4970.53,2922.23,1219.26,2277.98,0.212532299741602,0.4722222222222222,0.1970284237726098,0.1182170542635659,53746.56,11390.0
Chicken Dishes,25164,King Chicken Dishes Eatery,Cafe,CBD,0.99,33.91,1708,404,13699.64,782,326,196,26517.62,11054.66,6646.36,0.275084480158985,0.434299941756763,0.31,13,3.84,752.64,3981.33,-514.03,-214.29,1178.9,0.2365339578454332,0.4578454332552693,0.1908665105386416,0.1147540983606557,57918.28,4431.91
Chicken Dishes,25370,Urban Chicken Dishes Tavern,Cafe,West Auckland,1.04,34.22,1902,503,17212.66,839,350,210,28710.58,11977.0,7186.2,0.200822497606277,0.443855504575185,0.28,13,3.84,806.4,6116.04,2162.54,902.13,1747.01,0.2644584647739222,0.4411146161934805,0.1840168243953732,0.1104100946372239,65086.44,10927.72
Chicken Dishes,26464,Urban Chicken Dishes Grill,QSR,North Shore,1.03,35.82,917,200,7164.0,430,179,108,15402.6,6411.78,3868.56,0.254136428367347,0.36182637065649,0.28,12,3.54,382.32,2751.24,1602.44,667.06,1103.35,0.218102508178844,0.4689203925845147,0.1952017448200654,0.1177753544165757,32846.939999999995,6124.09
Chicken Dishes,25778,Lucky Chicken Dishes Grill,Cafe,South Auckland,1.05,43.68,1907,451,19699.68,874,364,218,38176.32,15899.52,9522.24,0.247065822742879,0.448757321154699,0.3,10,2.95,643.1,5992.19,159.46,66.41,2253.35,0.2364971158888306,0.4583114840062926,0.1908757210277923,0.1143156790770844,83297.76000000001,8471.41
Chicken Dishes,25899,Lucky Chicken Dishes Kitchen,QSR,South Auckland,1.05,42.28,577,122,5158.16,273,114,68,11542.44,4819.92,2875.04,0.215359400771558,0.375734021747485,0.29,6,1.77,120.36,2109.21,1372.47,573.12,1055.26,0.2114384748700173,0.4731369150779896,0.1975736568457539,0.1178509532062391,24395.559999999998,5110.06
Chicken Dishes,25051,Top Chicken Dishes Kitchen,QSR,South Auckland,1.05,36.53,1539,317,11580.01,733,306,183,26776.49,11178.18,6684.99,0.265349924974144,0.408302287640981,0.32,11,3.25,594.75,3779.11,169.97,70.96,1586.88,0.2059779077322936,0.4762833008447043,0.1988304093567251,0.1189083820662768,56219.67,5606.92
Chicken Dishes,26508,Lucky Chicken Dishes Corner,Cafe,North Shore,1.03,31.08,1351,335,10411.8,610,254,152,18958.8,7894.32,4724.16,0.226666594538838,0.354756896616891,0.32,6,1.77,269.04,4358.13,1868.89,778.19,1708.38,0.2479644707623982,0.4515173945225759,0.1880088823094004,0.1125092524056254,41989.08,8713.59
Chicken Dishes,26146,Lucky Chicken Dishes Grill,Cafe,West Auckland,1.04,32.19,1034,306,9850.14,437,182,109,14067.03,5858.58,3508.71,0.232472664527595,0.365741711459123,0.27,16,4.72,514.48,3957.64,1853.83,772.08,895.27,0.2959381044487427,0.4226305609284332,0.1760154738878143,0.1054158607350096,33284.46,7478.82
Chicken Dishes,26512,Lucky Chicken Dishes Bistro,Ghost Kitchen,North Shore,1.03,31.45,528,20,629.0,305,127,76,9592.25,3994.15,2390.2,0.2813045074814,0.336554414918646,0.31,10,2.95,224.2,240.37,692.0,288.14,689.19,0.0378787878787878,0.5776515151515151,0.240530303030303,0.1439393939393939,16605.6,1909.7
Chicken Dishes,25992,Classic Chicken Dishes Corner,QSR,CBD,0.99,37.15,903,197,7318.55,424,176,106,15751.6,6538.4,3937.9,0.275219822190702,0.385960437194444,0.28,10,2.95,312.7,2479.67,926.51,384.59,1021.54,0.2181616832779623,0.4695459579180509,0.1949058693244739,0.1173864894795127,33546.450000000004,4812.31
Chicken Dishes,25994,Classic Chicken Dishes House,Cafe,North Shore,1.03,38.81,1208,306,11875.86,541,226,135,20996.21,8771.06,5239.35,0.279093513116241,0.403864918788895,0.33,7,2.07,279.45,3765.14,-272.08,-113.66,1381.64,0.2533112582781457,0.4478476821192053,0.1870860927152318,0.1117549668874172,46882.479999999996,4761.04
Chicken Dishes,26157,Lucky Chicken Dishes Cafe,QSR,West Auckland,1.04,40.3,1585,327,13178.1,755,314,189,30426.5,12654.2,7616.7,0.23987269192934,0.437369135953486,0.3,3,0.89,168.21,4253.34,692.45,287.99,2290.14,0.2063091482649842,0.4763406940063091,0.1981072555205047,0.1192429022082019,63875.5,7523.92
Chicken Dishes,25511,Classic Chicken Dishes Cafe,Cafe,West Auckland,1.04,41.47,778,179,7423.13,359,150,90,14887.73,6220.5,3732.3,0.206451105829328,0.418182221613824,0.28,10,2.95,265.5,2786.4,1419.79,593.23,1135.48,0.2300771208226221,0.461439588688946,0.1928020565552699,0.1156812339331619,32263.66,5934.9
Chicken Dishes,25552,Classic Chicken Dishes Kitchen,QSR,West Auckland,1.04,37.01,858,160,5921.6,419,174,105,15507.19,6439.74,3886.05,0.262482558079064,0.391402517212555,0.32,11,3.25,341.25,2049.55,404.97,168.17,1003.77,0.1864801864801865,0.4883449883449883,0.2027972027972027,0.1223776223776223,31754.579999999998,3626.4600000000005
Chicken Dishes,26403,Classic Chicken Dishes Eatery,QSR,South Auckland,1.05,39.74,1090,231,9179.94,515,215,129,20466.1,8544.1,5126.46,0.236420505195856,0.442328492319211,0.3,10,2.95,380.55,2949.06,434.93,181.57,1266.33,0.2119266055045871,0.4724770642201835,0.1972477064220183,0.118348623853211,43316.6,4831.889999999999
Chicken Dishes,25636,King Chicken Dishes Grill,QSR,South Auckland,1.05,41.3,860,193,7970.9,400,167,100,16520.0,6897.1,4130.0,0.216888165101409,0.41051693004556,0.3,7,2.07,207.0,2969.92,1199.27,500.69,1331.82,0.2244186046511627,0.4651162790697674,0.1941860465116279,0.1162790697674418,35518.0,6001.7
Chicken Dishes,26526,King Chicken Dishes Eatery,QSR,South Auckland,1.05,47.14,1669,365,17206.1,782,326,196,36863.48,15367.64,9239.44,0.205915519483387,0.41907460920047,0.32,9,2.66,521.36,6452.46,2027.86,845.37,2943.52,0.2186938286399041,0.4685440383463151,0.1953265428400239,0.1174355901737567,78676.66,12269.210000000001
Chicken Dishes,26002,Top Chicken Dishes Bistro,Cafe,North Shore,1.03,37.74,574,161,6076.14,248,103,62,9359.52,3887.22,2339.88,0.265319737531245,0.413660392141901,0.31,17,5.02,311.24,1950.56,103.14,42.84,439.91,0.2804878048780488,0.4320557491289198,0.1794425087108014,0.1080139372822299,21662.760000000002,2536.45
Chicken Dishes,26407,Urban Chicken Dishes Eatery,Cafe,West Auckland,1.04,42.96,729,201,8634.96,317,132,79,13618.32,5670.72,3393.84,0.217929768580943,0.430856885272078,0.29,17,5.02,396.58,3032.71,833.62,347.12,795.38,0.2757201646090535,0.4348422496570645,0.1810699588477366,0.1083676268861454,31317.84,5008.83
Chicken Dishes,26650,Urban Chicken Dishes Grill,QSR,CBD,0.99,44.38,972,200,8876.0,463,193,116,20547.94,8565.34,5148.08,0.261481612157077,0.361943576228805,0.3,6,1.77,205.32,3342.48,1573.45,655.89,1733.32,0.205761316872428,0.4763374485596708,0.198559670781893,0.1193415637860082,43137.36,7305.14
Chicken Dishes,25195,Classic Chicken Dishes Tavern,Ghost Kitchen,West Auckland,1.04,45.12,1002,38,1714.56,578,241,145,26079.36,10873.92,6542.4,0.277063583978452,0.22255689316662,0.31,15,4.43,642.35,857.93,4964.98,2070.17,2631.33,0.0379241516966067,0.5768463073852296,0.2405189620758483,0.1447105788423153,45210.240000000005,10524.41
Chicken Dishes,25075,Lucky Chicken Dishes Corner,Cafe,West Auckland,1.04,43.83,1005,260,11395.8,447,186,112,19592.01,8152.38,4908.96,0.254103430975229,0.431581871630624,0.27,8,2.36,264.32,3581.87,868.21,361.27,1278.64,0.2587064676616915,0.444776119402985,0.1850746268656716,0.1114427860696517,44049.149999999994,6089.990000000001
Chicken Dishes,25197,Lucky Chicken Dishes Diner,Cafe,West Auckland,1.04,46.02,984,291,13391.82,416,173,104,19144.32,7961.46,4786.08,0.220303283929825,0.406533859437332,0.29,10,2.95,306.8,4997.33,1592.1,662.1,1479.19,0.2957317073170731,0.4227642276422764,0.1758130081300813,0.1056910569105691,45283.68,8730.720000000001
Chicken Dishes,25158,Urban Chicken Dishes Diner,QSR,CBD,0.99,42.41,538,111,4707.51,256,107,64,10856.96,4537.87,2714.24,0.205707859862596,0.422846574056894,0.29,17,5.02,321.28,1748.58,884.25,369.59,686.91,0.2063197026022304,0.4758364312267658,0.1988847583643122,0.1189591078066914,22816.58,3689.33
Chicken Dishes,25607,Top Chicken Dishes Bistro,QSR,South Auckland,1.05,35.09,1951,390,13685.1,937,390,234,32879.33,13685.1,8211.06,0.213525548540056,0.382258386537433,0.31,9,2.66,622.44,5531.74,3097.76,1289.36,2696.6,0.1998974884674526,0.4802665299846232,0.1998974884674526,0.1199384930804715,68460.59,12615.460000000001
Chicken Dishes,25928,Lucky Chicken Dishes Diner,Cafe,North Shore,1.03,32.62,1331,352,11482.24,587,245,147,19147.94,7991.9,4795.14,0.255863533467054,0.374861979205161,0.28,13,3.84,564.48,4240.1,1709.42,713.47,1206.24,0.2644628099173554,0.4410217881292261,0.1840721262208865,0.1104432757325319,43417.22,7869.2300000000005
Chicken Dishes,25081,Lucky Chicken Dishes Bistro,QSR,South Auckland,1.05,44.48,1028,218,9696.64,486,202,122,21617.28,8984.96,5426.56,0.217780247461051,0.429491965961643,0.32,16,4.72,575.84,3420.27,707.49,294.06,1338.26,0.2120622568093385,0.4727626459143969,0.1964980544747081,0.1186770428015564,45725.439999999995,5760.080000000001
Chicken Dishes,25367,Urban Chicken Dishes Tavern,QSR,West Auckland,1.04,35.22,1993,448,15778.56,927,386,232,32648.94,13594.92,8171.04,0.249436927586794,0.424369999393821,0.32,11,3.25,754.0,5146.86,202.2,84.19,1911.34,0.224786753637732,0.4651279478173608,0.1936778725539387,0.1164074259909683,70193.45999999999,7344.589999999999
Chicken Dishes,26539,Urban Chicken Dishes Diner,Ghost Kitchen,North Shore,1.03,34.09,700,20,681.8,408,170,102,13908.72,5795.3,3477.18,0.290788418869488,0.280518082971685,0.32,15,4.43,451.86,292.28,1511.79,629.91,1038.78,0.0285714285714285,0.5828571428571429,0.2428571428571428,0.1457142857142857,23863.0,3472.76
Chicken Dishes,25165,King Chicken Dishes Bistro,Cafe,West Auckland,1.04,35.01,1272,315,11028.15,574,239,144,20095.74,8367.39,5041.44,0.245988546796143,0.3992873826297,0.32,13,3.84,552.96,3911.95,697.81,290.55,1235.36,0.2476415094339622,0.4512578616352201,0.1878930817610063,0.1132075471698113,44532.72,6135.67
Chicken Dishes,25085,Urban Chicken Dishes Bistro,QSR,West Auckland,1.04,42.01,1073,186,7813.86,532,222,133,22349.32,9326.22,5587.33,0.212877042852342,0.391266911453567,0.29,18,5.31,706.23,3093.16,2365.81,987.24,1505.55,0.1733457595526561,0.4958061509785648,0.2068965517241379,0.1239515377446412,45076.73,7951.759999999999
Chicken Dishes,26179,King Chicken Dishes Bistro,QSR,CBD,0.99,31.41,795,183,5748.03,367,153,92,11527.47,4805.73,2889.72,0.259624825064093,0.393279615207575,0.32,7,2.07,190.44,1995.12,312.34,130.21,812.57,0.230188679245283,0.4616352201257861,0.1924528301886792,0.1157232704402515,24970.95,3250.2400000000002
Chicken Dishes,25776,King Chicken Dishes Eatery,QSR,North Shore,1.03,37.2,1258,226,8407.2,619,258,155,23026.8,9597.6,5766.0,0.213880963716656,0.395282943965867,0.27,11,3.25,503.75,3285.84,2782.47,1159.74,1749.81,0.1796502384737678,0.4920508744038155,0.205087440381558,0.1232114467408585,46797.6,8977.859999999999
Chicken Dishes,25212,King Chicken Dishes Bistro,QSR,North Shore,1.03,42.99,1568,293,12596.07,765,319,191,32887.35,13713.81,8211.09,0.258225029017776,0.397926656459458,0.31,9,2.66,508.06,4331.14,1113.18,464.19,2315.31,0.1868622448979592,0.4878826530612244,0.2034438775510204,0.1218112244897959,67408.31999999999,8223.82
Chicken Dishes,25456,Lucky Chicken Dishes Diner,Ghost Kitchen,CBD,0.99,39.07,731,66,2578.62,399,166,100,15588.93,6485.62,3907.0,0.298259165755007,0.260742055915762,0.31,13,3.84,384.0,1137.17,2042.13,849.61,1338.98,0.0902872777017783,0.5458276333789329,0.2270861833105335,0.1367989056087551,28560.17,5367.89
Chicken Dishes,25215,Top Chicken Dishes Eatery,QSR,West Auckland,1.04,46.68,1998,461,21519.48,922,384,231,43038.96,17925.12,10783.08,0.204193348046392,0.439557751268148,0.3,8,2.36,545.16,7666.29,2420.89,1008.27,3296.3,0.2307307307307307,0.4614614614614614,0.1921921921921922,0.1156156156156156,93266.64,14391.75
Chicken Dishes,25340,Lucky Chicken Dishes Eatery,Ghost Kitchen,North Shore,1.03,37.17,1603,90,3345.3,908,378,227,33750.36,14050.26,8437.59,0.286825301346835,0.303219975659158,0.28,12,3.54,803.58,1371.42,4386.02,1825.9,2655.45,0.0561447286338116,0.5664379288833438,0.2358078602620087,0.1416094822208359,59583.51000000001,10238.79
Chicken Dishes,26068,Classic Chicken Dishes Diner,QSR,South Auckland,1.05,34.06,680,113,3848.78,340,142,85,11580.4,4836.52,2895.1,0.230005491450429,0.352446301886812,0.33,14,4.13,351.05,1607.05,1013.84,423.43,857.79,0.1661764705882353,0.5,0.2088235294117647,0.125,23160.8,3902.1099999999997
Chicken Dishes,25828,Top Chicken Dishes House,QSR,West Auckland,1.04,39.41,1595,308,12138.28,772,322,193,30424.52,12690.02,7606.13,0.214307933114469,0.385674491571262,0.27,17,5.02,968.86,4855.53,3955.72,1649.93,2073.73,0.193103448275862,0.4840125391849529,0.2018808777429467,0.1210031347962382,62858.950000000004,12534.91
Chicken Dishes,26192,King Chicken Dishes Kitchen,Cafe,South Auckland,1.05,41.18,607,150,6177.0,274,114,69,11283.32,4694.52,2841.42,0.203506287503988,0.445038418960758,0.31,4,1.18,81.42,2170.94,467.75,194.61,917.21,0.2471169686985173,0.4514003294892916,0.1878088962108731,0.1136738056013179,24996.260000000002,3750.51
Chicken Dishes,26556,Lucky Chicken Dishes Bistro,QSR,North Shore,1.03,42.62,947,201,8566.62,448,186,112,19093.76,7927.32,4773.44,0.200384865794331,0.403270493354648,0.32,9,2.66,297.92,3395.33,1457.71,605.21,1594.01,0.2122492080253432,0.4730728616684266,0.1964097148891235,0.1182682154171066,40361.14,7052.26
Chicken Dishes,25546,Top Chicken Dishes Bistro,Ghost Kitchen,CBD,0.99,39.82,1553,101,4021.82,871,363,218,34683.22,14454.66,8680.76,0.282705360825639,0.204562456498388,0.31,16,4.72,1028.96,2062.12,7031.4,2930.42,3421.95,0.065035415325177,0.5608499678042499,0.2337411461687057,0.1403734707018673,61840.46,15445.89
Chicken Dishes,25102,Lucky Chicken Dishes House,Cafe,West Auckland,1.04,46.17,988,301,13897.17,412,172,103,19022.04,7941.24,4755.51,0.276689210943878,0.434818431828171,0.28,4,1.18,121.54,4009.23,161.54,67.44,1250.39,0.3046558704453441,0.4170040485829959,0.1740890688259109,0.1042510121457489,45615.96,5488.6
Chicken Dishes,25831,Classic Chicken Dishes Cafe,QSR,West Auckland,1.04,33.86,1119,216,7313.76,542,226,135,18352.12,7652.36,4571.1,0.230185089539737,0.372177442302927,0.33,9,2.66,359.1,2908.23,1241.29,517.59,1458.54,0.1930294906166219,0.484361036639857,0.2019660411081322,0.1206434316353887,37889.34,6125.650000000001
Chicken Dishes,25227,Top Chicken Dishes House,Cafe,West Auckland,1.04,43.03,1650,409,17599.27,745,310,186,32057.35,13339.3,8003.58,0.27914120843634,0.358007818041369,0.29,11,3.25,604.5,6385.91,2335.41,971.78,2299.61,0.2478787878787878,0.4515151515151515,0.1878787878787878,0.1127272727272727,70999.5,11992.710000000001
Chicken Dishes,26684,Urban Chicken Dishes Cafe,Cafe,West Auckland,1.04,38.07,1869,453,17245.71,850,354,212,32359.5,13476.78,8070.84,0.24827335441485,0.353594812029041,0.28,18,5.31,1125.72,6866.07,3822.69,1592.04,2087.54,0.2423756019261637,0.454788657035848,0.189406099518459,0.1134296415195291,71152.83,14368.34
Chicken Dishes,26687,Classic Chicken Dishes Grill,Cafe,CBD,0.99,42.69,857,249,10629.81,365,152,91,15581.85,6488.88,3884.79,0.203195755705237,0.435937949130312,0.27,14,4.13,375.83,3835.94,1415.86,589.62,1026.06,0.2905484247374562,0.425904317386231,0.1773628938156359,0.1061843640606767,36585.33,6867.48
Chicken Dishes,26163,Urban Chicken Dishes Eatery,Cafe,South Auckland,1.05,32.18,1634,458,14738.44,706,294,176,22719.08,9460.92,5663.68,0.23119045805186,0.391849460615776,0.29,9,2.66,468.16,5555.8,1975.65,822.72,1666.82,0.2802937576499388,0.4320685434516524,0.1799265605875153,0.1077111383108935,52582.12,10020.99
Chicken Dishes,25233,Top Chicken Dishes Eatery,Cafe,South Auckland,1.05,32.49,1018,285,9259.65,440,183,110,14295.6,5945.67,3573.9,0.243077787533402,0.413106628856622,0.27,11,3.25,357.5,3183.61,1055.24,438.88,871.26,0.2799607072691552,0.4322200392927308,0.1797642436149312,0.1080550098231827,33074.82,5548.990000000001
Chicken Dishes,25599,King Chicken Dishes Kitchen,Ghost Kitchen,South Auckland,1.05,42.03,768,36,1513.08,439,183,110,18451.17,7691.49,4623.3,0.294218092900701,0.279581973724999,0.32,15,4.43,487.3,644.87,1959.51,816.84,1483.15,0.046875,0.5716145833333334,0.23828125,0.1432291666666666,32279.039999999997,4904.370000000001
Chicken Dishes,26571,Lucky Chicken Dishes Eatery,QSR,CBD,0.99,31.03,1240,223,6919.69,610,254,153,18928.3,7881.62,4747.59,0.269377892632037,0.38240882458631,0.32,17,5.02,768.06,2409.53,534.03,222.37,885.11,0.1798387096774193,0.4919354838709677,0.2048387096774193,0.1233870967741935,38477.2,4051.0400000000004
Chicken Dishes,25481,Top Chicken Dishes Cafe,QSR,North Shore,1.03,33.85,711,137,4637.45,344,144,86,11644.4,4874.4,2911.1,0.226030572131276,0.377481628861278,0.3,8,2.36,202.96,1838.69,1123.54,470.32,951.26,0.1926863572433192,0.4838255977496484,0.2025316455696202,0.1209563994374121,24067.35,4383.81
Chicken Dishes,26130,Top Chicken Dishes Bistro,Cafe,South Auckland,1.05,37.21,1126,349,12986.29,466,194,117,17339.86,7218.74,4353.57,0.229364178944379,0.437281638849527,0.31,17,5.02,587.34,4329.03,404.96,168.59,863.94,0.3099467140319716,0.413854351687389,0.172291296625222,0.1039076376554174,41898.46,5766.52
Chinese,25891,Lotus Cafe,Cafe,West Auckland,1.04,36.32,1084,141,5121.12,471,236,236,17106.72,8571.52,8571.52,0.274584447238594,0.354812013567425,0.27,8,2.36,556.96,1897.91,1721.0,862.33,2619.68,0.1300738007380073,0.4345018450184502,0.2177121771217712,0.2177121771217712,39370.880000000005,7100.92
Chinese,26352,Golden Tavern,QSR,West Auckland,1.04,31.28,1474,214,6693.92,630,315,315,19706.4,9853.2,9853.2,0.250756796356291,0.419234266947024,0.28,8,2.36,743.4,2209.05,985.5,492.75,2508.24,0.1451831750339213,0.4274084124830393,0.2137042062415196,0.2137042062415196,46106.72,6195.54
Chinese,26528,Red House,Cafe,West Auckland,1.04,41.4,1455,211,8735.4,622,311,311,25750.8,12875.4,12875.4,0.246883442923427,0.396020104503259,0.32,11,3.25,1010.75,3119.38,955.26,477.63,3587.01,0.1450171821305842,0.4274914089347079,0.2137457044673539,0.2137457044673539,60237.0,8139.280000000001
Chinese,25417,Sakura Diner,Ghost Kitchen,South Auckland,1.05,36.67,850,62,2273.54,394,197,197,14447.98,7223.99,7223.99,0.260499544837512,0.25565929756267,0.31,10,2.95,581.15,1100.03,2511.65,1255.83,2914.11,0.0729411764705882,0.4635294117647058,0.2317647058823529,0.2317647058823529,31169.5,7781.620000000001
Chinese,25149,Dragon Bistro,QSR,North Shore,1.03,44.95,1199,183,8225.85,508,254,254,22834.6,11417.3,11417.3,0.238834160473198,0.372866330621764,0.31,16,4.72,1198.88,3194.09,1787.94,893.97,3234.45,0.152627189324437,0.4236864053377814,0.2118432026688907,0.2118432026688907,53895.05,9110.45
Chinese,26150,Red Cafe,QSR,South Auckland,1.05,45.05,1474,214,9640.7,630,315,315,28381.5,14190.75,14190.75,0.256000085063279,0.385093395994045,0.31,7,2.07,652.05,3460.11,1388.04,694.02,4441.1,0.1451831750339213,0.4274084124830393,0.2137042062415196,0.2137042062415196,66403.7,9983.27
Chinese,25637,Sakura Kitchen,Ghost Kitchen,South Auckland,1.05,38.02,1259,71,2699.42,594,297,297,22583.88,11291.94,11291.94,0.281819669611286,0.258577361528296,0.28,12,3.54,1051.38,1240.66,4056.13,2028.07,4138.43,0.0563939634630659,0.471803018268467,0.2359015091342335,0.2359015091342335,47867.18000000001,11463.29
Chinese,25010,Lotus Bistro,Cafe,CBD,0.99,30.23,1591,307,9280.61,642,321,321,19407.66,9703.83,9703.83,0.257294937353581,0.371753470180556,0.31,17,5.02,1611.42,3442.66,1182.93,591.46,1988.23,0.1929604022627278,0.4035197988686361,0.201759899434318,0.201759899434318,48095.93,7205.280000000001
Chinese,25698,Golden Corner,QSR,West Auckland,1.04,43.01,1251,199,8558.99,526,263,263,22623.26,11311.63,11311.63,0.237678518630564,0.418252494675107,0.31,12,3.54,931.02,2944.88,770.75,385.38,2960.96,0.1590727418065547,0.4204636290967226,0.2102318145483613,0.2102318145483613,53805.509999999995,7061.97
Chinese,25496,Dragon Cafe,Ghost Kitchen,South Auckland,1.05,40.74,1493,57,2322.18,718,359,359,29251.32,14625.66,14625.66,0.258602636668365,0.259722995967604,0.28,7,2.07,743.13,1118.53,5899.24,2949.62,6301.68,0.0381781647689216,0.4809109176155391,0.2404554588077695,0.2404554588077695,60824.82000000001,16269.07
Chinese,26547,Sakura Kitchen,QSR,South Auckland,1.05,32.83,588,93,3053.19,247,124,124,8109.01,4070.92,4070.92,0.27995999859646,0.387278385646641,0.3,4,1.18,146.32,1015.98,265.66,133.37,1208.33,0.1581632653061224,0.4200680272108844,0.2108843537414966,0.2108843537414966,19304.04,2623.34
Chinese,25741,Golden Kitchen,Ghost Kitchen,West Auckland,1.04,39.1,1263,71,2776.1,596,298,298,23303.6,11651.8,11651.8,0.256131520692725,0.265237062855158,0.27,13,3.84,1144.32,1328.73,4861.86,2430.93,4432.6,0.056215360253365,0.4718923198733175,0.2359461599366587,0.2359461599366587,49383.3,13054.12
Chinese,25284,Lotus Corner,QSR,South Auckland,1.05,44.83,1205,157,7038.31,524,262,262,23490.92,11745.46,11745.46,0.215055879279971,0.411211355123669,0.3,15,4.43,1160.66,2630.45,1732.05,866.03,3229.0,0.1302904564315352,0.4348547717842324,0.2174273858921162,0.2174273858921162,54020.15,8457.529999999999
Chinese,26589,Lotus Cafe,Cafe,West Auckland,1.04,45.91,1730,238,10926.58,746,373,373,34248.86,17124.43,17124.43,0.27576122097671,0.44832505309023,0.33,10,2.95,1100.35,3014.79,-1852.39,-926.2,3624.52,0.1375722543352601,0.4312138728323699,0.2156069364161849,0.2156069364161849,79424.3,3860.72
Chinese,26590,Golden House,Cafe,North Shore,1.03,46.24,594,82,3791.68,256,128,128,11837.44,5918.72,5918.72,0.233806893564761,0.354515470890328,0.28,16,4.72,604.16,1560.95,1558.73,779.36,1832.44,0.138047138047138,0.4309764309764309,0.2154882154882154,0.2154882154882154,27466.56,5731.4800000000005
Chinese,26688,Dragon Diner,Cafe,South Auckland,1.05,31.55,1315,295,9307.25,510,255,255,16090.5,8045.25,8045.25,0.211062989011407,0.356571935652755,0.31,5,1.48,377.4,4024.13,1968.92,984.46,3101.09,0.2243346007604562,0.3878326996197718,0.1939163498098859,0.1939163498098859,41488.25,10078.6
Chinese,25623,Red Diner,Full-service,South Auckland,1.05,33.61,2022,546,18351.06,738,369,369,24804.18,12402.09,12402.09,0.360080362763256,0.475989112141542,0.28,3,0.89,328.41,3008.3,-2879.01,-1439.5,1704.67,0.2700296735905044,0.3649851632047478,0.1824925816023739,0.1824925816023739,67959.42,394.46000000000004
Chinese,25869,Red Corner,Cafe,CBD,0.99,40.52,629,100,4052.0,265,132,132,10737.8,5348.64,5348.64,0.237807046491653,0.386706903576851,0.29,6,1.77,233.64,1521.47,917.93,457.23,1774.7,0.1589825119236884,0.4213036565977742,0.2098569157392686,0.2098569157392686,25487.079999999998,4671.33
Chinese,25859,Red Grill,QSR,South Auckland,1.05,33.58,556,72,2417.76,242,121,121,8126.36,4063.18,4063.18,0.266177356019616,0.439760041795671,0.29,14,4.13,499.73,710.97,33.01,16.51,695.1,0.1294964028776978,0.4352517985611511,0.2176258992805755,0.2176258992805755,18670.48,1455.5900000000001
Chinese,26506,Lotus House,Cafe,CBD,0.99,34.0,474,65,2210.0,205,102,102,6970.0,3468.0,3468.0,0.243390622306615,0.360807614657097,0.31,17,5.02,512.04,874.72,598.04,297.56,860.6,0.1371308016877637,0.4324894514767932,0.2151898734177215,0.2151898734177215,16116.0,2630.92
Chinese,25898,Sakura Cafe,Cafe,CBD,0.99,32.68,1701,340,11111.2,681,340,340,22255.08,11111.2,11111.2,0.208316560052335,0.400746957305819,0.29,6,1.77,601.8,4343.77,2246.35,1121.53,3741.97,0.1998824221046443,0.400352733686067,0.1998824221046443,0.1998824221046443,55588.67999999999,11453.62
Chinese,26226,Lotus Tavern,QSR,South Auckland,1.05,35.12,840,128,4495.36,356,178,178,12502.72,6251.36,6251.36,0.247846257165074,0.387540715374052,0.29,16,4.72,840.16,1639.07,932.87,466.43,1439.17,0.1523809523809524,0.4238095238095238,0.2119047619047619,0.2119047619047619,29500.8,4477.54
Chinese,25055,Golden Diner,Cafe,North Shore,1.03,44.9,934,162,7273.8,386,193,193,17331.4,8665.7,8665.7,0.277956389933825,0.36283928162884,0.31,6,1.77,341.61,2612.78,852.78,426.39,2771.15,0.1734475374732334,0.4132762312633833,0.2066381156316916,0.2066381156316916,41936.600000000006,6663.1
Chinese,26511,Dragon Cafe,Cafe,CBD,0.99,40.22,803,175,7038.5,314,157,157,12629.08,6314.54,6314.54,0.222104107923806,0.445675386348739,0.3,15,4.43,695.51,2338.33,406.92,203.46,1402.31,0.2179327521793275,0.3910336239103362,0.1955168119551681,0.1955168119551681,32296.660000000003,4351.02
Chinese,26594,Golden House,Cafe,North Shore,1.03,44.33,1329,257,11392.81,536,268,268,23760.88,11880.44,11880.44,0.220839058440179,0.399295595102012,0.28,17,5.02,1345.36,4327.73,2372.89,1186.44,3167.61,0.1933784800601956,0.4033107599699022,0.2016553799849511,0.2016553799849511,58914.57000000001,11054.67
Chinese,25920,Lotus Bistro,QSR,South Auckland,1.05,37.12,1014,162,6013.44,426,213,213,15813.12,7906.56,7906.56,0.259220902975649,0.425805063312873,0.3,10,2.95,628.35,1894.08,236.79,118.39,1862.01,0.1597633136094674,0.4201183431952662,0.2100591715976331,0.2100591715976331,37639.68,4111.2699999999995
Chinese,26405,Lotus Tavern,QSR,West Auckland,1.04,37.35,1649,149,5565.15,750,375,375,28012.5,14006.25,14006.25,0.239304473921657,0.441628631856292,0.3,17,5.02,1882.5,1775.66,534.11,267.06,2586.43,0.0903577926015767,0.4548211036992116,0.2274105518496058,0.2274105518496058,61590.15,5163.26
Chinese,25625,Dragon Eatery,QSR,West Auckland,1.04,32.95,1208,184,6062.8,512,256,256,16870.4,8435.2,8435.2,0.25560559829697,0.44796227386687,0.3,13,3.84,983.04,1797.21,-60.19,-30.1,1517.42,0.152317880794702,0.423841059602649,0.2119205298013245,0.2119205298013245,39803.600000000006,3224.34
Chinese,25372,Red Cafe,Cafe,North Shore,1.03,32.17,849,129,4149.93,360,180,180,11581.2,5790.6,5790.6,0.221574617959559,0.445364090171643,0.32,10,2.95,531.0,1382.18,151.27,75.63,1397.62,0.1519434628975265,0.4240282685512367,0.2120141342756183,0.2120141342756183,27312.33,3006.7
Chinese,26221,Sakura Tavern,Cafe,South Auckland,1.05,42.24,534,110,4646.4,212,106,106,8954.88,4477.44,4477.44,0.262173140645027,0.448612350015901,0.3,11,3.25,344.5,1343.81,-96.58,-48.29,950.44,0.2059925093632958,0.3970037453183521,0.198501872659176,0.198501872659176,22556.159999999996,2149.38
Chinese,25277,Dragon House,Ghost Kitchen,North Shore,1.03,37.34,1239,59,2203.06,590,295,295,22030.6,11015.3,11015.3,0.2733644403168,0.272526845289394,0.29,4,1.18,348.1,1000.43,3615.41,1807.71,4654.04,0.0476190476190476,0.4761904761904761,0.238095238095238,0.238095238095238,46264.259999999995,11077.59
Chinese,26237,Red Tavern,QSR,CBD,0.99,43.44,1068,155,6733.2,457,228,228,19852.08,9904.32,9904.32,0.237549209091812,0.363282232708298,0.27,4,1.18,269.04,2687.68,2564.26,1279.33,3684.45,0.1451310861423221,0.4279026217228464,0.2134831460674157,0.2134831460674157,46393.920000000006,10215.720000000001
Chinese,25391,Lotus Kitchen,Ghost Kitchen,South Auckland,1.05,36.38,1190,77,2801.26,557,278,278,20263.66,10113.64,10113.64,0.269855546893086,0.335844626626931,0.27,3,0.89,247.42,1104.54,2518.77,1257.12,3740.39,0.0647058823529411,0.4680672268907563,0.2336134453781512,0.2336134453781512,43292.2,8620.82
Chinese,25645,Dragon Tavern,QSR,South Auckland,1.05,44.24,1546,246,10883.04,650,325,325,28756.0,14378.0,14378.0,0.251995091866702,0.374067268520594,0.33,10,2.95,958.75,4069.58,1263.47,631.74,4417.73,0.1591203104786546,0.4204398447606727,0.2102199223803363,0.2102199223803363,68395.04000000001,10382.52
Chinese,25162,Red Diner,Cafe,CBD,0.99,43.3,705,112,4849.6,297,148,148,12860.1,6408.4,6408.4,0.226821953151375,0.431672479095869,0.28,8,2.36,349.28,1656.17,790.97,394.15,1839.22,0.1588652482269503,0.4212765957446808,0.2099290780141844,0.2099290780141844,30526.5,4680.51
Chinese,25890,Sakura Cafe,QSR,North Shore,1.03,34.06,754,98,3337.88,328,164,164,11171.68,5585.84,5585.84,0.245192879214883,0.423429430532269,0.3,13,3.84,629.76,1106.1,350.54,175.27,1221.26,0.129973474801061,0.4350132625994695,0.2175066312997347,0.2175066312997347,25681.24,2853.17
Chinese,26011,Lotus Grill,Cafe,CBD,0.99,41.83,1605,310,12967.3,647,324,324,27064.01,13552.92,13552.92,0.264956160262227,0.382143744057976,0.32,17,5.02,1626.48,4576.16,890.41,445.89,3156.35,0.1931464174454828,0.4031152647975078,0.2018691588785046,0.2018691588785046,67137.15,9068.81
Chinese,26364,Red Bistro,Cafe,South Auckland,1.05,34.81,1022,223,7762.63,399,200,200,13889.19,6962.0,6962.0,0.2789976436086,0.404858949477784,0.27,13,3.84,768.0,2454.1,640.89,321.25,1432.99,0.2181996086105675,0.3904109589041096,0.1956947162426614,0.1956947162426614,35575.82,4849.23
Chinese,26580,Dragon Grill,Cafe,North Shore,1.03,46.09,849,141,6498.69,354,177,177,16315.86,8157.93,8157.93,0.265335303582251,0.384225417394191,0.28,17,5.02,888.54,2277.4,1149.28,574.64,1970.32,0.166077738515901,0.4169611307420495,0.2084805653710247,0.2084805653710247,39130.41,5971.64
Chinese,26541,Sakura House,QSR,North Shore,1.03,37.75,1018,162,6115.5,428,214,214,16157.0,8078.5,8078.5,0.267915664128959,0.425599699211307,0.33,12,3.54,757.56,1874.31,-379.94,-189.97,1718.38,0.1591355599214145,0.4204322200392927,0.2102161100196463,0.2102161100196463,38429.5,3022.7799999999997
Chinese,26461,Lotus Bistro,Ghost Kitchen,CBD,0.99,34.34,1024,48,1648.32,488,244,244,16757.92,8378.96,8378.96,0.27413561620051,0.279559344158042,0.3,9,2.66,649.04,735.65,2451.77,1225.88,3090.53,0.046875,0.4765625,0.23828125,0.23828125,35164.159999999996,7503.83
Chinese,25126,Lotus Diner,Ghost Kitchen,South Auckland,1.05,32.55,994,65,2115.75,465,232,232,15135.75,7551.6,7551.6,0.270323122420814,0.246959132619668,0.31,17,5.02,1164.64,1021.31,2614.21,1304.3,2480.65,0.0653923541247484,0.4678068410462777,0.2334004024144869,0.2334004024144869,32354.699999999997,7420.469999999999
Chinese,25736,Golden Bistro,QSR,CBD,0.99,37.48,1541,201,7533.48,670,335,335,25111.6,12555.8,12555.8,0.231255908571184,0.429290983942337,0.33,6,1.77,592.95,2557.26,237.38,118.69,3669.16,0.1304347826086956,0.4347826086956521,0.217391304347826,0.217391304347826,57756.67999999999,6582.49
Chinese,25253,Lotus House,Cafe,South Auckland,1.05,38.21,570,110,4203.1,230,115,115,8788.3,4394.15,4394.15,0.267035818304867,0.406331148534082,0.29,7,2.07,238.05,1372.87,321.94,160.97,1197.22,0.1929824561403508,0.4035087719298245,0.2017543859649122,0.2017543859649122,21779.699999999997,3053.0
Chinese,26062,Lotus Corner,QSR,North Shore,1.03,39.35,892,136,5351.6,378,189,189,14874.3,7437.15,7437.15,0.273729488663375,0.420402242988348,0.3,5,1.48,279.72,1636.88,87.29,43.64,1995.07,0.1524663677130044,0.4237668161434977,0.2118834080717488,0.2118834080717488,35100.200000000004,3762.88
Chinese,25902,Dragon Corner,Cafe,West Auckland,1.04,41.6,1401,233,9692.8,584,292,292,24294.4,12147.2,12147.2,0.262180847041309,0.369001289620064,0.31,10,2.95,861.4,3574.88,1428.94,714.47,3618.7,0.1663097787294789,0.4168451106352605,0.2084225553176302,0.2084225553176302,58281.59999999999,9336.99
Chinese,25579,Red Bistro,Cafe,West Auckland,1.04,41.65,1774,295,12286.75,739,370,370,30779.35,15410.5,15410.5,0.272242928724736,0.37713876364287,0.33,4,1.18,436.6,4307.96,634.62,317.74,4966.6,0.1662908680947012,0.4165727170236753,0.2085682074408117,0.2085682074408117,73887.1,10226.92
Chinese,25405,Sakura Eatery,Cafe,CBD,0.99,32.65,685,89,2905.85,298,149,149,9729.7,4864.85,4864.85,0.250387344434857,0.388945489260368,0.33,3,0.89,132.61,1048.04,298.38,149.19,1621.98,0.12992700729927,0.4350364963503649,0.2175182481751824,0.2175182481751824,22365.25,3117.59
Chinese,25014,Dragon Bistro,Cafe,North Shore,1.03,45.49,1805,325,14784.25,740,370,370,33662.6,16831.3,16831.3,0.249232679028064,0.372381716105156,0.33,6,1.77,654.9,5594.15,1628.79,814.39,5713.82,0.1800554016620498,0.4099722991689751,0.2049861495844875,0.2049861495844875,82109.45,13751.15
Chinese,25663,Golden Diner,QSR,North Shore,1.03,42.8,1416,128,5478.4,644,322,322,27563.2,13781.6,13781.6,0.217471688818187,0.397225528932176,0.29,10,2.95,949.9,2110.84,2626.85,1313.42,4360.19,0.0903954802259887,0.4548022598870056,0.2274011299435028,0.2274011299435028,60604.799999999996,10411.3
Chinese,25460,Dragon House,QSR,South Auckland,1.05,40.17,1702,154,6186.18,774,387,387,31091.58,15545.79,15545.79,0.224177420735359,0.371806528232992,0.31,4,1.18,456.66,2499.32,2923.11,1461.55,5824.09,0.09048178613396,0.4547591069330199,0.2273795534665099,0.2273795534665099,68369.34,12708.07
Chinese,25220,Sakura Cafe,Ghost Kitchen,South Auckland,1.05,46.48,684,56,2602.88,314,157,157,14594.72,7297.36,7297.36,0.254113502101973,0.293027579516638,0.33,10,2.95,463.15,1178.74,1793.09,896.55,2841.52,0.0818713450292397,0.4590643274853801,0.22953216374269,0.22953216374269,31792.32,6709.9
Chinese,25666,Lotus Eatery,QSR,South Auckland,1.05,31.59,1136,148,4675.32,494,247,247,15605.46,7802.73,7802.73,0.257099008373916,0.365626385132782,0.32,5,1.48,365.56,1763.88,893.8,446.9,2578.21,0.130281690140845,0.4348591549295774,0.2174295774647887,0.2174295774647887,35886.24,5682.790000000001
Chinese,25346,Dragon Corner,Cafe,South Auckland,1.05,41.51,864,112,4649.12,376,188,188,15607.76,7803.88,7803.88,0.213982010986656,0.368292850884609,0.29,3,0.89,167.32,1942.05,1993.5,996.75,3092.56,0.1296296296296296,0.4351851851851852,0.2175925925925926,0.2175925925925926,35864.64,8024.860000000001
Chinese,26115,Red Kitchen,QSR,West Auckland,1.04,43.52,942,143,6223.36,399,200,200,17364.48,8704.0,8704.0,0.272186443097889,0.352368629071862,0.3,5,1.48,296.0,2336.53,1310.06,656.67,2971.87,0.1518046709129511,0.4235668789808917,0.2123142250530785,0.2123142250530785,40995.84,7275.13
Chinese,25953,Red Tavern,Ghost Kitchen,South Auckland,1.05,36.36,727,27,981.72,350,175,175,12726.0,6363.0,6363.0,0.279109132918529,0.237539153231774,0.28,16,4.72,826.0,474.52,2587.85,1293.93,2249.57,0.0371389270976616,0.4814305364511692,0.2407152682255846,0.2407152682255846,26433.72,6605.870000000001
Chinese,25790,Lotus Corner,Ghost Kitchen,West Auckland,1.04,31.36,1240,112,3512.32,564,282,282,17687.04,8843.52,8843.52,0.257417674874887,0.311002339527477,0.29,11,3.25,916.5,1515.85,2504.13,1252.07,2900.19,0.0903225806451612,0.4548387096774193,0.2274193548387096,0.2274193548387096,38886.4,8172.24
Chinese,26482,Lotus Corner,QSR,South Auckland,1.05,43.28,1090,142,6145.76,474,237,237,20514.72,10257.36,10257.36,0.20701973548159,0.351363193755969,0.28,10,2.95,699.15,2714.07,3315.53,1657.76,3830.68,0.1302752293577981,0.4348623853211009,0.2174311926605504,0.2174311926605504,47175.200000000004,11518.04
Chinese,26430,Lotus Cafe,Cafe,North Shore,1.03,41.86,934,198,8288.28,368,184,184,15404.48,7702.24,7702.24,0.271048975866288,0.39323107956443,0.31,14,4.13,759.92,2782.54,396.2,198.1,1825.88,0.2119914346895074,0.3940042826552462,0.1970021413276231,0.1970021413276231,39097.24,5202.719999999999
Chinese,25674,Sakura Corner,QSR,South Auckland,1.05,38.35,816,136,5215.6,340,170,170,13039.0,6519.5,6519.5,0.245714876074344,0.419549148436636,0.33,8,2.36,401.2,1745.85,61.75,30.88,1781.11,0.1666666666666666,0.4166666666666667,0.2083333333333333,0.2083333333333333,31293.6,3619.59
Chinese,26322,Dragon Eatery,Cafe,South Auckland,1.05,46.69,512,88,4108.72,212,106,106,9898.28,4949.14,4949.14,0.233956580478698,0.384420123812743,0.28,12,3.54,375.24,1567.98,1005.9,502.95,1513.47,0.171875,0.4140625,0.20703125,0.20703125,23905.28,4590.3
Chinese,25193,Lotus Corner,Ghost Kitchen,West Auckland,1.04,44.51,552,40,1780.4,256,128,128,11394.56,5697.28,5697.28,0.266178112232592,0.341195593902376,0.32,15,4.43,567.04,699.03,827.54,413.77,1669.86,0.072463768115942,0.463768115942029,0.2318840579710145,0.2318840579710145,24569.519999999997,3610.2
Chinese,26247,Dragon Bistro,Cafe,North Shore,1.03,42.82,1517,197,8435.54,660,330,330,28261.2,14130.6,14130.6,0.207485083583742,0.366652830177918,0.29,13,3.84,1267.2,3592.38,3839.63,1919.81,4750.49,0.1298615688859591,0.4350692155570204,0.2175346077785102,0.2175346077785102,64957.94,14102.31
Chinese,25439,Sakura Grill,QSR,South Auckland,1.05,42.65,1361,145,6184.25,608,304,304,25931.2,12965.6,12965.6,0.254115779791027,0.438919094158337,0.3,10,2.95,896.8,1898.35,180.61,90.31,3083.19,0.106539309331374,0.446730345334313,0.2233651726671565,0.2233651726671565,58046.65,5252.46
Chinese,25804,Golden Tavern,QSR,West Auckland,1.04,45.53,709,70,3187.1,319,160,160,14524.07,7284.8,7284.8,0.211341295223683,0.3560370254796,0.28,12,3.54,566.4,1378.81,2216.69,1111.82,2585.16,0.0987306064880112,0.4499294781382228,0.2256699576868829,0.2256699576868829,32280.769999999997,7292.48
Chinese,25402,Dragon Tavern,QSR,North Shore,1.03,42.47,1837,293,12443.71,772,386,386,32786.84,16393.42,16393.42,0.233264213018119,0.440884645469487,0.28,6,1.77,683.22,4054.8,1503.31,751.66,4658.59,0.1594991834512792,0.4202504082743604,0.2101252041371802,0.2101252041371802,78017.38999999998,10968.36
Chinese,25322,Dragon Tavern,QSR,South Auckland,1.05,41.05,488,56,2298.8,216,108,108,8866.8,4433.4,4433.4,0.219390986971557,0.417754578310996,0.28,12,3.54,382.32,834.13,734.65,367.33,1226.36,0.1147540983606557,0.4426229508196721,0.221311475409836,0.221311475409836,20032.399999999998,3162.47
Chinese,26416,Sakura House,Full-service,North Shore,1.03,40.76,914,246,10026.96,334,167,167,13613.84,6806.92,6806.92,0.35818507267395,0.451834093313664,0.3,6,1.77,295.59,1904.93,-1497.78,-748.89,997.59,0.2691466083150984,0.3654266958424507,0.1827133479212253,0.1827133479212253,37254.64,655.8500000000001
Chinese,25444,Lotus Bistro,QSR,West Auckland,1.04,32.99,813,129,4255.71,342,171,171,11282.58,5641.29,5641.29,0.241232790723443,0.447842447133735,0.3,17,5.02,858.42,1323.21,123.26,61.63,895.6,0.1586715867158671,0.4206642066420664,0.2103321033210332,0.2103321033210332,26820.870000000003,2403.7000000000003
Chinese,25286,Sakura Kitchen,Cafe,West Auckland,1.04,33.47,1076,148,4953.56,464,232,232,15530.08,7765.04,7765.04,0.236732678022236,0.412625902309082,0.31,7,2.07,480.24,1736.92,631.16,315.58,2242.5,0.137546468401487,0.4312267657992565,0.2156133828996282,0.2156133828996282,36013.72,4926.16
Chinese,26055,Golden Bistro,Cafe,West Auckland,1.04,44.28,665,149,6597.72,258,129,129,11424.24,5712.12,5712.12,0.258825121168047,0.351078014448285,0.28,9,2.66,343.14,2573.75,1257.77,628.89,1885.14,0.2240601503759398,0.3879699248120301,0.193984962406015,0.193984962406015,29446.199999999997,6345.55
Chinese,25408,Dragon Bistro,QSR,South Auckland,1.05,43.67,929,106,4629.02,411,206,206,17948.37,8996.02,8996.02,0.277101503256708,0.38409072898794,0.31,15,4.43,912.58,1568.35,517.05,259.16,2135.34,0.1141011840688912,0.4424111948331539,0.2217438105489774,0.2217438105489774,40569.43,4479.9
Chinese,25409,Red Cafe,Cafe,West Auckland,1.04,37.34,1251,258,9633.72,497,248,248,18557.98,9260.32,9260.32,0.254479878954589,0.443789343861863,0.29,5,1.48,367.04,2906.79,217.7,108.63,2427.08,0.2062350119904076,0.3972821742605915,0.1982414068745004,0.1982414068745004,46712.34,5660.2
Chinese,25166,Sakura Grill,Cafe,West Auckland,1.04,38.08,953,145,5521.6,404,202,202,15384.32,7692.16,7692.16,0.255336913112551,0.351766921835951,0.33,6,1.77,357.54,2169.42,967.61,483.81,2664.68,0.1521511017838405,0.4239244491080797,0.2119622245540398,0.2119622245540398,36290.24,6285.52
Chinese,26303,Golden Cafe,Cafe,North Shore,1.03,31.21,1288,273,8520.33,507,254,254,15823.47,7927.34,7927.34,0.234816674832255,0.390215468662791,0.32,5,1.48,375.92,3194.85,869.78,435.75,2596.58,0.2119565217391304,0.3936335403726708,0.1972049689440994,0.1972049689440994,40198.479999999996,7096.96
Chinese,26182,Red Cafe,QSR,CBD,0.99,38.49,588,53,2039.97,267,134,134,10276.83,5157.66,5157.66,0.22133356070146,0.377704364201054,0.32,11,3.25,435.5,817.95,832.03,417.57,1632.53,0.0901360544217687,0.4540816326530612,0.227891156462585,0.227891156462585,22632.12,3700.08
Chinese,25616,Dragon Kitchen,Full-service,CBD,0.99,42.74,721,178,7607.72,271,136,136,11582.54,5812.64,5812.64,0.350249558931682,0.450828500417992,0.3,10,2.95,401.2,1513.34,-1170.74,-587.53,755.06,0.246879334257975,0.3758668515950069,0.188626907073509,0.188626907073509,30815.54,510.1299999999999
Chinese,26667,Lotus Bistro,Ghost Kitchen,South Auckland,1.05,43.75,569,21,918.75,274,137,137,11987.5,5993.75,5993.75,0.289830507559236,0.227591273200233,0.3,6,1.77,242.49,443.37,2188.66,1094.33,2649.96,0.0369068541300527,0.4815465729349736,0.2407732864674868,0.2407732864674868,24893.75,6376.32
Chinese,25983,Golden Kitchen,Ghost Kitchen,North Shore,1.03,44.94,1154,75,3370.5,539,270,270,24222.66,12133.8,12133.8,0.266524447023403,0.326476223429199,0.31,15,4.43,1196.1,1371.79,2349.58,1176.97,3742.35,0.0649913344887348,0.4670710571923743,0.2339688041594454,0.2339688041594454,51860.759999999995,8640.69
Chinese,26509,Sakura Kitchen,Cafe,CBD,0.99,36.12,519,71,2564.52,224,112,112,8090.88,4045.44,4045.44,0.225993219055235,0.415776332048699,0.33,7,2.07,231.84,918.69,228.41,114.2,1217.36,0.1368015414258188,0.4315992292870905,0.2157996146435452,0.2157996146435452,18746.28,2478.66
Chinese,25259,Sakura Eatery,Cafe,CBD,0.99,32.43,710,118,3826.74,296,148,148,9599.28,4799.64,4799.64,0.242546495571733,0.430796837480739,0.3,11,3.25,481.0,1250.03,255.88,127.94,1086.83,0.1661971830985915,0.4169014084507042,0.2084507042253521,0.2084507042253521,23025.3,2720.68
Chinese,26472,Lotus House,QSR,South Auckland,1.05,35.67,487,59,2104.53,214,107,107,7633.38,3816.69,3816.69,0.240888773892075,0.351945476536639,0.3,14,4.13,441.91,856.89,818.04,409.02,1112.12,0.1211498973305954,0.4394250513347023,0.2197125256673511,0.2197125256673511,17371.29,3196.0699999999997
Chinese,25945,Golden Grill,QSR,West Auckland,1.04,43.46,1303,179,7779.34,562,281,281,24424.52,12212.26,12212.26,0.222378516234458,0.41459262559656,0.31,9,2.66,747.46,2824.12,1295.2,647.6,3685.94,0.1373752877973906,0.4313123561013047,0.2156561780506523,0.2156561780506523,56628.380000000005,8452.86
Chinese,25640,Lotus Diner,Cafe,CBD,0.99,31.66,1281,264,8358.24,509,254,254,16114.94,8041.64,8041.64,0.205856685228646,0.39364028731361,0.32,10,2.95,749.3,3347.5,1297.3,647.38,2471.4,0.2060889929742388,0.3973458235753317,0.1982825917252146,0.1982825917252146,40556.46,7763.58
Chinese,25467,Dragon Eatery,QSR,West Auckland,1.04,41.53,747,91,3779.23,328,164,164,13621.84,6810.92,6810.92,0.25042320612818,0.370411440101452,0.28,4,1.18,193.52,1432.95,1350.81,675.41,2388.94,0.1218206157965194,0.4390896921017403,0.2195448460508701,0.2195448460508701,31022.909999999996,5848.110000000001
Chinese,25180,Lotus House,Cafe,CBD,0.99,38.27,865,173,6620.71,346,173,173,13241.42,6620.71,6620.71,0.274860554076731,0.414748610393144,0.33,12,3.54,612.42,2055.01,-259.65,-129.83,1442.59,0.2,0.4,0.2,0.2,33103.55,3108.12
Chinese,25872,Lotus Cafe,QSR,North Shore,1.03,41.75,1579,143,5970.25,718,359,359,29976.5,14988.25,14988.25,0.224730357956141,0.41980867923703,0.27,14,4.13,1482.67,2122.19,2561.82,1280.91,3845.07,0.090563647878404,0.4547181760607979,0.2273590880303989,0.2273590880303989,65923.25,9809.99
Chinese,26234,Sakura Tavern,Cafe,CBD,0.99,40.7,1869,397,16157.9,736,368,368,29955.2,14977.6,14977.6,0.253393245972693,0.403203879250214,0.28,4,1.18,434.24,5548.67,1899.25,949.62,4709.11,0.2124130551096843,0.3937934724451578,0.1968967362225789,0.1968967362225789,76068.3,13106.650000000001
Chinese,26210,Golden Bistro,Cafe,North Shore,1.03,35.46,1501,337,11950.02,582,291,291,20637.72,10318.86,10318.86,0.250337548665702,0.439704435644671,0.3,5,1.48,430.68,3704.0,205.51,102.76,2767.73,0.2245169886742171,0.3877415056628914,0.1938707528314457,0.1938707528314457,53225.46000000001,6780.0
Chinese,26198,Golden Corner,QSR,CBD,0.99,31.54,973,126,3974.04,423,212,212,13341.42,6686.48,6686.48,0.213647998534143,0.435719694918953,0.3,7,2.07,438.84,1393.43,675.51,338.55,1905.66,0.1294964028776978,0.434737923946557,0.2178828365878725,0.2178828365878725,30688.42,4313.150000000001
Chinese,25596,Dragon Eatery,Ghost Kitchen,West Auckland,1.04,35.34,489,40,1413.6,225,112,112,7951.5,3958.08,3958.08,0.295075432630256,0.2626055581728,0.33,10,2.95,330.4,625.26,893.1,444.57,1420.33,0.081799591002045,0.4601226993865031,0.2290388548057259,0.2290388548057259,17281.260000000002,3383.26
Chinese,26242,Sakura Cafe,Cafe,South Auckland,1.05,43.4,808,105,4557.0,351,176,176,15233.4,7638.4,7638.4,0.230641705133021,0.388845657976344,0.28,10,2.95,519.2,1734.0,1531.15,767.76,2387.31,0.1299504950495049,0.4344059405940594,0.2178217821782178,0.2178217821782178,35067.200000000004,6420.219999999999
Chinese,25030,Golden House,QSR,South Auckland,1.05,34.48,1242,198,6827.04,522,261,261,17998.56,8999.28,8999.28,0.262395003382117,0.407956757908687,0.28,15,4.43,1156.23,2250.52,893.6,446.8,1810.37,0.1594202898550724,0.4202898550724637,0.2101449275362318,0.2101449275362318,42824.16,5401.29
Chinese,25478,Dragon Corner,QSR,West Auckland,1.04,42.19,720,71,2995.49,325,162,162,13711.75,6834.78,6834.78,0.234123886600137,0.438297565397806,0.31,14,4.13,669.06,981.26,241.03,120.15,1569.87,0.0986111111111111,0.4513888888888889,0.225,0.225,30376.799999999996,2912.31
Chinese,25398,Lotus House,QSR,North Shore,1.03,38.54,1170,178,6860.12,496,248,248,19115.84,9557.92,9557.92,0.202150040548295,0.407632516603917,0.29,11,3.25,806.0,2676.94,1915.74,957.87,2923.67,0.1521367521367521,0.4239316239316239,0.2119658119658119,0.2119658119658119,45091.799999999996,8474.220000000001
Chinese,26010,Dragon Kitchen,Cafe,South Auckland,1.05,41.49,1853,309,12820.41,772,386,386,32030.28,16015.14,16015.14,0.2735302041471,0.449517151387408,0.3,13,3.84,1482.24,3550.65,-738.21,-369.11,2953.2,0.1667566109012412,0.4166216945493793,0.2083108472746896,0.2083108472746896,76880.97,5396.53
Chinese,26131,Lotus Diner,Cafe,West Auckland,1.04,32.54,641,88,2863.52,277,138,138,9013.58,4490.52,4490.52,0.26319454908371,0.369229766190983,0.29,4,1.18,162.84,1052.56,699.23,348.36,1487.77,0.1372854914196568,0.4321372854914196,0.2152886115444617,0.2152886115444617,20858.14,3587.92
Chinese,26617,Red Kitchen,Cafe,South Auckland,1.05,40.13,1041,173,6942.49,434,217,217,17416.42,8708.21,8708.21,0.216339749116451,0.428064831299707,0.31,8,2.36,512.12,2468.72,794.11,397.05,2584.48,0.1661863592699327,0.4169068203650336,0.2084534101825168,0.2084534101825168,41775.329999999994,6244.360000000001
Chinese,26053,Lotus Corner,Ghost Kitchen,South Auckland,1.05,40.77,1663,94,3832.38,785,392,392,32004.45,15981.84,15981.84,0.258694604574703,0.261828095512465,0.32,4,1.18,462.56,1837.54,5103.98,2548.74,7200.37,0.0565243535778713,0.4720384846662658,0.2357185808779314,0.2357185808779314,67800.51,16690.629999999997
Chinese,26498,Golden House,QSR,South Auckland,1.05,38.13,807,134,5109.42,337,168,168,12849.81,6405.84,6405.84,0.272539748549461,0.445815528859384,0.31,16,4.72,792.96,1439.04,-364.36,-181.64,1011.21,0.1660470879801734,0.4175960346964064,0.20817843866171,0.20817843866171,30770.91,1904.25
Chinese,26013,Red Tavern,QSR,CBD,0.99,41.33,1720,249,10291.17,735,368,368,30377.55,15209.44,15209.44,0.265340579673648,0.387207843293436,0.3,9,2.66,978.88,3575.68,1441.46,721.71,4305.66,0.1447674418604651,0.4273255813953488,0.213953488372093,0.213953488372093,71087.6,10044.509999999998
Chinese,25206,Sakura Kitchen,Ghost Kitchen,South Auckland,1.05,37.14,1256,48,1782.72,604,302,302,22432.56,11216.28,11216.28,0.26369786063442,0.34321853480069,0.3,11,3.25,981.5,700.76,2088.1,1044.05,3427.44,0.0382165605095541,0.4808917197452229,0.2404458598726114,0.2404458598726114,46647.840000000004,7260.35
Chinese,26176,Red Kitchen,Cafe,CBD,0.99,34.74,797,109,3786.66,344,172,172,11950.56,5975.28,5975.28,0.207925808895379,0.446247707633302,0.3,15,4.43,761.96,1309.53,547.65,273.83,1304.45,0.1367628607277289,0.4316185696361355,0.2158092848180677,0.2158092848180677,27687.78,3435.46
Chinese,25693,Red Grill,Cafe,CBD,0.99,36.88,1821,364,13424.32,729,364,364,26885.52,13424.32,13424.32,0.215512109491974,0.354911531717516,0.32,8,2.36,859.04,5766.77,2946.02,1470.99,4907.73,0.1998901702361339,0.400329489291598,0.1998901702361339,0.1998901702361339,67158.48,15091.51
Chinese,26543,Dragon Eatery,Cafe,North Shore,1.03,34.17,1484,204,6970.68,640,320,320,21868.8,10934.4,10934.4,0.243031623307616,0.432662174850702,0.32,15,4.43,1417.6,2260.63,94.17,47.09,2128.49,0.137466307277628,0.431266846361186,0.215633423180593,0.215633423180593,50708.28,4530.38
Chinese,25694,Golden Tavern,QSR,North Shore,1.03,40.09,738,107,4289.63,315,158,158,12628.35,6334.22,6334.22,0.256855880245566,0.439328920771368,0.29,16,4.72,745.76,1303.25,174.46,87.51,1178.67,0.1449864498644986,0.4268292682926829,0.2140921409214092,0.2140921409214092,29586.420000000002,2743.8900000000003
Chinese,26371,Lotus Corner,Cafe,North Shore,1.03,38.06,1246,162,6165.72,542,271,271,20628.52,10314.26,10314.26,0.230336780287325,0.355597883812152,0.27,8,2.36,639.56,2553.01,2971.85,1485.93,3631.22,0.1300160513643659,0.434991974317817,0.2174959871589085,0.2174959871589085,47422.76,10642.01
Chinese,25659,Golden House,Cafe,West Auckland,1.04,37.76,1282,186,7023.36,548,274,274,20692.48,10346.24,10346.24,0.239677734877914,0.370510710123926,0.29,8,2.36,646.64,2737.79,2065.35,1032.67,3386.44,0.1450858034321372,0.4274570982839313,0.2137285491419656,0.2137285491419656,48408.32,9222.25
Chinese,25700,Sakura Diner,Cafe,North Shore,1.03,35.03,1028,224,7846.72,402,201,201,14082.06,7041.03,7041.03,0.279623358305544,0.3802623182768,0.33,17,5.02,1009.02,2668.78,142.43,71.22,1385.74,0.2178988326848249,0.3910505836575875,0.1955252918287937,0.1955252918287937,36010.84,4268.17
Chinese,25580,Sakura Corner,Cafe,CBD,0.99,35.24,810,129,4545.96,341,170,170,12016.84,5990.8,5990.8,0.27675179714337,0.438894295063801,0.3,16,4.72,802.4,1292.66,-188.02,-93.73,901.11,0.1592592592592592,0.4209876543209876,0.2098765432098765,0.2098765432098765,28544.399999999998,1912.02
Chinese,25070,Red Grill,Cafe,South Auckland,1.05,37.27,1820,364,13566.28,728,364,364,27132.56,13566.28,13566.28,0.279364249650389,0.412589256395586,0.33,16,4.72,1718.08,4179.04,-595.65,-297.83,2460.96,0.2,0.4,0.2,0.2,67831.40000000001,5746.52
Chinese,25221,Red Diner,QSR,North Shore,1.03,36.55,1230,178,6505.9,526,263,263,19225.3,9612.65,9612.65,0.20621140897274,0.414861785247922,0.32,11,3.25,854.75,2465.26,1132.89,566.44,2787.74,0.1447154471544715,0.4276422764227642,0.2138211382113821,0.2138211382113821,44956.5,6952.33
Chinese,25508,Dragon Tavern,Cafe,West Auckland,1.04,43.74,1165,225,9841.5,470,235,235,20557.8,10278.9,10278.9,0.201465280093253,0.376539960876107,0.32,4,1.18,277.3,4153.06,2096.79,1048.39,4060.34,0.1931330472103004,0.4034334763948498,0.2017167381974249,0.2017167381974249,50957.1,11358.580000000002
Chinese,25318,Golden Tavern,QSR,North Shore,1.03,31.35,1178,162,5078.7,508,254,254,15925.8,7962.9,7962.9,0.248687975779176,0.399860312812962,0.3,3,0.89,226.06,1784.92,819.41,409.7,2572.51,0.1375212224108658,0.4312393887945671,0.2156196943972835,0.2156196943972835,36930.3,5586.54
Chinese,26302,Sakura Tavern,Cafe,CBD,0.99,30.28,1382,190,5753.2,596,298,298,18046.88,9023.44,9023.44,0.205369649510831,0.387487425445579,0.33,9,2.66,792.68,2342.37,1392.19,696.09,2881.15,0.1374819102749638,0.4312590448625181,0.215629522431259,0.215629522431259,41846.96000000001,7311.799999999999
Chinese,26520,Golden Eatery,QSR,West Auckland,1.04,36.1,1380,136,4909.6,622,311,311,22454.2,11227.1,11227.1,0.231766770388931,0.424708562181331,0.28,10,2.95,917.45,1686.57,1426.4,713.2,2939.34,0.0985507246376811,0.4507246376811594,0.2253623188405797,0.2253623188405797,49818.0,6765.51
Chinese,25877,Lotus Grill,QSR,North Shore,1.03,39.45,1843,307,12111.15,768,384,384,30297.6,15148.8,15148.8,0.231631634328514,0.350606797146611,0.3,4,1.18,453.12,5059.57,3567.89,1783.95,5875.47,0.166576234400434,0.4167118827997829,0.2083559413998914,0.2083559413998914,72706.35,16286.880000000001
Chinese,25960,Red Kitchen,Cafe,North Shore,1.03,31.06,1454,318,9877.08,568,284,284,17642.08,8821.04,8821.04,0.248581511806697,0.39416928270366,0.28,7,2.07,587.88,3528.58,1362.84,681.42,2563.43,0.218707015130674,0.390646492434663,0.1953232462173315,0.1953232462173315,45161.240000000005,8136.27
Chinese,26417,Golden Tavern,Cafe,West Auckland,1.04,34.53,1423,311,10738.83,556,278,278,19198.68,9599.34,9599.34,0.253148416317999,0.426089535560459,0.28,17,5.02,1395.56,3444.61,782.58,391.29,1683.54,0.218552354181307,0.3907238229093464,0.1953619114546732,0.1953619114546732,49136.19,6302.02
Chinese,25691,Golden Bistro,QSR,West Auckland,1.04,41.14,1404,172,7076.08,616,308,308,25342.24,12671.12,12671.12,0.244977448247373,0.424303243448958,0.27,10,2.95,908.6,2340.2,1538.76,769.38,3281.98,0.1225071225071225,0.4387464387464387,0.2193732193732193,0.2193732193732193,57760.560000000005,7930.32
Chinese,25517,Dragon House,Cafe,CBD,0.99,36.2,1800,336,12163.2,732,366,366,26498.4,13249.2,13249.2,0.212974373381585,0.441601479123347,0.31,15,4.43,1621.38,4201.46,938.68,469.34,2955.21,0.1866666666666666,0.4066666666666667,0.2033333333333333,0.2033333333333333,65160.0,8564.69
Chinese,25761,Red Diner,Cafe,CBD,0.99,42.32,704,112,4739.84,296,148,148,12526.72,6263.36,6263.36,0.2523854868114,0.430818550032564,0.32,6,1.77,261.96,1501.56,-40.14,-20.07,1722.25,0.1590909090909091,0.4204545454545454,0.2102272727272727,0.2102272727272727,29793.28,3163.6
Chinese,25801,Golden Eatery,Cafe,North Shore,1.03,34.24,679,135,4622.4,272,136,136,9313.28,4656.64,4656.64,0.273595393132418,0.366750952135772,0.29,7,2.07,281.52,1662.46,648.7,324.35,1393.26,0.198821796759941,0.4005891016200295,0.2002945508100147,0.2002945508100147,23248.96,4028.7699999999995
Chinese,25036,Lotus Tavern,Cafe,South Auckland,1.05,36.56,1578,251,9176.56,663,332,332,24239.28,12137.92,12137.92,0.23573942931369,0.415051110228524,0.31,10,2.95,979.4,3204.54,950.41,475.92,3259.28,0.1590621039290241,0.4201520912547528,0.2103929024081115,0.2103929024081115,57691.67999999999,7890.15
Chinese,25572,Sakura House,Ghost Kitchen,West Auckland,1.04,33.57,677,38,1275.66,319,160,160,10708.83,5371.2,5371.2,0.294790791755076,0.303496247588191,0.28,6,1.77,283.2,512.45,1303.4,653.74,1874.48,0.0561299852289512,0.4711964549483013,0.2363367799113737,0.2363367799113737,22726.89,4344.07
Chinese,25806,Golden Kitchen,Ghost Kitchen,West Auckland,1.04,46.32,907,43,1991.76,432,216,216,20010.24,10005.12,10005.12,0.283300330804195,0.331551749072969,0.28,3,0.89,192.24,767.12,2104.04,1052.02,3661.21,0.0474090407938257,0.4762954796030871,0.2381477398015435,0.2381477398015435,42012.240000000005,7584.389999999999
Chinese,26414,Golden Diner,QSR,North Shore,1.03,41.57,1591,231,9602.67,680,340,340,28267.6,14133.8,14133.8,0.21968027330935,0.377555910078809,0.32,13,3.84,1305.6,3867.61,2339.53,1169.77,4386.98,0.1451917033312382,0.4274041483343809,0.2137020741671904,0.2137020741671904,66137.87,11763.89
Chinese,26293,Sakura Kitchen,QSR,South Auckland,1.05,35.69,849,141,5032.29,354,177,177,12634.26,6317.13,6317.13,0.21097047034651,0.357273713103496,0.28,5,1.48,261.96,2172.72,1917.32,958.66,2465.5,0.166077738515901,0.4169611307420495,0.2084805653710247,0.2084805653710247,30300.81,7514.2
Chinese,26577,Golden Grill,QSR,North Shore,1.03,44.16,1066,105,4636.8,481,240,240,21240.96,10598.4,10598.4,0.273161277454346,0.373338230419904,0.32,9,2.66,638.4,1639.11,711.58,355.05,3108.14,0.098499061913696,0.4512195121951219,0.225140712945591,0.225140712945591,47074.56,5813.88
Chinese,26536,Sakura Corner,QSR,West Auckland,1.04,34.6,1570,250,8650.0,660,330,330,22836.0,11418.0,11418.0,0.227808673344553,0.356178039731458,0.27,9,2.66,877.8,3598.51,3334.36,1667.18,3872.24,0.1592356687898089,0.4203821656050955,0.2101910828025477,0.2101910828025477,54322.0,12472.29
Chinese,25512,Lotus Kitchen,QSR,CBD,0.99,31.27,1364,124,3877.48,620,310,310,19387.4,9693.7,9693.7,0.256585275344551,0.395035106549039,0.31,17,5.02,1556.2,1350.84,744.08,372.04,1820.89,0.0909090909090909,0.4545454545454545,0.2272727272727272,0.2272727272727272,42652.28,4287.85
Chinese,25109,Dragon Cafe,Cafe,South Auckland,1.05,40.69,1051,203,8260.07,424,212,212,17252.56,8626.28,8626.28,0.249420516099781,0.374149388237856,0.29,18,5.31,1125.72,3109.34,1491.14,745.57,2121.47,0.1931493815413891,0.4034253092293054,0.2017126546146527,0.2017126546146527,42765.19,7467.52
Chinese,26178,Golden Kitchen,Cafe,West Auckland,1.04,42.26,1530,306,12931.56,612,306,306,25863.12,12931.56,12931.56,0.211885205637664,0.435429754783399,0.31,15,4.43,1355.58,4560.77,1103.97,551.98,3205.19,0.2,0.4,0.2,0.2,64657.799999999996,9421.910000000002
Chinese,25829,Lotus Corner,Cafe,CBD,0.99,39.95,917,133,5313.35,392,196,196,15660.4,7830.2,7830.2,0.231712181903422,0.395080887596123,0.3,9,2.66,521.36,1982.98,1146.45,573.22,2400.92,0.1450381679389313,0.4274809160305343,0.2137404580152671,0.2137404580152671,36634.15,6103.570000000001
Chinese,26636,Sakura Cafe,Ghost Kitchen,South Auckland,1.05,37.98,1702,126,4785.48,788,394,394,29928.24,14964.12,14964.12,0.255518442066386,0.326068457355723,0.33,3,0.89,350.66,2002.31,2646.05,1323.02,5910.52,0.0740305522914218,0.462984723854289,0.2314923619271445,0.2314923619271445,64641.96000000001,11881.900000000001
Chinese,25820,Dragon Corner,Cafe,South Auckland,1.05,32.01,1737,277,8866.77,730,365,365,23367.3,11683.65,11683.65,0.250170034579933,0.432637205859646,0.32,16,4.72,1722.8,2812.48,-65.6,-32.8,1983.17,0.1594703511801957,0.4202648244099021,0.210132412204951,0.210132412204951,55601.37,4697.25
Chinese,25375,Dragon Cafe,Cafe,CBD,0.99,39.65,1049,229,9079.85,410,205,205,16256.5,8128.25,8128.25,0.210223318692297,0.371796460123733,0.3,16,4.72,967.6,3795.2,1917.95,958.97,2429.85,0.2183031458531935,0.3908484270734032,0.1954242135367016,0.1954242135367016,41592.85,9101.97
Chinese,25941,Red Bistro,Ghost Kitchen,South Auckland,1.05,43.94,1248,92,4042.48,578,289,289,25397.32,12698.66,12698.66,0.294854726211633,0.281737700977828,0.31,7,2.07,598.23,1711.62,2880.25,1440.12,4778.48,0.0737179487179487,0.4631410256410256,0.2315705128205128,0.2315705128205128,54837.119999999995,10810.47
Chinese,25054,Red Diner,QSR,South Auckland,1.05,42.92,1638,226,9699.92,706,353,353,30301.52,15150.76,15150.76,0.229495190586895,0.358006178517826,0.29,13,3.84,1355.52,4001.2,3711.89,1855.95,4894.15,0.1379731379731379,0.431013431013431,0.2155067155067155,0.2155067155067155,70302.96,14463.19
Chinese,26515,Lotus Kitchen,Cafe,CBD,0.99,41.51,1747,315,13075.65,716,358,358,29721.16,14860.58,14860.58,0.23336392775178,0.388946938468143,0.3,15,4.43,1585.94,4938.53,2309.01,1154.51,4026.74,0.1803091013165426,0.4098454493417287,0.2049227246708643,0.2049227246708643,72517.97,12428.789999999999
Chinese,25555,Lotus Bistro,Cafe,CBD,0.99,30.34,763,171,5188.14,296,148,148,8980.64,4490.32,4490.32,0.279941906649619,0.444194895145483,0.29,13,3.84,568.32,1431.22,-126.96,-63.48,670.39,0.2241153342070773,0.3879423328964613,0.1939711664482306,0.1939711664482306,23149.42,1911.17
Chinese,25204,Lotus Diner,Cafe,South Auckland,1.05,41.77,1160,224,9356.48,468,234,234,19548.36,9774.18,9774.18,0.242862232327461,0.440491092158481,0.31,4,1.18,276.12,2962.7,129.93,64.97,2818.84,0.193103448275862,0.4034482758620689,0.2017241379310344,0.2017241379310344,48453.200000000004,5976.44
Chinese,26486,Red Cafe,QSR,South Auckland,1.05,37.7,881,121,4561.7,380,190,190,14326.0,7163.0,7163.0,0.268228919859976,0.375720127648674,0.31,15,4.43,841.7,1624.2,659.73,329.86,1708.69,0.1373439273552781,0.4313280363223609,0.2156640181611804,0.2156640181611804,33213.7,4322.4800000000005
Chinese,25844,Lotus Eatery,QSR,South Auckland,1.05,39.19,1313,209,8190.71,552,276,276,21632.88,10816.44,10816.44,0.272124186344445,0.39369796726387,0.3,12,3.54,977.04,2737.15,739.37,369.68,2637.57,0.1591774562071591,0.4204112718964204,0.2102056359482102,0.2102056359482102,51456.47,6483.77
Chinese,26368,Dragon Eatery,Cafe,West Auckland,1.04,40.68,1554,202,8217.36,676,338,338,27499.68,13749.84,13749.84,0.202652339376509,0.396879305806942,0.27,11,3.25,1098.5,3290.79,3587.84,1793.92,4407.88,0.12998712998713,0.435006435006435,0.2175032175032175,0.2175032175032175,63216.72,13080.43
Chinese,26690,Dragon Grill,Ghost Kitchen,CBD,0.99,31.29,1412,92,2878.68,660,330,330,20651.4,10325.7,10325.7,0.258770291029941,0.288752131327055,0.31,18,5.31,1752.3,1302.54,2942.36,1471.18,2919.85,0.065155807365439,0.4674220963172804,0.2337110481586402,0.2337110481586402,44181.479999999996,8635.93
Chinese,26370,Golden Diner,QSR,CBD,0.99,30.84,1398,127,3916.68,635,318,318,19583.4,9807.12,9807.12,0.263308193814009,0.405627339868806,0.27,9,2.66,845.88,1296.67,1195.85,598.87,2400.91,0.0908440629470672,0.4542203147353362,0.2274678111587982,0.2274678111587982,43114.32000000001,5492.299999999999
Chinese,25446,Lotus Kitchen,Full-service,North Shore,1.03,44.57,805,213,9493.41,296,148,148,13192.72,6596.36,6596.36,0.35904397550039,0.454478869610466,0.27,10,2.95,436.6,1770.3,-1101.89,-550.95,793.47,0.2645962732919255,0.3677018633540372,0.1838509316770186,0.1838509316770186,35878.85,910.9299999999998
Chinese,26519,Sakura Eatery,Cafe,South Auckland,1.05,31.77,1715,223,7084.71,746,373,373,23700.42,11850.21,11850.21,0.267107212133706,0.39803223637864,0.31,7,2.07,772.11,2372.39,589.21,294.6,3196.06,0.1300291545189504,0.4349854227405247,0.2174927113702623,0.2174927113702623,54485.549999999996,6452.26
Chinese,26318,Dragon Diner,QSR,North Shore,1.03,42.82,1678,279,11946.78,699,350,350,29931.18,14987.0,14987.0,0.203611622788012,0.44503956802655,0.3,6,1.77,619.5,4197.49,1536.93,769.56,4646.16,0.16626936829559,0.4165673420738975,0.2085816448152562,0.2085816448152562,71851.95999999999,11150.14
Chinese,26644,Lotus Tavern,Ghost Kitchen,CBD,0.99,37.03,1390,114,4221.42,638,319,319,23625.14,11812.57,11812.57,0.279031221440528,0.331663701019715,0.28,9,2.66,848.54,1643.42,2582.35,1291.17,3750.15,0.0820143884892086,0.4589928057553957,0.2294964028776978,0.2294964028776978,51471.7,9267.09
Chinese,25356,Golden Bistro,Ghost Kitchen,North Shore,1.03,40.09,1576,60,2405.4,758,379,379,30388.22,15194.11,15194.11,0.254831011791248,0.203994751733262,0.29,11,3.25,1231.75,1301.74,7632.74,3816.37,6990.91,0.0380710659898477,0.4809644670050761,0.240482233502538,0.240482233502538,63181.840000000004,19741.76
Chinese,25720,Red Grill,QSR,West Auckland,1.04,43.59,1158,114,4969.26,522,261,261,22753.98,11376.99,11376.99,0.208057023026049,0.386074588098563,0.28,11,3.25,848.25,2016.87,2864.01,1432.0,3769.31,0.0984455958549222,0.4507772020725388,0.2253886010362694,0.2253886010362694,50477.219999999994,10082.19
Chinese,25235,Red Grill,QSR,South Auckland,1.05,38.17,1523,163,6221.71,680,340,340,25955.6,12977.8,12977.8,0.242224811166525,0.386467837006785,0.3,10,2.95,1003.0,2310.17,1850.83,925.41,3815.75,0.1070256073539067,0.4464871963230466,0.2232435981615233,0.2232435981615233,58132.91,8902.16
Chinese,25604,Lotus Cafe,QSR,North Shore,1.03,45.47,856,136,6183.92,360,180,180,16369.2,8184.6,8184.6,0.268583900295198,0.364573732274584,0.29,15,4.43,797.4,2268.52,1257.85,628.92,2205.06,0.1588785046728972,0.4205607476635514,0.2102803738317757,0.2102803738317757,38922.32,6360.35
Chinese,25196,Golden Diner,Cafe,West Auckland,1.04,42.51,602,78,3315.78,262,131,131,11137.62,5568.81,5568.81,0.279265898615122,0.420667344261892,0.32,12,3.54,463.74,994.96,-222.01,-111.0,1207.27,0.1295681063122923,0.4352159468438538,0.2176079734219269,0.2176079734219269,25591.020000000004,1869.22
Chinese,25199,Sakura Corner,QSR,North Shore,1.03,35.77,1296,188,6724.76,554,277,277,19816.58,9908.29,9908.29,0.278208652883768,0.406034040707164,0.32,12,3.54,980.58,2123.39,-84.08,-42.04,2148.03,0.1450617283950617,0.4274691358024691,0.2137345679012345,0.2137345679012345,46357.920000000006,4145.3
Chinese,25364,Lotus Cafe,QSR,South Auckland,1.05,34.32,1518,162,5559.84,678,339,339,23268.96,11634.48,11634.48,0.253805624842644,0.407516850624233,0.31,4,1.18,400.02,1882.99,667.3,333.65,3540.32,0.1067193675889328,0.4466403162055335,0.2233201581027667,0.2233201581027667,52097.759999999995,6424.26
Chinese,25879,Golden Tavern,Ghost Kitchen,West Auckland,1.04,39.52,873,57,2252.64,408,204,204,16124.16,8062.08,8062.08,0.255745047354139,0.26501864414895,0.3,16,4.72,962.88,1079.55,2890.03,1445.02,2900.76,0.0652920962199312,0.4673539518900343,0.2336769759450171,0.2336769759450171,34500.96,8315.36
Chinese,26276,Lotus Tavern,Cafe,South Auckland,1.05,33.78,820,148,4999.44,336,168,168,11350.08,5675.04,5675.04,0.230877000335604,0.433313726494089,0.31,16,4.72,792.96,1678.86,292.94,146.47,1112.77,0.1804878048780487,0.4097560975609756,0.2048780487804878,0.2048780487804878,27699.600000000002,3231.04
Chinese,25152,Red Corner,Cafe,CBD,0.99,31.82,1151,183,5823.06,484,242,242,15400.88,7700.44,7700.44,0.218786398787051,0.404047677922063,0.29,4,1.18,285.56,2196.26,1342.43,671.22,2618.78,0.158992180712424,0.420503909643788,0.210251954821894,0.210251954821894,36624.82,6828.6900000000005
Chinese,25213,Golden House,QSR,West Auckland,1.04,40.32,595,59,2378.88,268,134,134,10805.76,5402.88,5402.88,0.251114022769034,0.397714350628667,0.29,8,2.36,316.24,835.4,661.01,330.5,1581.1,0.0991596638655462,0.4504201680672269,0.2252100840336134,0.2252100840336134,23990.4,3408.0099999999998
Chinese,26654,Golden Kitchen,Cafe,South Auckland,1.05,40.0,1136,248,9920.0,444,222,222,17760.0,8880.0,8880.0,0.233386963326484,0.438896401575767,0.27,4,1.18,261.96,3250.95,1025.05,512.52,2648.16,0.2183098591549295,0.3908450704225352,0.1954225352112676,0.1954225352112676,45440.0,7436.68
Chinese,25358,Red Eatery,Cafe,North Shore,1.03,32.21,603,91,2931.11,256,128,128,8245.76,4122.88,4122.88,0.213019451089203,0.381274681887589,0.29,12,3.54,453.12,1189.17,954.08,477.04,1219.56,0.1509121061359867,0.4245439469320066,0.2122719734660033,0.2122719734660033,19422.63,3839.85
Chinese,25938,Dragon Corner,Ghost Kitchen,CBD,0.99,43.11,1399,115,4957.65,642,321,321,27676.62,13838.31,13838.31,0.27334766110871,0.246361427556258,0.28,16,4.72,1515.12,2381.11,5543.38,2771.69,5131.29,0.0822015725518227,0.4588992137240886,0.2294496068620443,0.2294496068620443,60310.88999999999,15827.470000000001
Chinese,25964,Lotus Eatery,QSR,CBD,0.99,35.79,1326,162,5797.98,582,291,291,20829.78,10414.89,10414.89,0.252573682460934,0.381500149774365,0.29,6,1.77,515.07,2121.63,1581.53,790.76,3296.01,0.1221719457013574,0.4389140271493212,0.2194570135746606,0.2194570135746606,47457.53999999999,7789.93
Chinese,25641,Red House,Cafe,North Shore,1.03,43.92,1198,262,11507.04,468,234,234,20554.56,10277.28,10277.28,0.207899869717658,0.362047634436749,0.32,15,4.43,1036.62,4948.63,2262.08,1131.04,3383.15,0.2186978297161936,0.3906510851419031,0.1953255425709515,0.1953255425709515,52616.16,11724.9
Chinese,25919,Golden Grill,Cafe,North Shore,1.03,31.04,1663,363,11267.52,650,325,325,20176.0,10088.0,10088.0,0.243415899220854,0.399870697432198,0.3,16,4.72,1534.0,4019.28,1144.25,572.12,2064.52,0.2182802164762477,0.3908598917618761,0.195429945880938,0.195429945880938,51619.520000000004,7800.17
Indian,25665,Tandoori Diner,QSR,North Shore,1.03,37.29,570,70,2610.3,250,150,100,9322.5,5593.5,3729.0,0.243980130646378,0.447680360660888,0.32,13,3.84,384.0,804.86,-108.7,-65.22,765.8,0.1228070175438596,0.4385964912280701,0.2631578947368421,0.175438596491228,21255.3,1396.7399999999998
Indian,25535,Royal Eatery,QSR,West Auckland,1.04,39.74,581,66,2622.84,258,154,103,10252.92,6119.96,4093.22,0.263628536202014,0.44126284015365,0.31,3,0.89,91.67,774.02,-152.68,-91.13,1116.27,0.1135972461273666,0.4440619621342513,0.2650602409638554,0.1772805507745266,23088.940000000002,1646.48
Indian,25141,Tandoori Corner,QSR,South Auckland,1.05,43.28,901,81,3505.68,410,246,164,17744.8,10646.88,7097.92,0.252808979973197,0.406785128777847,0.31,12,3.54,580.56,1193.35,539.55,323.73,1835.61,0.0899001109877913,0.4550499445061043,0.2730299667036626,0.1820199778024417,38995.28,3892.24
Indian,25735,Tandoori Bistro,QSR,CBD,0.99,32.13,706,86,2763.18,310,186,124,9960.3,5976.18,3984.12,0.263643089570105,0.413649753807113,0.29,12,3.54,438.96,891.7,325.77,195.46,846.74,0.121813031161473,0.4390934844192634,0.263456090651558,0.1756373937677053,22683.78,2259.67
Indian,25732,Royal Cafe,Ghost Kitchen,North Shore,1.03,32.46,1047,95,3083.7,476,286,190,15450.96,9283.56,6167.4,0.292296414996963,0.249709661793895,0.32,18,5.31,1008.9,1412.32,2132.14,1281.07,1815.73,0.0907354345749761,0.4546322827125119,0.2731614135625597,0.1814708691499522,33985.62,6641.26
Indian,25383,Bombay Grill,Cafe,CBD,0.99,32.51,583,71,2308.21,256,154,102,8322.56,5006.54,3316.02,0.277262946683913,0.355963276606053,0.27,4,1.18,120.36,846.59,805.41,484.5,1095.87,0.1217838765008576,0.4391080617495712,0.2641509433962264,0.1749571183533447,18953.33,3232.37
Indian,26143,Spice Corner,QSR,CBD,0.99,35.17,887,73,2567.41,407,244,163,14314.19,8581.48,5732.71,0.259326546024531,0.369964506500401,0.32,16,4.72,769.36,951.76,725.86,435.16,1355.81,0.0822998872604284,0.4588500563697858,0.2750845546786922,0.1837655016910935,31195.789999999997,3468.5899999999997
Indian,25421,Curry Cafe,Cafe,West Auckland,1.04,43.91,1265,115,5049.65,575,345,230,25248.25,15148.95,10099.3,0.2610485361889,0.419636834273115,0.33,5,1.48,340.4,1612.43,-269.79,-161.87,2884.45,0.0909090909090909,0.4545454545454545,0.2727272727272727,0.1818181818181818,55546.15000000001,4065.22
Indian,25624,Tandoori Cafe,Cafe,South Auckland,1.05,44.45,592,63,2800.35,264,159,106,11734.8,7067.55,4711.7,0.24694876331836,0.444818848767318,0.3,10,2.95,312.7,863.16,96.61,58.18,1139.6,0.1064189189189189,0.4459459459459459,0.2685810810810811,0.179054054054054,26314.4,2157.5499999999997
Indian,26033,Tandoori Eatery,Cafe,South Auckland,1.05,38.54,624,76,2929.04,274,164,110,10559.96,6320.56,4239.4,0.209710792731494,0.378078755852766,0.28,11,3.25,357.5,1207.38,1396.14,835.64,1390.02,0.1217948717948717,0.4391025641025641,0.2628205128205128,0.1762820512820513,24048.96,4829.18
Indian,25389,Curry Bistro,QSR,South Auckland,1.05,42.54,1741,186,7912.44,778,466,311,33096.12,19823.64,13229.94,0.237165483646095,0.359869566210546,0.31,17,5.02,1561.22,3188.44,3076.78,1842.9,3769.98,0.1068351522113727,0.446869615163699,0.2676622630672027,0.1786329695577254,74062.14,11878.1
Indian,26119,Spice Kitchen,QSR,CBD,0.99,31.17,1643,176,5485.92,734,440,293,22878.78,13714.8,9132.81,0.273105763569474,0.43161711092107,0.28,17,5.02,1470.86,1619.87,349.52,209.52,1225.85,0.1071211199026171,0.4467437614120511,0.2678027997565429,0.1783323189287888,51212.31,3404.7599999999998
Indian,25860,Spice Kitchen,Ghost Kitchen,West Auckland,1.04,42.47,1443,81,3440.07,681,409,272,28922.07,17370.23,11551.84,0.278154794010334,0.256144532747567,0.32,5,1.48,402.56,1602.04,4213.97,2530.85,4977.14,0.0561330561330561,0.4719334719334719,0.2834372834372834,0.1884961884961885,61284.20999999999,13324.0
Indian,26116,Spice Eatery,QSR,West Auckland,1.04,44.88,1594,118,5295.84,738,443,295,33121.44,19881.84,13239.6,0.230957443099469,0.384151643840596,0.3,14,4.13,1218.35,2038.32,2811.71,1687.79,3877.45,0.0740276035131744,0.4629861982434128,0.2779171894604768,0.185069008782936,71538.72,10415.27
Indian,26161,Tandoori Corner,Cafe,North Shore,1.03,40.56,1339,154,6246.24,592,356,237,24011.52,14439.36,9612.72,0.236810072418302,0.373786477418616,0.28,16,4.72,1118.64,2432.31,2626.94,1579.72,2624.59,0.1150112023898431,0.4421209858103062,0.2658700522778193,0.1769977595220313,54309.840000000004,9263.560000000001
Indian,26646,Tandoori Corner,Ghost Kitchen,South Auckland,1.05,47.11,1503,98,4616.78,702,422,281,33071.22,19880.42,13237.91,0.296738956868649,0.203849173965864,0.29,11,3.25,913.25,2305.67,6925.51,4163.2,5697.92,0.0652029274783765,0.467065868263473,0.2807717897538256,0.1869594145043246,70806.33,19092.300000000003
Indian,25597,Bombay Corner,Cafe,West Auckland,1.04,41.2,585,53,2183.6,266,160,106,10959.2,6592.0,4367.2,0.215882114935666,0.360027099936269,0.31,3,0.89,94.34,926.04,1250.34,752.09,1757.75,0.0905982905982906,0.4547008547008547,0.2735042735042735,0.1811965811965812,24102.000000000004,4686.22
Indian,25057,Curry Cafe,QSR,North Shore,1.03,45.38,976,72,3267.36,452,271,181,20511.76,12297.98,8213.78,0.262995909061283,0.41001464955043,0.32,3,0.89,161.09,1068.39,143.37,85.96,2524.73,0.0737704918032786,0.4631147540983606,0.2776639344262295,0.1854508196721311,44290.88,3822.4500000000003
Indian,25977,Tandoori Bistro,Ghost Kitchen,CBD,0.99,33.66,1249,59,1985.94,595,357,238,20027.7,12016.62,8011.08,0.289944035583176,0.275072239502333,0.31,6,1.77,421.26,863.85,2503.14,1501.88,3063.43,0.0472377902321857,0.4763811048839071,0.2858286629303442,0.1905524419535628,42041.340000000004,7932.299999999999
Indian,26140,Tandoori Kitchen,QSR,South Auckland,1.05,34.79,1107,118,4105.22,494,297,198,17186.26,10332.63,6888.42,0.229597175605595,0.42071566847153,0.33,5,1.48,293.04,1435.54,338.35,203.42,2115.75,0.1065943992773261,0.4462511291779584,0.2682926829268293,0.1788617886178861,38512.53,4093.06
Indian,25374,Tandoori Eatery,Cafe,North Shore,1.03,36.58,963,103,3767.74,430,258,172,15729.4,9437.64,6291.76,0.274692938961089,0.43515494002495,0.29,18,5.31,913.32,1093.22,2.39,1.44,912.25,0.106957424714434,0.446521287642783,0.2679127725856697,0.1786085150571132,35226.54,2009.3000000000002
Indian,25961,Curry Bistro,Cafe,West Auckland,1.04,43.02,657,75,3226.5,291,175,116,12518.82,7528.5,4990.32,0.229017645195127,0.393612609920092,0.27,14,4.13,479.08,1217.58,1344.14,808.33,1404.12,0.1141552511415525,0.4429223744292237,0.2663622526636225,0.1765601217656012,28264.14,4774.17
Indian,25416,Spice Grill,QSR,West Auckland,1.04,39.34,754,86,3383.24,334,200,134,13139.56,7868.0,5271.56,0.22248506968841,0.397036981233396,0.33,5,1.48,198.32,1287.25,663.26,397.16,1807.39,0.1140583554376657,0.4429708222811671,0.2652519893899204,0.1777188328912466,29662.36,4155.06
Indian,25455,Tandoori Bistro,QSR,West Auckland,1.04,33.18,1424,152,5043.36,636,382,254,21102.48,12674.76,8427.72,0.226081465501338,0.40087485301774,0.3,17,5.02,1275.08,1881.39,1541.4,925.81,1868.83,0.1067415730337078,0.446629213483146,0.2682584269662921,0.1783707865168539,47248.32,6217.43
Indian,26036,Spice Cafe,Cafe,North Shore,1.03,41.4,911,104,4305.6,404,242,161,16725.6,10018.8,6665.4,0.262190957348794,0.352809023414738,0.32,18,5.31,854.91,1657.66,1087.16,651.22,1711.27,0.1141602634467618,0.4434687156970362,0.265642151481888,0.1767288693743139,37715.399999999994,5107.3099999999995
Indian,25431,Bombay Diner,Ghost Kitchen,West Auckland,1.04,33.05,834,61,2016.05,386,232,155,12757.3,7667.6,5122.75,0.29250133621972,0.222383070236538,0.3,13,3.84,595.2,978.02,2361.58,1419.39,1889.93,0.0731414868105515,0.4628297362110312,0.2781774580335731,0.1858513189448441,27563.699999999997,6648.92
Indian,25974,Tandoori Kitchen,QSR,North Shore,1.03,45.46,1080,132,6000.72,474,284,190,21548.04,12910.64,8637.4,0.210165155064315,0.434525086730719,0.29,5,1.48,281.2,2132.11,1407.3,843.19,2787.75,0.1222222222222222,0.4388888888888889,0.2629629629629629,0.1759259259259259,49096.8,7170.35
Indian,25486,Curry Grill,QSR,West Auckland,1.04,45.23,1420,152,6874.96,634,380,254,28675.82,17187.4,11488.42,0.252873638998717,0.420534422132187,0.32,10,2.95,749.3,2245.31,189.03,113.3,3002.73,0.1070422535211267,0.4464788732394366,0.2676056338028169,0.1788732394366197,64226.6,5550.370000000001
Indian,26231,Tandoori Corner,QSR,South Auckland,1.05,36.25,865,85,3081.25,390,234,156,14137.5,8482.5,5655.0,0.258963299226016,0.431064433790743,0.27,17,5.02,783.12,955.1,565.11,339.06,969.77,0.0982658959537572,0.4508670520231214,0.2705202312138728,0.1803468208092485,31356.25,2829.04
Indian,25264,Tandoori Tavern,Ghost Kitchen,South Auckland,1.05,43.02,1479,109,4689.18,685,411,274,29468.7,17681.22,11787.48,0.257761831057724,0.29276021461701,0.3,13,3.84,1052.16,2107.68,4404.92,2642.95,4246.05,0.0736984448951994,0.4631507775524002,0.2778904665314402,0.1852603110209601,63626.58,13401.599999999999
Indian,25910,Spice Corner,QSR,North Shore,1.03,44.07,1006,99,4362.93,454,272,181,20007.78,11987.04,7976.67,0.212639727257192,0.449994135648012,0.29,17,5.02,908.62,1471.9,947.69,567.78,1782.44,0.0984095427435387,0.4512922465208747,0.2703777335984095,0.1799204771371769,44334.42,4769.8099999999995
Indian,25146,Curry Kitchen,QSR,West Auckland,1.04,46.05,985,81,3730.05,452,271,181,20814.6,12479.55,8335.05,0.238531701173633,0.368960553244688,0.32,16,4.72,854.32,1464.07,1509.22,904.86,2417.25,0.082233502538071,0.4588832487309645,0.2751269035532995,0.1837563451776649,45359.25,6295.4
Indian,25388,Royal Bistro,QSR,North Shore,1.03,37.15,1762,229,8507.35,766,460,307,28456.9,17089.0,11405.05,0.20867035323754,0.420481793489307,0.33,9,2.66,816.62,3154.93,1162.4,698.05,3412.92,0.1299659477866061,0.434733257661748,0.2610669693530079,0.1742338251986379,65458.3,8428.3
Indian,25347,Tandoori Bistro,Ghost Kitchen,North Shore,1.03,36.54,561,21,767.34,270,162,108,9865.8,5919.48,3946.32,0.271764403441921,0.336931061150972,0.32,8,2.36,254.88,300.26,703.48,422.09,1289.33,0.0374331550802139,0.481283422459893,0.2887700534759358,0.1925133689839572,20498.94,2715.16
Indian,25159,Tandoori Eatery,Cafe,CBD,0.99,42.96,552,54,2319.84,249,149,100,10697.04,6401.04,4296.0,0.246224297955632,0.442269844585098,0.31,8,2.36,236.0,722.64,16.11,9.64,1102.23,0.0978260869565217,0.4510869565217391,0.269927536231884,0.181159420289855,23713.920000000002,1850.62
Indian,26065,Bombay Grill,QSR,West Auckland,1.04,36.79,1003,123,4525.17,440,264,176,16187.6,9712.56,6475.04,0.253785154148936,0.41087179039605,0.3,5,1.48,260.48,1517.48,572.12,343.27,1910.88,0.1226321036889332,0.4386839481555334,0.26321036889332,0.1754735792622133,36900.37,4343.75
Indian,25783,Royal Bistro,QSR,CBD,0.99,36.55,524,38,1388.9,243,146,97,8881.65,5336.3,3545.35,0.267490530926734,0.394776618271135,0.29,5,1.48,143.56,469.08,423.95,254.72,1053.82,0.0725190839694656,0.4637404580152672,0.2786259541984733,0.1851145038167939,19152.199999999997,2201.5699999999997
Indian,25379,Bombay Tavern,QSR,North Shore,1.03,37.65,921,83,3124.95,419,251,168,15775.35,9450.15,6325.2,0.253263624273241,0.431794243329205,0.33,9,2.66,446.88,984.18,-237.54,-142.3,1545.19,0.0901194353963083,0.4549402823018458,0.2725298588490771,0.1824104234527687,34675.649999999994,2149.5299999999997
Indian,25178,Spice Kitchen,Cafe,North Shore,1.03,45.43,756,92,4179.56,332,199,133,15082.76,9040.57,6042.19,0.229571695514023,0.423812526045367,0.3,7,2.07,275.31,1448.7,703.09,421.43,1819.01,0.1216931216931216,0.4391534391534391,0.2632275132275132,0.1759259259259259,34345.08,4392.23
Indian,25046,Tandoori Tavern,QSR,North Shore,1.03,36.57,692,57,2084.49,318,190,127,11629.26,6948.3,4644.39,0.277510587982833,0.448834162484854,0.27,17,5.02,637.54,570.43,42.51,25.4,633.42,0.0823699421965317,0.4595375722543353,0.2745664739884393,0.1835260115606936,25306.44,1271.7599999999998
Indian,25734,Spice Cafe,Ghost Kitchen,South Auckland,1.05,31.63,801,30,948.9,386,231,154,12209.18,7306.53,4871.02,0.287518795242067,0.338755868177395,0.31,15,4.43,682.22,354.63,778.03,465.61,1138.2,0.0374531835205992,0.4818976279650437,0.2883895131086142,0.1922596754057428,25335.63,2736.4700000000003
Indian,26627,Bombay Diner,Cafe,West Auckland,1.04,38.67,1605,197,7617.99,704,422,282,27223.68,16318.74,10904.94,0.240174184851348,0.444467673124745,0.29,9,2.66,750.12,2402.4,690.34,413.81,2688.84,0.1227414330218068,0.4386292834890966,0.2629283489096573,0.1757009345794392,62065.35,6195.39
Indian,25738,Tandoori Cafe,Ghost Kitchen,North Shore,1.03,33.48,468,13,435.24,228,136,91,7633.44,4553.28,3046.68,0.287170741334557,0.205906352947932,0.3,14,4.13,375.83,220.63,1579.53,942.18,1168.6,0.0277777777777777,0.4871794871794871,0.2905982905982906,0.1944444444444444,15668.64,3910.9399999999996
Indian,25617,Curry Corner,Ghost Kitchen,West Auckland,1.04,44.07,1630,92,4054.44,769,461,308,33889.83,20316.27,13573.56,0.268505807069596,0.285368097946048,0.32,13,3.84,1182.72,1808.79,4274.39,2562.41,4872.8,0.056441717791411,0.4717791411042945,0.2828220858895705,0.1889570552147239,71834.1,13518.39
Indian,25510,Bombay Tavern,Cafe,CBD,0.99,39.72,871,93,3693.96,389,233,156,15451.08,9254.76,6196.32,0.247891917470843,0.363524466636591,0.33,18,5.31,828.36,1435.41,905.18,542.18,1579.43,0.1067738231917336,0.4466130884041331,0.2675086107921929,0.1791044776119403,34596.12,4462.2
Indian,25351,Spice Diner,QSR,CBD,0.99,44.18,898,103,4550.54,398,238,159,17583.64,10514.84,7024.62,0.265241026319563,0.445169587340206,0.28,13,3.84,610.56,1317.79,168.62,100.83,1423.7,0.1146993318485523,0.443207126948775,0.2650334075723831,0.1770601336302895,39673.64,3010.9399999999996
Indian,26320,Royal Bistro,QSR,West Auckland,1.04,46.48,1035,102,4740.96,466,280,187,21659.68,13014.4,8691.76,0.202606979496777,0.350171328359283,0.3,10,2.95,551.65,2120.26,3188.77,1916.0,3335.49,0.0985507246376811,0.4502415458937198,0.2705314009661835,0.1806763285024154,48106.8,10560.52
Indian,25190,Spice Kitchen,Ghost Kitchen,CBD,0.99,31.72,1317,97,3076.84,610,366,244,19349.2,11609.52,7739.68,0.289227395108901,0.274188046820927,0.32,4,1.18,287.92,1343.3,2255.82,1353.49,3091.1,0.0736522399392558,0.4631738800303721,0.2779043280182232,0.1852695520121488,41775.24,8043.709999999999
Indian,26000,Spice House,QSR,West Auckland,1.04,36.14,913,105,3794.7,404,242,162,14600.56,8745.88,5854.68,0.279693202208728,0.444795912480913,0.3,16,4.72,764.64,1045.48,-357.55,-214.18,848.39,0.1150054764512595,0.4424972617743702,0.2650602409638554,0.1774370208105148,32995.82,1322.14
Indian,25395,Royal Corner,QSR,South Auckland,1.05,36.46,494,36,1312.56,229,137,92,8349.34,4995.02,3354.32,0.212301540803164,0.390416412404738,0.28,9,2.66,244.72,521.46,979.23,585.83,1087.89,0.0728744939271255,0.4635627530364372,0.2773279352226721,0.1862348178137652,18011.24,3174.41
Indian,25179,Spice Eatery,Ghost Kitchen,CBD,0.99,32.36,581,52,1682.72,264,159,106,8543.04,5145.24,3430.16,0.261776219750755,0.329872683365829,0.27,5,1.48,156.88,687.14,1181.94,711.85,1243.83,0.0895008605851979,0.4543889845094664,0.2736660929432014,0.1824440619621342,18801.16,3824.7599999999998
Indian,25585,Bombay Kitchen,Ghost Kitchen,South Auckland,1.05,33.71,1398,91,3067.61,654,392,261,22046.34,13214.32,8798.31,0.267991063417867,0.260170036181808,0.28,17,5.02,1310.22,1447.42,4229.35,2535.02,2841.16,0.0650929899856938,0.4678111587982833,0.2804005722460658,0.186695278969957,47126.58,11052.95
Indian,26263,Curry Bistro,QSR,South Auckland,1.05,35.02,492,64,2241.28,214,128,86,7494.28,4482.56,3011.72,0.236405559517443,0.385563662624918,0.28,13,3.84,330.24,847.27,734.67,439.43,808.28,0.1300813008130081,0.4349593495934959,0.2601626016260163,0.1747967479674796,17229.84,2829.65
Indian,25104,Tandoori Bistro,Ghost Kitchen,CBD,0.99,33.09,1289,95,3143.55,597,358,239,19754.73,11846.22,7908.51,0.275514000898693,0.317750089254696,0.31,15,4.43,1058.77,1278.59,1910.99,1145.95,2157.91,0.073700543056633,0.4631497284716834,0.2777346780449961,0.1854150504266873,42653.01,6493.44
Indian,26559,Royal Corner,Cafe,West Auckland,1.04,32.83,1710,155,5088.65,778,466,311,25541.74,15298.78,10210.13,0.27625456277281,0.418842228967696,0.28,5,1.48,460.28,1551.55,636.07,380.99,2652.82,0.0906432748538011,0.4549707602339181,0.2725146198830409,0.1818713450292397,56139.299999999996,5221.43
Indian,25144,Royal Bistro,QSR,CBD,0.99,43.23,1342,154,6657.42,594,356,238,25678.62,15389.88,10288.74,0.262317646387965,0.390252553322352,0.3,18,5.31,1263.78,2312.99,1217.93,729.94,2310.83,0.1147540983606557,0.4426229508196721,0.2652757078986587,0.1773472429210134,58014.659999999996,6571.6900000000005
Indian,25509,Spice Eatery,Ghost Kitchen,CBD,0.99,32.7,1197,108,3531.6,544,327,218,17788.8,10692.9,7128.6,0.258724507049192,0.282528837176505,0.32,13,3.84,837.12,1620.11,2468.14,1483.6,2433.1,0.0902255639097744,0.454469507101086,0.2731829573934837,0.1821219715956558,39141.899999999994,8004.950000000001
Indian,25648,Spice Tavern,QSR,South Auckland,1.05,32.47,1564,142,4610.74,711,427,284,23086.17,13864.69,9221.48,0.273764951024205,0.417648242483847,0.29,18,5.31,1508.04,1422.81,429.1,257.7,1337.59,0.0907928388746803,0.4546035805626598,0.2730179028132992,0.1815856777493606,50783.08,3447.2
Indian,25527,Spice Grill,Ghost Kitchen,CBD,0.99,29.81,1215,100,2981.0,558,334,223,16633.98,9956.54,6647.63,0.291537891677581,0.346242103877012,0.33,9,2.66,593.18,1079.78,535.95,320.8,1814.72,0.0823045267489712,0.4592592592592592,0.2748971193415638,0.1835390946502057,36219.15,3751.25
Indian,25529,Royal Corner,Ghost Kitchen,North Shore,1.03,41.16,803,59,2428.44,372,223,149,15311.52,9178.68,6132.84,0.299616751808207,0.211486971308477,0.27,8,2.36,351.64,1187.26,3351.63,2009.18,2646.68,0.0734744707347447,0.4632627646326276,0.2777085927770859,0.1855541718555417,33051.479999999996,9194.75
Indian,25653,Bombay Diner,Cafe,West Auckland,1.04,42.85,1307,118,5056.3,594,357,238,25452.9,15297.45,10198.3,0.236813329514116,0.448022896400653,0.3,13,3.84,913.92,1593.56,385.96,231.97,2300.21,0.090283091048202,0.4544758990053558,0.2731446059678653,0.1820964039785769,56004.95,4511.7
Indian,25249,Royal Bistro,Ghost Kitchen,CBD,0.99,39.39,924,35,1378.65,444,267,178,17489.16,10517.13,7011.42,0.253348798234947,0.216099488758482,0.29,8,2.36,420.08,731.45,4207.05,2529.91,3299.84,0.0378787878787878,0.4805194805194805,0.288961038961039,0.1926406926406926,36396.36,10768.25
Indian,26355,Bombay Tavern,QSR,South Auckland,1.05,41.78,1015,83,3467.74,466,280,186,19469.48,11698.4,7771.08,0.246575072649866,0.444968266342767,0.3,9,2.66,494.76,1069.65,164.65,98.93,1902.28,0.0817733990147783,0.4591133004926108,0.2758620689655172,0.1832512315270936,42406.700000000004,3235.51
Indian,26220,Curry Kitchen,Ghost Kitchen,South Auckland,1.05,35.44,779,44,1559.36,368,220,147,13041.92,7796.8,5209.68,0.281491469475441,0.243780029506888,0.31,10,2.95,433.65,740.27,2148.38,1284.36,2039.53,0.0564826700898587,0.472400513478819,0.2824133504492939,0.1887034659820282,27607.760000000002,6212.54
Indian,26343,Bombay Eatery,Cafe,West Auckland,1.04,46.26,1248,113,5227.38,568,340,227,26275.68,15728.4,10501.02,0.229213522300124,0.383410140825436,0.32,3,0.89,202.03,2024.96,1770.36,1059.72,3865.82,0.0905448717948717,0.4551282051282051,0.2724358974358974,0.1818910256410256,57732.479999999996,8720.86
Indian,25413,Spice Corner,QSR,North Shore,1.03,35.51,1036,85,3018.35,476,285,190,16902.76,10120.35,6746.9,0.270123976953328,0.39869734775275,0.29,12,3.54,672.6,999.61,696.03,416.74,1561.83,0.082046332046332,0.4594594594594595,0.2750965250965251,0.1833976833976834,36788.36,3674.21
Indian,25241,Spice Cafe,Cafe,West Auckland,1.04,36.05,1082,98,3532.9,492,295,197,17736.6,10634.75,7101.85,0.237527791466564,0.385684497049078,0.27,7,2.07,407.79,1331.15,1894.05,1135.66,2268.1,0.0905730129390018,0.454713493530499,0.2726432532347504,0.1820702402957486,39006.1,6628.959999999999
Indian,25172,Curry Cafe,QSR,South Auckland,1.05,38.45,736,96,3691.2,320,192,128,12304.0,7382.4,4921.6,0.270904502365738,0.417298921640031,0.29,14,4.13,528.64,1150.9,268.19,160.91,1005.9,0.1304347826086956,0.4347826086956521,0.2608695652173913,0.1739130434782608,28299.199999999997,2585.9
Indian,25658,Royal Corner,QSR,West Auckland,1.04,38.33,1527,163,6247.79,682,409,273,26141.06,15676.97,10464.09,0.258398265130818,0.434100412181579,0.33,12,3.54,966.42,1921.2,-588.14,-352.71,2251.3,0.1067452521283562,0.4466273739358218,0.2678454485920105,0.1787819253438114,58529.91,3231.65
Indian,25498,Bombay Cafe,QSR,West Auckland,1.04,39.69,521,51,2024.19,235,141,94,9327.15,5596.29,3730.86,0.274428322520107,0.380519689712673,0.3,16,4.72,443.68,698.45,420.21,252.12,843.66,0.0978886756238003,0.4510556621880998,0.2706333973128599,0.1804222648752399,20678.49,2214.44
Indian,26307,Royal Bistro,QSR,North Shore,1.03,44.21,1113,128,5658.88,492,296,197,21751.32,13086.16,8709.37,0.230345903355628,0.364702064264566,0.28,16,4.72,929.84,2291.57,2717.87,1635.14,2597.04,0.1150044923629829,0.4420485175202156,0.265947888589398,0.1769991015274034,49205.73,9241.62
Indian,25904,Curry House,Cafe,North Shore,1.03,46.2,729,89,4111.8,320,192,128,14784.0,8870.4,5913.6,0.223754715193063,0.351077149086632,0.27,10,2.95,377.6,1748.21,2294.01,1376.4,2136.67,0.1220850480109739,0.438957475994513,0.2633744855967078,0.1755829903978052,33679.799999999996,7555.290000000001
Indian,25464,Tandoori House,QSR,CBD,0.99,39.43,1440,118,4652.74,661,397,264,26063.23,15653.71,10409.52,0.232185778021812,0.361282846238464,0.33,14,4.13,1090.32,1891.48,1994.65,1198.0,3141.48,0.0819444444444444,0.4590277777777777,0.2756944444444444,0.1833333333333333,56779.2,8225.61
Indian,25531,Bombay Cafe,Ghost Kitchen,CBD,0.99,43.94,542,40,1757.6,251,151,100,11028.94,6634.94,4394.0,0.258991944452282,0.34667791146785,0.28,3,0.89,89.0,693.07,1260.94,758.57,1643.69,0.07380073800738,0.4630996309963099,0.2785977859778598,0.1845018450184501,23815.48,4356.27
Indian,26356,Tandoori House,Cafe,South Auckland,1.05,34.7,1114,136,4719.2,489,293,196,16968.3,10167.1,6801.2,0.213761024270207,0.355094675603323,0.31,4,1.18,231.28,2034.66,2055.61,1231.69,2701.02,0.1220825852782764,0.4389587073608617,0.263016157989228,0.1759425493716337,38655.799999999996,8022.980000000001
Indian,26195,Bombay Diner,QSR,West Auckland,1.04,46.48,541,66,3067.68,238,142,95,11062.24,6600.16,4415.6,0.209527668748051,0.381544120237231,0.28,9,2.66,252.7,1254.46,1426.23,850.95,1552.96,0.121996303142329,0.4399260628465804,0.2624768946395563,0.1756007393715342,25145.68,5084.6
Indian,25414,Bombay House,Cafe,South Auckland,1.05,42.96,724,71,3050.16,326,196,131,14004.96,8420.16,5627.76,0.267001802045852,0.434160264069214,0.29,7,2.07,271.17,911.5,123.77,74.42,1410.62,0.0980662983425414,0.4502762430939226,0.2707182320441988,0.180939226519337,31103.04,2520.31
Indian,26316,Tandoori House,QSR,West Auckland,1.04,37.83,920,98,3707.34,411,247,164,15548.13,9344.01,6204.12,0.25334801800549,0.419729889649898,0.27,3,0.89,145.96,1212.01,885.03,531.88,1882.3,0.1065217391304347,0.4467391304347826,0.2684782608695652,0.1782608695652174,34803.600000000006,4511.22
Indian,26603,Bombay Corner,QSR,CBD,0.99,35.86,510,50,1793.0,230,138,92,8247.8,4948.68,3299.12,0.230855272579938,0.391676743910648,0.29,17,5.02,461.84,676.8,721.42,432.85,783.47,0.0980392156862745,0.4509803921568627,0.2705882352941176,0.1803921568627451,18288.6,2614.54
Indian,26117,Royal Kitchen,Cafe,West Auckland,1.04,41.08,829,61,2505.88,384,230,154,15774.72,9448.4,6326.32,0.257478479593992,0.428336122329347,0.32,5,1.48,227.92,787.31,-91.72,-54.94,1759.72,0.0735826296743064,0.4632086851628468,0.2774427020506634,0.1857659831121833,34055.32,2400.37
Indian,26443,Royal Grill,QSR,West Auckland,1.04,41.06,604,74,3038.44,265,159,106,10880.9,6528.54,4352.36,0.242207907643169,0.406961579597555,0.29,6,1.77,187.62,1065.98,661.89,397.13,1339.32,0.1225165562913907,0.4387417218543046,0.2632450331125828,0.1754966887417218,24800.24,3464.3199999999997
Indian,26160,Bombay Eatery,QSR,West Auckland,1.04,33.41,1183,107,3574.87,538,323,215,17974.58,10791.43,7183.15,0.232417965270579,0.427618041518144,0.3,11,3.25,698.75,1215.33,718.34,431.27,1743.26,0.0904480135249366,0.4547759932375317,0.2730346576500422,0.1817413355874894,39524.03,4108.2
Indian,25717,Royal Grill,QSR,South Auckland,1.05,45.7,477,51,2330.7,213,128,85,9734.1,5849.6,3884.5,0.212917431108654,0.399524376844056,0.3,16,4.72,401.2,903.28,852.3,512.18,1104.27,0.1069182389937107,0.4465408805031446,0.2683438155136268,0.1781970649895178,21798.9,3372.0299999999997
Indian,25232,Bombay Eatery,Cafe,South Auckland,1.05,37.27,1282,137,5105.99,572,344,229,21318.44,12820.88,8534.83,0.20594270337373,0.386056850175373,0.27,3,0.89,203.81,2083.25,2941.95,1769.29,3278.4,0.1068642745709828,0.4461778471138845,0.2683307332293291,0.1786271450858034,47780.14,10072.89
Indian,25140,Bombay Diner,Cafe,North Shore,1.03,32.52,1553,166,5398.32,694,416,277,22568.88,13528.32,9008.04,0.225263445768505,0.436142187612131,0.32,16,4.72,1307.44,1827.84,419.65,251.55,1742.63,0.1068898905344494,0.4468770122343851,0.2678686413393432,0.1783644558918223,50503.560000000005,4241.67
Indian,26164,Curry Grill,QSR,North Shore,1.03,31.37,873,100,3137.0,386,232,155,12108.82,7277.84,4862.35,0.259665309526026,0.369944427441806,0.32,15,4.43,686.65,1161.91,610.17,366.73,1114.32,0.1145475372279496,0.4421534936998854,0.265750286368843,0.1775486827033219,27386.010000000002,3253.13
Indian,25765,Spice Tavern,Cafe,North Shore,1.03,45.94,940,85,3904.9,428,256,171,19662.32,11760.64,7855.74,0.215756895765662,0.380736278975382,0.32,11,3.25,555.75,1575.65,1641.94,982.09,2614.09,0.0904255319148936,0.4553191489361702,0.2723404255319149,0.1819148936170213,43183.6,6813.77
Indian,25483,Royal Tavern,QSR,West Auckland,1.04,38.27,1247,143,5472.61,552,331,221,21125.04,12667.37,8457.67,0.203215983435512,0.438703704439104,0.28,15,4.43,979.03,1959.63,1649.45,989.07,2049.5,0.1146752205292702,0.4426623897353648,0.2654370489174018,0.1772253408179631,47722.69,6647.65
Indian,25122,Curry Diner,QSR,North Shore,1.03,40.45,738,54,2184.3,342,205,137,13833.9,8292.25,5541.65,0.235941641144454,0.388585654064082,0.28,4,1.18,161.66,820.15,1320.76,791.68,1919.08,0.073170731707317,0.4634146341463415,0.2777777777777778,0.1856368563685637,29852.1,4851.67
Indian,26618,Bombay Cafe,Cafe,South Auckland,1.05,38.44,1488,110,4228.4,689,413,276,26485.16,15875.72,10609.44,0.268565887566656,0.377184153255075,0.27,6,1.77,488.52,1497.91,2231.37,1337.53,3269.87,0.0739247311827957,0.4630376344086021,0.2775537634408602,0.1854838709677419,57198.72,8336.68
Indian,26093,Tandoori Eatery,QSR,South Auckland,1.05,33.07,1155,123,4067.61,516,310,206,17064.12,10251.7,6812.42,0.262764566894621,0.408146005356684,0.28,16,4.72,972.32,1338.61,837.67,503.25,1269.58,0.1064935064935064,0.4467532467532467,0.2683982683982684,0.1783549783549783,38195.85,3949.1099999999997
Indian,26217,Royal Diner,Cafe,CBD,0.99,36.58,1568,180,6584.4,694,416,278,25386.52,15217.28,10169.24,0.264601591229439,0.371882021101192,0.32,18,5.31,1476.18,2393.54,1104.73,662.2,2220.51,0.1147959183673469,0.4426020408163265,0.2653061224489796,0.1772959183673469,57357.439999999995,6380.9800000000005
Indian,26379,Curry Grill,QSR,CBD,0.99,31.34,993,73,2287.82,460,276,184,14416.4,8649.84,5766.56,0.245203241035342,0.415356773347594,0.32,4,1.18,217.12,776.58,280.25,168.15,1740.28,0.0735146022155085,0.4632426988922457,0.2779456193353474,0.1852970795568982,31120.620000000003,2965.26
Indian,25654,Tandoori Diner,Cafe,West Auckland,1.04,31.99,1068,97,3103.03,486,291,194,15547.14,9309.09,6206.06,0.237178952991962,0.356937468727119,0.29,7,2.07,401.58,1259.47,1801.66,1078.77,2117.36,0.0908239700374531,0.4550561797752809,0.2724719101123595,0.1816479400749063,34165.32,6257.26
Indian,26504,Curry Eatery,QSR,North Shore,1.03,36.31,577,57,2069.67,260,156,104,9440.6,5664.36,3776.24,0.216596445627511,0.41146137160249,0.31,9,2.66,276.64,769.8,584.77,350.86,1127.9,0.0987868284228769,0.4506065857885615,0.2703639514731369,0.1802426343154246,20950.870000000003,2833.33
Indian,25129,Curry Grill,QSR,CBD,0.99,38.31,1141,94,3601.14,524,314,209,20074.44,12029.34,8006.79,0.243215436525643,0.364218128984794,0.31,12,3.54,739.86,1413.69,1657.47,993.22,2403.34,0.0823838737949167,0.4592462751971954,0.2751971954425942,0.1831726555652936,43711.71,6467.72
Indian,25940,Tandoori Tavern,QSR,North Shore,1.03,35.57,1250,92,3272.44,579,347,232,20595.03,12342.79,8252.24,0.207861272022128,0.442930857324973,0.31,13,3.84,890.88,1142.76,807.49,483.93,1990.87,0.0736,0.4632,0.2776,0.1856,44462.49999999999,4425.049999999999
Indian,25497,Tandoori Bistro,QSR,West Auckland,1.04,43.04,502,49,2108.96,226,136,91,9727.04,5853.44,3916.64,0.253577317465097,0.416559277498163,0.28,15,4.43,403.13,695.67,485.02,291.87,888.83,0.097609561752988,0.450199203187251,0.2709163346613545,0.1812749003984063,21606.079999999998,2361.39
Indian,25619,Spice Bistro,Ghost Kitchen,North Shore,1.03,37.79,1134,74,2796.46,530,318,212,20028.7,12017.22,8011.48,0.280480350507423,0.24037831450114,0.3,4,1.18,250.16,1339.9,3587.97,2152.78,3588.47,0.0652557319223985,0.4673721340388007,0.2804232804232804,0.1869488536155202,42853.86,10669.119999999999
Indian,25702,Tandoori Grill,QSR,North Shore,1.03,41.99,658,54,2267.46,302,181,121,12680.98,7600.19,5080.79,0.243614952657372,0.354848248395137,0.31,11,3.25,393.25,910.47,1160.78,695.7,1646.87,0.0820668693009118,0.458966565349544,0.2750759878419453,0.1838905775075988,27629.42,4413.82
Indian,25621,Royal Tavern,Ghost Kitchen,West Auckland,1.04,43.04,494,14,602.56,240,144,96,10329.6,6197.76,4131.84,0.255894589831587,0.205308423144743,0.31,17,5.02,481.92,324.66,2363.38,1418.03,1744.3,0.0283400809716599,0.48582995951417,0.291497975708502,0.194331983805668,21261.76,5850.37
Indian,26351,Bombay Kitchen,QSR,CBD,0.99,42.78,655,75,3208.5,290,174,116,12406.2,7443.72,4962.48,0.230082014799118,0.373872275324538,0.32,15,4.43,513.88,1270.71,943.44,566.06,1451.49,0.1145038167938931,0.4427480916030534,0.265648854961832,0.1770992366412213,28020.9,4231.7
Indian,26109,Royal House,Ghost Kitchen,West Auckland,1.04,45.81,1247,113,5176.53,567,340,227,25974.27,15575.4,10398.87,0.288132431264967,0.215756261278875,0.33,5,1.48,335.96,2568.14,4314.62,2587.25,4823.04,0.090617481956696,0.454691259021652,0.272654370489174,0.1820368885324779,57125.07,14293.05
Indian,25261,Royal Diner,Ghost Kitchen,South Auckland,1.05,32.48,1288,84,2728.32,602,361,241,19552.96,11725.28,7827.68,0.268672183249146,0.212484299775679,0.29,7,2.07,498.87,1415.57,4474.57,2683.25,3562.47,0.0652173913043478,0.4673913043478261,0.2802795031055901,0.187111801242236,41834.24,12135.859999999999
Indian,26395,Royal Diner,Cafe,North Shore,1.03,45.44,816,60,2726.4,378,227,151,17176.32,10314.88,6861.44,0.275416014790535,0.42073417454958,0.29,3,0.89,134.39,828.42,237.89,142.86,1950.46,0.0735294117647058,0.4632352941176471,0.2781862745098039,0.1850490196078431,37079.04,3159.63
Indian,25020,Bombay Corner,Ghost Kitchen,South Auckland,1.05,44.46,1142,94,4179.24,524,314,210,23297.04,13960.44,9336.6,0.29728110745782,0.28438880398171,0.27,12,3.54,743.4,1748.3,3455.65,2070.75,3162.38,0.0823117338003502,0.4588441330998248,0.2749562171628721,0.1838879159369527,50773.32,10437.08
Indian,25630,Royal Corner,QSR,CBD,0.99,42.28,648,79,3340.12,284,171,114,12007.52,7229.88,4819.92,0.21846462784335,0.426658635912463,0.27,16,4.72,538.08,1185.33,1019.16,613.65,1172.4,0.1219135802469135,0.4382716049382716,0.2638888888888889,0.1759259259259259,27397.440000000002,3990.54
Indian,25750,Curry House,Ghost Kitchen,CBD,0.99,40.14,449,21,842.94,214,128,86,8589.96,5137.92,3452.04,0.291667738580145,0.302083383267745,0.29,3,0.89,76.54,342.44,998.57,597.28,1325.85,0.0467706013363029,0.4766146993318486,0.2850779510022271,0.1915367483296214,18022.86,3264.14
Indian,25592,Bombay Corner,QSR,North Shore,1.03,40.42,921,76,3071.92,422,254,169,17057.24,10266.68,6830.98,0.208839475605637,0.363626535539515,0.32,17,5.02,848.38,1313.35,1834.23,1104.02,2072.1,0.0825190010857763,0.4581976112920738,0.2757871878393051,0.1834961997828447,37226.82000000001,6323.700000000001
Indian,26159,Royal Corner,Cafe,North Shore,1.03,42.43,1620,160,6788.8,730,438,292,30973.9,18584.34,12389.56,0.264138978626579,0.383973315777257,0.28,3,0.89,259.88,2388.9,2226.64,1335.99,4099.85,0.0987654320987654,0.4506172839506173,0.2703703703703703,0.1802469135802469,68736.6,10051.380000000001
Indian,25187,Curry Kitchen,QSR,West Auckland,1.04,32.01,685,56,1792.56,314,189,126,10051.14,6049.89,4033.26,0.228754629679024,0.402184822689742,0.32,13,3.84,483.84,661.56,493.11,296.81,1004.68,0.0817518248175182,0.4583941605839416,0.2759124087591241,0.183941605839416,21926.85,2456.16
Indian,25760,Royal Tavern,QSR,South Auckland,1.05,36.97,1027,76,2809.72,476,285,190,17597.72,10536.45,7024.3,0.279037442803383,0.351388502935879,0.32,6,1.77,336.3,1038.4,872.39,522.33,2259.7,0.0740019474196689,0.4634858812074002,0.2775073028237585,0.1850048685491723,37968.19,4692.82
Indian,26045,Tandoori Eatery,QSR,North Shore,1.03,45.09,836,96,4328.64,370,222,148,16683.3,10009.98,6673.32,0.224925592765212,0.394521895237267,0.28,4,1.18,174.64,1647.27,1677.55,1006.53,2364.91,0.1148325358851674,0.4425837320574162,0.2655502392344497,0.1770334928229665,37695.24,6696.259999999999
Indian,25155,Royal Kitchen,QSR,West Auckland,1.04,38.16,1293,117,4464.72,588,353,235,22438.08,13470.48,8967.6,0.272497455328703,0.418535946961492,0.3,5,1.48,347.8,1379.45,201.19,120.78,2422.89,0.0904872389791183,0.4547563805104408,0.2730085073472544,0.1817478731631863,49340.88,4124.3099999999995
Indian,25160,Curry Bistro,QSR,South Auckland,1.05,32.32,1615,173,5591.36,721,433,288,23302.72,13994.56,9308.16,0.246366346720606,0.39404577978421,0.3,16,4.72,1359.36,2010.59,1388.56,833.91,1987.74,0.1071207430340557,0.4464396284829721,0.2681114551083591,0.178328173374613,52196.8,6220.799999999999
Indian,26128,Curry Cafe,Cafe,South Auckland,1.05,41.0,904,74,3034.0,415,249,166,17015.0,10209.0,6806.0,0.270414457395673,0.400200273632072,0.28,18,5.31,881.46,999.35,840.29,504.17,1360.34,0.081858407079646,0.459070796460177,0.2754424778761062,0.1836283185840708,37064.0,3704.1499999999996
Indian,25967,Tandoori Cafe,Cafe,CBD,0.99,44.01,787,71,3124.71,358,215,143,15755.58,9462.15,6293.43,0.258653102219105,0.417162339389324,0.3,16,4.72,674.96,1012.98,381.04,228.84,1365.27,0.0902160101651842,0.4548919949174079,0.2731893265565438,0.181702668360864,34635.87,2988.13
Indian,25200,Royal Cafe,Cafe,West Auckland,1.04,36.33,807,59,2143.47,374,224,150,13587.42,8137.92,5449.5,0.244643699340522,0.411526006320491,0.29,10,2.95,442.5,736.99,731.41,438.07,1431.2,0.0731102850061957,0.4634448574969021,0.2775712515489467,0.1858736059479553,29318.309999999998,3337.67
Indian,25564,Spice Diner,QSR,North Shore,1.03,41.64,689,56,2331.84,316,190,127,13158.24,7911.6,5288.28,0.278555665779859,0.3838096778607,0.3,6,1.77,224.79,787.31,495.21,297.75,1560.72,0.081277213352685,0.4586357039187227,0.2757619738751814,0.1843251088534107,28689.96,3140.99
Indian,25282,Royal Grill,QSR,South Auckland,1.05,36.32,842,90,3268.8,376,226,150,13656.32,8208.32,5448.0,0.225730990171432,0.44383520053234,0.28,5,1.48,222.0,1080.12,688.74,413.98,1578.2,0.1068883610451306,0.4465558194774346,0.2684085510688836,0.178147268408551,30581.44,3761.04
Indian,26497,Royal Corner,Ghost Kitchen,West Auckland,1.04,34.9,1575,60,2094.0,758,454,303,26454.2,15844.6,10574.7,0.268563216878101,0.317875550244935,0.33,4,1.18,357.54,866.0,2210.55,1323.99,4015.75,0.0380952380952381,0.4812698412698413,0.2882539682539682,0.1923809523809523,54967.5,8416.29
Indian,26215,Royal Corner,QSR,West Auckland,1.04,46.53,1575,168,7817.04,704,422,281,32757.12,19635.66,13074.93,0.255600685477257,0.415959274978377,0.31,16,4.72,1326.32,2567.43,604.04,362.08,2968.01,0.1066666666666666,0.446984126984127,0.2679365079365079,0.1784126984126984,73284.75,6501.5599999999995
Indian,25855,Curry Cafe,Cafe,South Auckland,1.05,34.09,1151,95,3238.55,528,317,211,17999.52,10806.53,7192.99,0.247257538642734,0.43013094838243,0.31,3,0.89,187.79,1044.79,227.0,136.29,2132.75,0.0825369244135534,0.4587315377932233,0.2754126846220677,0.1833188531711555,39237.59,3540.83
Indian,26341,Spice Kitchen,QSR,North Shore,1.03,39.46,1363,123,4853.58,620,372,248,24465.2,14679.12,9786.08,0.236265187393874,0.44987448786851,0.31,13,3.84,952.32,1523.35,94.44,56.67,2119.14,0.0902421129860601,0.4548789435069699,0.2729273661041819,0.1819515774027879,53783.98,3793.6
Indian,26382,Curry Eatery,Cafe,North Shore,1.03,33.31,485,40,1332.4,222,134,89,7394.82,4463.54,2964.59,0.251609610263258,0.42814964284189,0.3,9,2.66,236.74,426.69,149.68,90.35,712.64,0.0824742268041237,0.4577319587628866,0.2762886597938144,0.1835051546391752,16155.349999999999,1379.3600000000001
Indian,25495,Bombay Grill,QSR,CBD,0.99,35.13,1500,184,6463.92,658,395,263,23115.54,13876.35,9239.19,0.253726597707719,0.393319322844036,0.32,3,0.89,234.07,2281.47,761.75,457.28,3026.94,0.1226666666666666,0.4386666666666666,0.2633333333333333,0.1753333333333333,52695.0,6527.4400000000005
Indian,26021,Bombay Kitchen,Cafe,CBD,0.99,39.89,1474,121,4826.69,676,406,271,26965.64,16195.34,10810.19,0.217689578849822,0.424683736334555,0.32,7,2.07,560.97,1726.15,1014.63,609.38,3305.04,0.0820895522388059,0.4586160108548168,0.2754409769335142,0.1838534599728629,58797.86,6655.200000000001
Indian,26628,Curry Grill,QSR,North Shore,1.03,38.74,1300,96,3719.04,602,361,241,23321.48,13985.14,9336.34,0.216772768590599,0.414154488639906,0.3,14,4.13,995.33,1372.6,1610.88,965.99,2450.46,0.0738461538461538,0.463076923076923,0.2776923076923077,0.1853846153846154,50362.0,6399.93
Indian,26266,Royal Bistro,QSR,North Shore,1.03,40.33,674,61,2460.13,306,184,123,12340.98,7420.72,4960.59,0.215120532363653,0.359738411800936,0.29,3,0.89,109.47,1045.9,1667.77,1002.84,1999.48,0.0905044510385756,0.4540059347181009,0.2729970326409495,0.1824925816023739,27182.420000000002,5715.99
Indian,26469,Tandoori Bistro,Cafe,West Auckland,1.04,34.65,721,77,2668.05,322,193,129,11157.3,6687.45,4469.85,0.20615260142833,0.364671457675286,0.32,11,3.25,419.25,1145.06,1218.11,730.11,1499.1,0.1067961165048543,0.4466019417475728,0.2676837725381414,0.1789181692094313,24982.65,4592.38
Indian,26429,Curry House,Ghost Kitchen,West Auckland,1.04,41.83,894,50,2091.5,422,253,169,17652.26,10582.99,7069.27,0.275768244359642,0.201577129750513,0.28,8,2.36,398.84,1093.13,4283.4,2568.01,3295.95,0.0559284116331096,0.4720357941834452,0.2829977628635347,0.1890380313199105,37396.020000000004,11240.49
Indian,26390,Spice Corner,QSR,West Auckland,1.04,40.26,765,81,3261.06,342,205,137,13768.92,8253.3,5515.62,0.222713766936213,0.396285373903811,0.32,15,4.43,606.91,1242.47,839.92,503.46,1494.55,0.1058823529411764,0.4470588235294118,0.2679738562091503,0.1790849673202614,30798.899999999998,4080.3999999999996
Indian,25299,Tandoori Diner,QSR,South Auckland,1.05,40.89,1004,99,4048.11,452,272,181,18482.28,11122.08,7401.09,0.207066530697048,0.369789207098074,0.29,8,2.36,427.16,1712.93,2460.81,1480.84,2704.57,0.098605577689243,0.450199203187251,0.2709163346613545,0.1802788844621514,41053.56,8359.15
Indian,26393,Bombay Cafe,Cafe,South Auckland,1.05,36.79,1378,169,6217.51,604,363,242,22221.16,13354.77,8903.18,0.245227572824806,0.426755411108024,0.28,3,0.89,215.38,2039.45,1066.99,641.26,2705.01,0.1226415094339622,0.4383164005805515,0.2634252539912917,0.1756168359941944,50696.62,6452.71
Indian,25505,Tandoori Cafe,Cafe,South Auckland,1.05,33.54,553,45,1509.3,254,152,102,8519.16,5098.08,3421.08,0.26561315715313,0.383903538808227,0.33,16,4.72,481.44,528.98,174.5,104.43,717.59,0.081374321880651,0.4593128390596745,0.2748643761301989,0.1844484629294756,18547.62,1525.5
Indian,25788,Bombay Grill,QSR,North Shore,1.03,33.36,892,116,3869.76,388,233,155,12943.68,7772.88,5170.8,0.220360619928688,0.366872822563164,0.29,16,4.72,731.6,1597.31,1589.05,954.25,1402.73,0.1300448430493273,0.4349775784753363,0.2612107623318385,0.1737668161434977,29757.120000000003,5543.34
Indian,25307,Tandoori Diner,QSR,CBD,0.99,37.74,1314,130,4906.2,592,355,237,22342.08,13397.7,8944.38,0.211934431362897,0.355948929814622,0.31,10,2.95,699.15,2120.05,2728.34,1636.08,3165.87,0.0989345509893455,0.4505327245053272,0.2701674277016743,0.1803652968036529,49590.36,9650.34
Indian,25387,Curry Eatery,QSR,South Auckland,1.05,34.07,650,79,2691.53,286,171,114,9744.02,5825.97,3883.98,0.258222869858146,0.372453051176853,0.27,4,1.18,134.52,994.05,967.82,578.66,1299.93,0.1215384615384615,0.44,0.2630769230769231,0.1753846153846154,22145.5,3840.46
Indian,25956,Curry Kitchen,Ghost Kitchen,North Shore,1.03,43.78,687,32,1400.96,328,196,131,14359.84,8580.88,5735.18,0.294028268253896,0.297554703603964,0.32,15,4.43,580.33,572.18,1269.65,758.7,1762.02,0.0465793304221251,0.4774381368267831,0.2852983988355167,0.1906841339155749,30076.86,4362.549999999999
Indian,25189,Spice Cafe,Ghost Kitchen,South Auckland,1.05,37.8,1432,41,1549.8,696,417,278,26308.8,15762.6,10508.4,0.252295297326054,0.309719776711427,0.33,8,2.36,656.08,678.79,2840.95,1702.12,3946.44,0.0286312849162011,0.4860335195530726,0.2912011173184357,0.1941340782122905,54129.6,9168.3
Indian,25312,Curry House,Cafe,CBD,0.99,41.94,1570,168,7045.92,701,421,280,29399.94,17656.74,11743.2,0.204454137217253,0.366188482311554,0.3,16,4.72,1321.6,3025.22,3803.1,2284.03,3720.43,0.1070063694267516,0.4464968152866242,0.2681528662420382,0.1783439490445859,65845.8,12832.78
Indian,25556,Spice Cafe,Cafe,CBD,0.99,37.68,919,83,3127.44,418,251,167,15750.24,9457.68,6292.56,0.278962976634502,0.44875985973049,0.3,11,3.25,542.75,851.53,-436.64,-262.19,1170.57,0.0903155603917301,0.4548422198041349,0.2731229597388466,0.1817192600652883,34627.92,1323.27
Indian,25438,Tandoori Corner,Cafe,North Shore,1.03,37.51,761,56,2100.56,352,212,141,13203.52,7952.12,5288.91,0.211977686174214,0.370079564861953,0.3,4,1.18,166.38,877.91,1557.26,937.89,2044.08,0.0735873850197109,0.4625492772667542,0.278580814717477,0.1852825229960578,28545.11,5417.139999999999
Indian,25802,Tandoori Tavern,Cafe,North Shore,1.03,38.72,930,114,4414.08,408,245,163,15797.76,9486.4,6311.36,0.223570773955435,0.42723926785402,0.32,18,5.31,865.53,1541.35,461.14,276.91,1338.33,0.1225806451612903,0.4387096774193548,0.2634408602150537,0.175268817204301,36009.6,3617.7299999999996
Indian,25076,Royal Eatery,QSR,CBD,0.99,34.16,1389,114,3894.24,638,382,255,21794.08,13049.12,8710.8,0.25112802170217,0.394247443974018,0.3,10,2.95,752.25,1380.99,1190.49,712.8,2336.81,0.0820734341252699,0.4593232541396688,0.2750179985601152,0.183585313174946,47448.240000000005,5621.09
Indian,25522,Tandoori Grill,Cafe,West Auckland,1.04,43.9,883,108,4741.2,388,232,155,17033.2,10184.8,6804.5,0.251194011364132,0.351942593744025,0.27,10,2.95,457.25,1881.61,2160.89,1292.08,2243.21,0.1223103057757644,0.4394110985277463,0.2627406568516421,0.1755379388448471,38763.7,7577.79
Indian,26694,Spice Tavern,Ghost Kitchen,CBD,0.99,36.2,1373,89,3221.8,642,385,257,23240.4,13937.0,9303.4,0.284615032421425,0.261543587490451,0.31,6,1.77,454.89,1462.19,3342.93,2004.72,3767.38,0.0648215586307356,0.4675892206846322,0.28040786598689,0.1871813546977421,49702.6,10577.220000000001
Indian,25361,Bombay Corner,QSR,North Shore,1.03,42.27,1565,167,7059.09,699,419,280,29546.73,17711.13,11835.6,0.253019167240709,0.44921028285753,0.3,15,4.43,1240.4,2101.99,-65.87,-39.49,2283.89,0.1067092651757188,0.4466453674121405,0.2677316293929712,0.1789137380191693,66152.55,4280.5199999999995
Indian,25686,Spice Tavern,Cafe,West Auckland,1.04,37.66,510,46,1732.36,232,139,93,8737.12,5234.74,3502.38,0.200643322840333,0.435225071781315,0.29,15,4.43,411.99,630.81,647.7,388.06,863.34,0.0901960784313725,0.4549019607843137,0.2725490196078431,0.1823529411764705,19206.600000000002,2529.91
Indian,25363,Curry Grill,Ghost Kitchen,West Auckland,1.04,36.03,1494,110,3963.3,692,415,277,24932.76,14952.45,9980.31,0.288230658089742,0.203706220642198,0.31,10,2.95,817.15,2013.61,4938.26,2961.53,4253.48,0.073627844712182,0.4631860776439089,0.2777777777777778,0.1854082998661312,53828.81999999999,14166.88
Indian,25688,Curry Eatery,QSR,West Auckland,1.04,31.25,503,49,1531.25,227,136,91,7093.75,4250.0,2843.75,0.230203204471618,0.411707649985328,0.31,18,5.31,483.21,548.32,341.13,204.38,535.11,0.0974155069582504,0.4512922465208747,0.2703777335984095,0.1809145129224652,15718.75,1628.94
Indian,26620,Royal Cafe,QSR,West Auckland,1.04,31.34,644,53,1661.02,296,177,118,9276.64,5547.18,3698.12,0.220129707790911,0.444765468081459,0.32,5,1.48,174.64,556.62,140.12,83.79,1064.62,0.0822981366459627,0.4596273291925465,0.2748447204968944,0.1832298136645962,20182.96,1845.1499999999999
Indian,25042,Bombay Diner,Cafe,North Shore,1.03,40.89,1486,182,7441.98,652,391,261,26660.28,15987.99,10672.29,0.264747702013701,0.412279210542329,0.31,5,1.48,386.28,2403.56,345.87,207.41,3060.58,0.1224764468371467,0.4387617765814266,0.2631224764468372,0.1756393001345895,60762.53999999999,6017.42
Indian,25652,Spice Corner,Ghost Kitchen,West Auckland,1.04,45.92,756,49,2250.08,354,212,141,16255.68,9735.04,6474.72,0.268270264845341,0.274301106890198,0.32,3,0.89,125.49,1029.25,2234.0,1337.87,2836.23,0.0648148148148148,0.4682539682539682,0.2804232804232804,0.1865079365079365,34715.520000000004,7437.35
Indian,26381,Royal Corner,Cafe,South Auckland,1.05,37.89,1398,103,3902.67,648,388,259,24552.72,14701.32,9813.51,0.246869681980461,0.438132131262682,0.31,5,1.48,383.32,1229.33,122.72,73.48,2707.92,0.0736766809728183,0.463519313304721,0.2775393419170243,0.1852646638054363,52970.22,4133.45
Indian,26301,Royal Corner,QSR,North Shore,1.03,38.12,942,115,4383.8,414,248,165,15781.68,9453.76,6289.8,0.268955820500851,0.372937139170244,0.31,8,2.36,389.4,1569.87,759.21,454.79,1863.02,0.1220806794055201,0.4394904458598726,0.2632696390658174,0.1751592356687898,35909.04,4646.889999999999
Indian,25777,Bombay Grill,Cafe,West Auckland,1.04,33.33,1588,157,5232.81,716,429,286,23864.28,14298.57,9532.38,0.230246922746301,0.388176342844963,0.28,6,1.77,506.22,1996.72,2424.06,1452.4,3131.11,0.0988664987405541,0.4508816120906801,0.2701511335012594,0.1801007556675063,52928.04,9004.29
Indian,25090,Curry Diner,QSR,West Auckland,1.04,43.56,927,113,4922.28,407,244,163,17728.92,10628.64,7100.28,0.205600580256432,0.412046377081424,0.32,5,1.48,241.24,1882.05,1105.45,662.73,2473.57,0.1218985976267529,0.4390507011866235,0.2632146709816613,0.1758360302049622,40380.119999999995,6123.8
Indian,25336,Tandoori Diner,Cafe,West Auckland,1.04,40.5,1264,155,6277.5,554,333,222,22437.0,13486.5,8991.0,0.246210811920464,0.365804946655408,0.32,13,3.84,852.48,2435.57,1525.36,916.87,2635.89,0.122626582278481,0.4382911392405063,0.2634493670886076,0.175632911392405,51192.0,7513.6900000000005
Indian,25862,Curry Corner,QSR,South Auckland,1.05,31.86,563,69,2198.34,247,148,99,7869.42,4715.28,3154.14,0.215387890022248,0.441896405839361,0.31,13,3.84,380.16,753.41,257.45,154.26,700.81,0.1225577264653641,0.4387211367673179,0.2628774422735346,0.1758436944937833,17937.18,1865.9299999999998
Indian,25218,Curry Eatery,Cafe,CBD,0.99,41.8,937,77,3218.6,430,258,172,17974.0,10784.4,7189.6,0.250285366009921,0.379183530481532,0.29,6,1.77,304.44,1192.59,1447.47,868.48,2359.53,0.0821771611526147,0.4589114194236926,0.2753468516542156,0.183564567769477,39166.6,5868.07
Indian,26312,Royal Corner,Cafe,CBD,0.99,40.75,1329,131,5338.25,599,359,240,24409.25,14629.25,9780.0,0.239654354639351,0.370142450649291,0.3,10,2.95,708.0,2083.0,2201.79,1319.61,3108.19,0.0985703536493604,0.4507148231753198,0.2701279157261098,0.1805869074492099,54156.75,8712.59
Indian,26555,Tandoori Tavern,Cafe,South Auckland,1.05,41.1,1048,120,4932.0,464,278,186,19070.4,11425.8,7644.6,0.238788859136403,0.395165687031113,0.29,18,5.31,987.66,1805.34,1450.22,868.88,1810.61,0.1145038167938931,0.4427480916030534,0.2652671755725191,0.1774809160305343,43072.799999999996,5935.049999999999
Indian,25103,Royal Tavern,Cafe,South Auckland,1.05,44.19,481,55,2430.45,213,128,85,9412.47,5656.32,3756.15,0.247696290276945,0.385943020856939,0.31,15,4.43,376.55,890.42,530.49,318.79,999.56,0.1143451143451143,0.4428274428274428,0.2661122661122661,0.1767151767151767,21255.39,2739.2599999999998
Indian,26597,Spice Tavern,Cafe,CBD,0.99,44.0,970,119,5236.0,426,255,170,18744.0,11220.0,7480.0,0.202396530248225,0.363575630681589,0.27,15,4.43,753.1,2272.57,3074.54,1840.39,2493.43,0.122680412371134,0.4391752577319587,0.2628865979381443,0.1752577319587628,42680.0,9680.93
Indian,25345,Tandoori Kitchen,Cafe,CBD,0.99,30.42,551,67,2038.14,242,145,97,7361.64,4410.9,2950.74,0.234786411654204,0.443164036958478,0.3,4,1.18,114.46,656.38,162.32,97.26,835.82,0.1215970961887477,0.4392014519056261,0.2631578947368421,0.176043557168784,16761.42,1751.7800000000002
Indian,25507,Bombay Bistro,Cafe,North Shore,1.03,41.47,506,62,2571.14,222,133,89,9206.34,5515.51,3690.83,0.263065988197923,0.449756935448386,0.27,13,3.84,341.76,738.37,158.14,94.74,718.16,0.1225296442687747,0.4387351778656126,0.2628458498023715,0.1758893280632411,20983.82,1709.4099999999999
Indian,25064,Curry Kitchen,QSR,South Auckland,1.05,39.79,1108,144,5729.76,482,289,193,19178.78,11499.31,7679.47,0.274862326569855,0.387011474813335,0.29,16,4.72,910.96,1937.38,923.0,553.42,1685.67,0.1299638989169675,0.4350180505415162,0.2608303249097473,0.1741877256317689,44087.32,5099.47
Indian,26333,Curry Bistro,Cafe,South Auckland,1.05,39.15,1282,147,5755.05,568,340,227,22237.2,13311.0,8887.05,0.230716460198164,0.444402274116874,0.27,14,4.13,937.51,1869.71,1220.41,730.52,1949.73,0.1146645865834633,0.4430577223088923,0.2652106084243369,0.1770670826833073,50190.3,5770.37
Indian,26401,Tandoori House,QSR,South Auckland,1.05,39.1,510,37,1446.7,236,142,95,9227.6,5552.2,3714.5,0.204883327204734,0.423674208926968,0.31,13,3.84,364.8,537.37,566.97,341.14,1014.92,0.0725490196078431,0.4627450980392157,0.2784313725490196,0.1862745098039215,19941.0,2460.4
Indian,25270,Royal Grill,Cafe,North Shore,1.03,44.24,1636,148,6547.52,744,446,298,32914.56,19731.04,13183.52,0.228769693505019,0.427074353815988,0.27,7,2.07,616.86,2253.37,2440.81,1463.17,3920.33,0.0904645476772616,0.4547677261613692,0.2726161369193154,0.1821515892420538,72376.64,10077.68
Indian,25959,Tandoori House,Cafe,North Shore,1.03,32.04,524,60,1922.4,232,139,93,7433.28,4453.56,2979.72,0.219312045294791,0.381069437088445,0.27,4,1.18,109.74,768.23,963.49,577.26,1081.01,0.1145038167938931,0.4427480916030534,0.2652671755725191,0.1774809160305343,16788.960000000003,3389.99
Indian,26285,Bombay Corner,Cafe,CBD,0.99,31.62,1649,189,5976.18,730,438,292,23082.6,13849.56,9233.04,0.26230069629848,0.39293724889867,0.3,8,2.36,689.12,2060.36,1033.22,619.93,2494.08,0.1146149181322013,0.4426925409338993,0.2656155245603396,0.1770770163735597,52141.38,6207.59
Indian,25479,Curry Bistro,QSR,North Shore,1.03,39.98,641,68,2718.64,286,172,115,11434.28,6876.56,4597.7,0.265662389323115,0.358416500827298,0.29,4,1.18,135.7,1021.99,982.45,590.84,1592.67,0.1060842433697348,0.4461778471138845,0.2683307332293291,0.1794071762870515,25627.18,4187.950000000001
Indian,26207,Bombay Eatery,QSR,CBD,0.99,38.65,604,74,2860.1,265,159,106,10242.25,6145.35,4096.9,0.257352492902428,0.40286834645085,0.32,16,4.72,500.32,971.8,202.58,121.55,891.72,0.1225165562913907,0.4387417218543046,0.2632450331125828,0.1754966887417218,23344.6,2187.6499999999996
Indian,25724,Spice House,Ghost Kitchen,South Auckland,1.05,41.71,1373,113,4713.23,630,378,252,26277.3,15766.38,10510.92,0.266961202840321,0.253399959648959,0.28,7,2.07,521.64,2260.65,5245.97,3147.58,4519.81,0.0823015294974508,0.4588492352512746,0.2753095411507647,0.1835396941005098,57267.829999999994,15174.010000000002
Indian,26492,Curry Eatery,QSR,North Shore,1.03,37.39,940,122,4561.58,409,245,164,15292.51,9160.55,6131.96,0.224889688119292,0.40166338889394,0.29,9,2.66,436.24,1703.51,1276.11,764.42,1853.72,0.1297872340425531,0.4351063829787234,0.2606382978723404,0.1744680851063829,35146.6,5597.76
Indian,26399,Curry Diner,QSR,West Auckland,1.04,33.57,1622,160,5371.2,731,439,292,24539.67,14737.23,9802.44,0.258429350443184,0.361078180908225,0.29,15,4.43,1293.56,2043.7,2220.66,1333.61,2436.19,0.0986436498150431,0.4506781750924784,0.2706535141800246,0.1800246609124537,54450.54,8034.16
Indian,25767,Tandoori Eatery,QSR,CBD,0.99,30.55,1366,112,3421.6,627,376,251,19154.85,11486.8,7668.05,0.277970379982144,0.371558752236888,0.29,8,2.36,592.36,1199.17,1158.31,694.62,2095.07,0.0819912152269399,0.45900439238653,0.2752562225475842,0.1837481698389458,41731.3,5147.17
Indian,25404,Curry Kitchen,Cafe,CBD,0.99,39.42,1547,127,5006.34,710,426,284,27988.2,16792.92,11195.28,0.205401578303427,0.443159784423187,0.28,14,4.13,1172.92,1759.42,1999.44,1199.66,2761.53,0.0820943762120232,0.4589528118939883,0.275371687136393,0.1835811247575953,60982.74,7720.050000000001
Indian,25202,Bombay Corner,Ghost Kitchen,North Shore,1.03,40.04,1418,92,3683.68,663,398,265,26546.52,15935.92,10610.6,0.291234462964348,0.259023642307147,0.3,18,5.31,1407.15,1656.71,3975.13,2386.27,3364.88,0.0648801128349788,0.4675599435825106,0.2806770098730606,0.1868829337094499,56776.72,11382.990000000002
Indian,25325,Tandoori Grill,QSR,West Auckland,1.04,34.01,1213,89,3026.89,562,337,225,19113.62,11461.37,7652.25,0.279793931487948,0.408069194294512,0.27,6,1.77,398.25,944.8,805.39,482.95,1990.3,0.0733718054410552,0.4633140972794723,0.2778235779060181,0.1854905193734542,41254.13,4223.44
Indian,26621,Tandoori Eatery,QSR,CBD,0.99,40.33,628,72,2903.76,278,167,111,11211.74,6735.11,4476.63,0.26501995574683,0.399025585385971,0.33,16,4.72,523.92,975.53,66.76,40.1,980.02,0.1146496815286624,0.4426751592356688,0.2659235668789809,0.1767515923566879,25327.24,2062.41
Indian,26097,Royal Grill,Ghost Kitchen,West Auckland,1.04,38.59,633,57,2199.63,288,173,115,11113.92,6676.07,4437.85,0.283717413037084,0.223925864184275,0.28,7,2.07,238.05,1083.0,2360.12,1417.71,1946.96,0.0900473933649289,0.4549763033175355,0.273301737756714,0.1816745655608214,24427.47,6807.79
Indian,26219,Royal Kitchen,QSR,North Shore,1.03,36.34,1293,128,4651.52,582,350,233,21149.88,12719.0,8467.22,0.273164425063878,0.437278969050385,0.31,15,4.43,1032.19,1346.88,-432.38,-260.02,1419.55,0.0989945862335653,0.4501160092807424,0.2706883217324052,0.1802010827532869,46987.62,2074.03
Indian,25047,Tandoori Eatery,QSR,West Auckland,1.04,44.82,734,78,3495.96,328,197,131,14700.96,8829.54,5871.42,0.244568080697209,0.403566297888756,0.32,14,4.13,541.03,1230.11,468.46,281.36,1524.92,0.106267029972752,0.4468664850136239,0.2683923705722071,0.1784741144414169,32897.88,3504.85
Indian,25697,Royal House,QSR,South Auckland,1.05,41.5,883,87,3610.5,398,239,159,16517.0,9918.5,6598.5,0.220556069426239,0.42173113625031,0.31,17,5.02,798.18,1291.52,788.07,473.24,1562.19,0.0985277463193658,0.4507361268403171,0.2706681766704417,0.1800679501698754,36644.5,4115.02
Indian,26465,Tandoori Diner,QSR,North Shore,1.03,34.89,1339,143,4989.27,598,359,239,20864.22,12525.51,8338.71,0.216410799063742,0.360744556062855,0.3,17,5.02,1199.78,2109.69,2563.06,1538.69,2326.2,0.1067961165048543,0.4466019417475728,0.2681105302464526,0.1784914115011202,46717.71,8537.64
Indian,26222,Bombay Tavern,Cafe,CBD,0.99,35.06,1469,145,5083.7,662,397,265,23209.72,13918.82,9290.9,0.257371511384845,0.422914584865794,0.32,5,1.48,392.2,1625.33,-6.64,-3.98,2578.23,0.0987066031313819,0.450646698434309,0.2702518720217835,0.1803948264125255,51503.14000000001,4192.94
Indian,26613,Royal Kitchen,Cafe,West Auckland,1.04,35.71,478,58,2071.18,210,126,84,7499.1,4499.46,2999.64,0.216459960769862,0.374055620725267,0.29,17,5.02,421.68,848.12,896.03,537.62,806.63,0.1213389121338912,0.4393305439330544,0.2635983263598326,0.1757322175732217,17069.38,3088.4
Indian,26145,Spice Grill,QSR,South Auckland,1.05,40.64,1020,84,3413.76,468,281,187,19019.52,11419.84,7599.68,0.235223977230489,0.353703589946963,0.31,14,4.13,772.31,1403.3,1922.35,1154.23,2351.71,0.0823529411764705,0.4588235294117647,0.2754901960784314,0.1833333333333333,41452.799999999996,6831.589999999999
Indian,26107,Tandoori Tavern,Cafe,North Shore,1.03,39.73,971,119,4727.87,426,256,170,16924.98,10170.88,6754.1,0.220234274100512,0.356106535042636,0.3,4,1.18,200.6,2003.01,2092.93,1257.72,2660.84,0.1225540679711637,0.4387229660144181,0.2636457260556127,0.1750772399588053,38577.829999999994,8014.5
Indian,25744,Spice Bistro,Cafe,West Auckland,1.04,45.96,506,66,3033.36,220,132,88,10111.2,6066.72,4044.48,0.263840750865638,0.350082896370441,0.31,17,5.02,441.76,1171.11,769.22,461.53,1119.72,0.1304347826086956,0.4347826086956521,0.2608695652173913,0.1739130434782608,23255.760000000002,3521.58
Indian,25866,Spice Corner,QSR,West Auckland,1.04,42.39,1697,208,8817.12,744,447,298,31538.16,18948.33,12632.22,0.269348163623363,0.408116451813839,0.27,8,2.36,703.28,2843.83,1656.87,995.46,3371.06,0.1225692398350029,0.4384207424867413,0.2634060106069534,0.1756040070713023,71935.83,8867.22
Indian,25746,Bombay Kitchen,Cafe,CBD,0.99,36.31,1164,151,5482.81,506,304,203,18372.86,11038.24,7370.93,0.219539311733097,0.379697456932627,0.27,14,4.13,838.39,2197.31,2402.49,1443.4,2115.61,0.1297250859106529,0.4347079037800687,0.2611683848797251,0.1743986254295532,42264.840000000004,8158.8099999999995
Indian,26232,Tandoori Kitchen,QSR,North Shore,1.03,37.99,625,51,1937.49,287,172,115,10903.13,6534.28,4368.85,0.275574485715479,0.429182407120243,0.32,14,4.13,474.95,572.03,-269.93,-161.77,814.92,0.0816,0.4592,0.2752,0.184,23743.75,955.2499999999999
Indian,25949,Spice Grill,Cafe,North Shore,1.03,34.8,945,116,4036.8,414,249,166,14407.2,8665.2,5776.8,0.27771425018087,0.398123694886453,0.29,14,4.13,685.58,1308.58,492.18,296.02,1187.04,0.1227513227513227,0.4380952380952381,0.2634920634920635,0.1756613756613756,32886.0,3283.8199999999997
Indian,26477,Bombay Tavern,Cafe,West Auckland,1.04,45.86,1100,100,4586.0,500,300,200,22930.0,13758.0,9172.0,0.218355244267732,0.397347188158892,0.3,5,1.48,296.0,1762.39,1932.94,1159.77,3228.78,0.0909090909090909,0.4545454545454545,0.2727272727272727,0.1818181818181818,50446.0,8083.880000000001
Indian,25547,Spice Kitchen,QSR,CBD,0.99,30.69,1054,129,3959.01,462,278,185,14178.78,8531.82,5677.65,0.206030499003828,0.407672602171078,0.32,14,4.13,764.05,1529.35,940.01,565.63,1429.21,0.1223908918406072,0.4383301707779886,0.2637571157495256,0.1755218216318785,32347.260000000002,4464.2
Indian,25332,Spice Tavern,QSR,CBD,0.99,30.89,614,70,2162.3,272,163,109,8402.08,5035.07,3367.01,0.246180343739688,0.441651750309393,0.29,10,2.95,321.55,675.0,186.26,111.62,729.52,0.1140065146579804,0.4429967426710097,0.265472312703583,0.1775244299674267,18966.46,1702.4
Indian,26535,Curry Diner,Cafe,CBD,0.99,38.14,1607,159,6064.26,724,434,290,27613.36,16552.76,11060.6,0.204376494511962,0.383977796067484,0.31,11,3.25,942.5,2496.33,2806.78,1682.52,3610.55,0.0989421281891723,0.4505289359054138,0.2700684505289359,0.1804604853764779,61290.98,10596.18
Indian,25756,Spice Diner,Cafe,North Shore,1.03,32.1,616,66,2118.6,275,165,110,8827.5,5296.5,3531.0,0.227221258115023,0.372634863946587,0.31,7,2.07,227.7,847.74,795.75,477.45,1185.21,0.1071428571428571,0.4464285714285714,0.2678571428571428,0.1785714285714285,19773.6,3306.15
Indian,26606,Tandoori Diner,QSR,CBD,0.99,36.96,1185,145,5359.2,520,312,208,19219.2,11531.52,7687.68,0.224772080108523,0.37316050613299,0.29,5,1.48,307.84,2154.76,2153.85,1292.31,2783.13,0.1223628691983122,0.4388185654008439,0.2632911392405063,0.1755274261603375,43797.6,8384.05
Indian,25759,Spice Cafe,QSR,North Shore,1.03,30.99,1553,178,5516.22,688,412,275,21321.12,12767.88,8522.25,0.270179027989507,0.355104209878482,0.32,16,4.72,1298.0,2067.02,1166.62,698.62,1895.43,0.1146168705730843,0.4430135222150676,0.2652929813264649,0.1770766258853831,48127.47,5827.69
Indian,25153,Curry Grill,Cafe,CBD,0.99,40.16,850,84,3373.44,383,230,153,15381.28,9236.8,6144.48,0.259762070644647,0.447379531897604,0.3,3,0.89,136.17,987.94,-109.85,-65.97,1663.29,0.0988235294117647,0.4505882352941176,0.2705882352941176,0.18,34136.0,2475.41
Indian,26126,Spice Eatery,QSR,South Auckland,1.05,39.42,1685,139,5479.38,773,464,309,30471.66,18290.88,12180.78,0.230952102020383,0.362889633560553,0.31,3,0.89,275.01,2225.5,2930.1,1758.82,4672.31,0.0824925816023738,0.458753709198813,0.2753709198813056,0.1833827893175074,66422.7,11586.73
Indian,26653,Curry Tavern,Cafe,North Shore,1.03,40.32,968,88,3548.16,440,264,176,17740.8,10644.48,7096.32,0.265767632648349,0.375899662310258,0.27,14,4.13,726.88,1271.42,1567.09,940.26,1815.96,0.0909090909090909,0.4545454545454545,0.2727272727272727,0.1818181818181818,39029.759999999995,5594.7300000000005
Indian,25440,Bombay Bistro,QSR,North Shore,1.03,33.12,792,97,3212.64,348,208,139,11525.76,6888.96,4603.68,0.244969292469323,0.365438399394043,0.29,16,4.72,656.08,1251.62,1147.88,686.09,1137.48,0.1224747474747474,0.4393939393939394,0.2626262626262626,0.1755050505050505,26231.04,4223.07
Indian,26236,Royal Grill,QSR,CBD,0.99,40.75,599,64,2608.0,268,160,107,10921.0,6520.0,4360.25,0.211037353798747,0.438833950948901,0.3,8,2.36,252.52,913.14,547.46,326.84,1274.13,0.1068447412353923,0.4474123539232053,0.2671118530884808,0.1786310517529215,24409.25,3061.5699999999997
Indian,25578,Spice Cafe,QSR,West Auckland,1.04,32.96,934,114,3757.44,410,246,164,13513.6,8108.16,5405.44,0.202443747427315,0.354591334611177,0.28,7,2.07,339.48,1664.41,2202.24,1321.35,2054.94,0.1220556745182012,0.4389721627408993,0.2633832976445396,0.1755888650963597,30784.64,7242.9400000000005
Indian,25929,Bombay Grill,QSR,CBD,0.99,40.71,1586,144,5862.24,721,433,288,29351.91,17627.43,11724.48,0.261057219300419,0.387353183235973,0.28,11,3.25,936.0,2061.1,2101.29,1261.94,3186.21,0.0907944514501891,0.4546027742749054,0.2730138713745271,0.1815889029003783,64566.06,8610.54
Indian,25525,Spice Bistro,Cafe,South Auckland,1.05,39.22,1707,169,6628.18,769,461,308,30160.18,18080.42,12079.76,0.221280722506344,0.383297110931016,0.32,14,4.13,1272.04,2620.93,2274.75,1363.66,3504.56,0.09900410076157,0.450497949619215,0.2700644405389572,0.1804335090802577,66948.54,9763.9
Indian,26619,Tandoori Bistro,Cafe,CBD,0.99,42.55,973,119,5063.45,427,256,171,18168.85,10892.8,7276.05,0.241101745236665,0.381717206002213,0.3,17,5.02,858.42,1909.84,1402.29,840.72,1885.97,0.1223021582733813,0.4388489208633093,0.263103802672148,0.1757451181911613,41401.15,6038.820000000001
Indian,26501,Tandoori Corner,Ghost Kitchen,North Shore,1.03,35.43,1511,137,4853.91,687,412,275,24340.41,14597.16,9743.25,0.250613305682782,0.236551172996406,0.32,6,1.77,486.75,2489.26,4693.7,2814.85,4509.93,0.0906684315023163,0.4546657842488418,0.2726671078755791,0.1819986763732627,53534.729999999996,14507.74
Indian,25329,Bombay Cafe,Cafe,North Shore,1.03,34.77,817,81,2816.37,368,221,147,12795.36,7684.17,5111.19,0.20891814365983,0.436058595543727,0.27,15,4.43,651.21,999.88,1087.9,653.33,1163.38,0.0991432068543451,0.4504283965728274,0.2705018359853121,0.1799265605875153,28407.09,3904.4900000000002
Indian,25936,Royal Cafe,QSR,West Auckland,1.04,40.36,1412,128,5166.08,642,385,257,25911.12,15538.6,10372.52,0.259702173862606,0.402220298838802,0.28,10,2.95,758.15,1746.54,1504.85,902.44,2748.57,0.0906515580736544,0.4546742209631728,0.2726628895184136,0.1820113314447592,56988.31999999999,6902.4
Indian,25169,Bombay Eatery,Cafe,North Shore,1.03,33.38,1202,109,3638.42,546,328,219,18225.48,10948.64,7310.22,0.240091151744127,0.410124057391658,0.28,7,2.07,453.33,1272.66,1271.86,764.05,2103.67,0.0906821963394342,0.454242928452579,0.2728785357737104,0.1821963394342762,40122.76,5412.24
Indian,25211,Curry Tavern,Cafe,South Auckland,1.05,35.75,911,104,3718.0,404,242,161,14443.0,8651.5,5755.75,0.24738922284916,0.375637275981717,0.31,16,4.72,759.92,1401.59,967.3,579.42,1409.85,0.1141602634467618,0.4434687156970362,0.265642151481888,0.1767288693743139,32568.25,4358.16
Indian,26306,Bombay Eatery,Cafe,South Auckland,1.05,40.07,1218,100,4007.0,559,335,224,22399.13,13423.45,8975.68,0.275403123795986,0.396439639991149,0.31,4,1.18,264.32,1314.93,406.71,243.73,2681.11,0.0821018062397372,0.4589490968801313,0.2750410509031198,0.1839080459770115,48805.26,4646.4800000000005
Indian,26630,Spice House,Ghost Kitchen,South Auckland,1.05,43.17,655,59,2547.03,298,179,119,12864.66,7727.43,5137.23,0.276819002674893,0.345801801141351,0.32,4,1.18,140.42,961.2,738.16,443.39,1798.26,0.0900763358778626,0.4549618320610687,0.2732824427480916,0.181679389312977,28276.350000000002,3941.01
Indian,25424,Curry House,Cafe,West Auckland,1.04,34.46,1146,122,4204.12,512,307,205,17643.52,10579.22,7064.3,0.267271007932723,0.403685403359123,0.31,15,4.43,908.15,1383.34,336.0,201.47,1416.31,0.106457242582897,0.4467713787085515,0.2678883071553228,0.1788830715532286,39491.16,3337.12
Indian,25906,Royal Cafe,Cafe,North Shore,1.03,39.25,932,107,4199.75,412,248,165,16171.0,9734.0,6476.25,0.249628631453961,0.400936816562898,0.28,14,4.13,681.45,1467.54,1122.83,675.88,1581.58,0.1148068669527897,0.4420600858369098,0.2660944206008583,0.177038626609442,36581.0,4847.83
Indian,25705,Tandoori Diner,Cafe,West Auckland,1.04,40.63,1108,100,4063.0,504,302,202,20477.52,12270.26,8207.26,0.258585739787668,0.373463932843879,0.28,6,1.77,357.54,1494.98,1801.0,1079.17,2662.32,0.0902527075812274,0.4548736462093863,0.2725631768953068,0.1823104693140794,45018.04,7037.469999999999
Indian,25465,Royal House,Cafe,South Auckland,1.05,33.66,1408,139,4678.74,634,381,254,21340.44,12824.46,8549.64,0.277729024235159,0.425745386769995,0.29,6,1.77,449.58,1387.37,139.26,83.69,2085.61,0.0987215909090909,0.4502840909090909,0.2705965909090909,0.1803977272727272,47393.28,3695.9300000000003
Indian,25923,Spice Bistro,Cafe,South Auckland,1.05,42.83,775,70,2998.1,352,212,141,15076.16,9079.96,6039.03,0.239987723380327,0.36103519462049,0.3,10,2.95,415.95,1196.17,1492.19,898.71,1993.48,0.0903225806451612,0.4541935483870968,0.2735483870967742,0.1819354838709677,33193.25,5580.55
Indian,25587,Tandoori Kitchen,QSR,CBD,0.99,43.07,533,39,1679.73,247,148,99,10638.29,6374.36,4263.93,0.229685053378344,0.443937585805543,0.3,11,3.25,321.75,548.23,280.61,168.14,1069.9,0.073170731707317,0.4634146341463415,0.2776735459662289,0.1857410881801125,22956.31,2066.88
Indian,26212,Curry Bistro,Ghost Kitchen,West Auckland,1.04,43.43,695,51,2214.93,322,193,129,13984.46,8381.99,5602.47,0.269806259451434,0.235637369006872,0.27,18,5.31,684.99,1095.41,3140.3,1882.23,2085.75,0.0733812949640287,0.4633093525179856,0.2776978417266187,0.1856115107913669,30183.85,8203.69
Indian,26331,Tandoori Corner,Cafe,South Auckland,1.05,41.72,706,64,2670.08,321,193,128,13392.12,8051.96,5340.16,0.26964652242139,0.428811986558139,0.32,5,1.48,189.44,805.14,-247.2,-148.63,1420.84,0.0906515580736544,0.4546742209631728,0.273371104815864,0.1813031161473088,29454.32,1830.15
Indian,26080,Curry Eatery,Cafe,West Auckland,1.04,37.43,1137,148,5539.64,494,297,198,18490.42,11116.71,7411.14,0.269055720474571,0.420033977157436,0.32,13,3.84,760.32,1722.33,-168.07,-101.05,1543.88,0.1301671064204045,0.4344766930518909,0.2612137203166227,0.1741424802110818,42557.909999999996,2997.09
Indian,26211,Spice House,Cafe,South Auckland,1.05,42.61,1597,183,7797.63,707,424,283,30125.27,18066.64,12058.63,0.272716872952878,0.392648420785554,0.32,4,1.18,333.94,2609.36,440.87,264.4,3701.3,0.1145898559799624,0.4427050720100188,0.2654978083907326,0.1772072636192861,68048.17,7015.93
Indian,26648,Royal Eatery,Ghost Kitchen,CBD,0.99,29.97,1033,49,1468.53,492,295,197,14745.24,8841.15,5904.09,0.271228667744435,0.334657383756712,0.3,4,1.18,232.46,578.77,1387.73,832.08,2094.42,0.047434656340755,0.4762826718296225,0.2855759922555663,0.1907066795740561,30959.01,4893.0
Indian,26083,Curry Diner,QSR,West Auckland,1.04,40.8,1301,139,5671.2,581,349,232,23704.8,14239.2,9465.6,0.209401438068599,0.427624624571763,0.27,3,0.89,206.48,2058.5,2203.93,1323.87,3229.29,0.1068408916218293,0.4465795541890853,0.2682551883166795,0.1783243658724058,53080.799999999996,8815.59
Indian,25845,Spice Eatery,Cafe,South Auckland,1.05,37.31,1195,137,5111.47,529,317,212,19736.99,11827.27,7909.72,0.264910599030554,0.378957715001889,0.29,7,2.07,438.84,1820.36,1305.24,782.16,2378.06,0.1146443514644351,0.4426778242677824,0.2652719665271966,0.1774058577405858,44585.450000000004,6285.82
Indian,25519,Bombay Diner,QSR,South Auckland,1.05,45.41,1552,141,6402.81,706,423,282,32059.46,19208.43,12805.62,0.242675538398325,0.386734868190251,0.29,12,3.54,998.28,2372.81,2583.66,1548.0,3747.35,0.0908505154639175,0.4548969072164948,0.2725515463917525,0.181701030927835,70476.31999999999,10251.82
Indian,25114,Royal Bistro,Ghost Kitchen,CBD,0.99,43.57,1288,95,4139.15,596,358,239,25967.72,15598.06,10413.23,0.275923362467438,0.285576167376712,0.28,15,4.43,1058.77,1815.02,4115.9,2472.3,3507.44,0.0737577639751552,0.4627329192546583,0.2779503105590062,0.1855590062111801,56118.16,11910.660000000002
Indian,25562,Curry Diner,Ghost Kitchen,South Auckland,1.05,32.78,506,37,1212.86,234,141,94,7670.52,4621.98,3081.32,0.26702246327186,0.211608359671663,0.28,7,2.07,194.58,632.35,1851.43,1115.6,1411.93,0.0731225296442687,0.4624505928853755,0.2786561264822134,0.1857707509881423,16586.68,5011.31
Indian,25110,Spice Grill,QSR,West Auckland,1.04,42.87,1145,131,5615.97,507,304,203,21735.09,13032.48,8702.61,0.203999982159585,0.391077820281498,0.32,13,3.84,779.52,2274.03,1845.79,1106.75,2744.36,0.1144104803493449,0.4427947598253275,0.2655021834061135,0.1772925764192139,49086.15,7970.93
Indian,25931,Spice Kitchen,Ghost Kitchen,West Auckland,1.04,41.49,1376,65,2696.85,656,393,262,27217.44,16305.57,10870.38,0.261336358601693,0.305998752755113,0.32,18,5.31,1391.22,1166.83,3066.45,1837.07,3312.01,0.0472383720930232,0.4767441860465116,0.2856104651162791,0.190406976744186,57090.24,9382.36
Indian,26258,Curry Grill,QSR,South Auckland,1.05,43.82,587,67,2935.94,260,156,104,11393.2,6835.92,4557.28,0.215669532846659,0.445533280982636,0.32,6,1.77,184.08,994.69,214.16,128.5,1359.91,0.1141396933560477,0.4429301533219761,0.2657580919931857,0.1771720613287904,25722.34,2697.26
Indian,25814,Tandoori Cafe,Ghost Kitchen,CBD,0.99,37.47,753,35,1311.45,359,215,144,13451.73,8056.05,5395.68,0.276370377407875,0.282053983747028,0.33,10,2.95,424.8,579.1,1500.89,898.86,1957.8,0.046480743691899,0.4767596281540505,0.2855245683930943,0.1912350597609561,28214.91,4936.650000000001
Indian,25154,Spice Tavern,QSR,CBD,0.99,40.4,576,70,2828.0,253,152,101,10221.2,6140.8,4080.4,0.223648589961231,0.447242902149446,0.3,6,1.77,178.77,930.72,297.52,178.75,1164.12,0.1215277777777777,0.4392361111111111,0.2638888888888889,0.1753472222222222,23270.4,2571.1099999999997
Indian,26001,Curry Kitchen,QSR,CBD,0.99,39.73,567,51,2026.23,258,155,103,10250.34,6158.15,4092.19,0.215525405351073,0.392081076465547,0.32,17,5.02,517.06,795.08,742.06,445.81,1088.69,0.0899470899470899,0.455026455026455,0.27336860670194,0.1816578483245149,22526.91,3071.64
Indian,26203,Curry Grill,Cafe,CBD,0.99,43.47,1048,112,4868.64,468,281,187,20343.96,12215.07,8128.89,0.238891417346895,0.389279943495058,0.3,5,1.48,276.76,1810.3,1461.28,877.39,2745.79,0.1068702290076335,0.4465648854961832,0.2681297709923664,0.1784351145038168,45556.56,6894.76
Indian,26324,Tandoori Cafe,Cafe,West Auckland,1.04,42.44,1518,174,7384.56,672,403,269,28519.68,17103.32,11416.36,0.212132799457759,0.350313313887455,0.33,15,4.43,1191.67,3231.14,3067.4,1839.53,3803.6,0.1146245059288537,0.4426877470355731,0.2654808959156785,0.1772068511198946,64423.92,11941.67
Indian,26067,Spice Tavern,Cafe,South Auckland,1.05,41.39,1707,222,9188.58,742,446,297,30711.38,18459.94,12292.83,0.2530756329,0.366731766890734,0.31,5,1.48,439.56,3493.43,2155.71,1295.75,4234.08,0.1300527240773286,0.434680726420621,0.2612770943175161,0.1739894551845342,70652.73,11178.97
Indian,26228,Curry Kitchen,QSR,West Auckland,1.04,43.04,892,88,3787.52,402,241,161,17302.08,10372.64,6929.44,0.218910074550658,0.4394827040378,0.27,15,4.43,713.23,1293.84,1238.95,742.76,1653.92,0.0986547085201793,0.4506726457399103,0.2701793721973094,0.1804932735426009,38391.68,4929.47
Japanese,25083,Lotus Tavern,Cafe,North Shore,1.03,35.12,1745,266,9341.92,813,444,222,28552.56,15593.28,7796.64,0.252295018173754,0.389916495326906,0.3,6,1.77,392.94,3342.43,1650.01,901.11,2396.61,0.1524355300859599,0.4659025787965616,0.2544412607449857,0.1272206303724928,61284.4,8290.16
Japanese,26362,Dragon Tavern,QSR,CBD,0.99,39.27,1525,187,7343.49,736,401,201,28902.72,15747.27,7893.27,0.257398884221911,0.438255575997755,0.27,4,1.18,237.18,2234.96,992.68,540.85,2165.1,0.1226229508196721,0.4826229508196721,0.2629508196721311,0.1318032786885246,59886.75,5933.59
Japanese,25365,Red Diner,Cafe,South Auckland,1.05,43.2,1430,141,6091.2,709,387,193,30628.8,16718.4,8337.6,0.20925327219069,0.410766398208216,0.28,5,1.48,285.64,2314.54,3062.28,1671.51,2882.48,0.0986013986013986,0.4958041958041958,0.2706293706293706,0.1349650349650349,61776.0,9930.81
Japanese,25003,Red Bistro,Cafe,North Shore,1.03,41.86,885,147,6153.42,406,221,111,16995.16,9251.06,4646.46,0.239052445217967,0.388262916076928,0.32,12,3.54,392.94,2293.29,895.38,487.39,1338.72,0.1661016949152542,0.4587570621468926,0.2497175141242938,0.1254237288135593,37046.1,5014.78
Japanese,25473,Red Grill,Cafe,North Shore,1.03,39.93,488,74,2954.82,228,124,62,9104.04,4951.32,2475.66,0.259624504745007,0.425284618884325,0.33,12,3.54,219.48,931.04,-135.73,-73.82,560.58,0.151639344262295,0.4672131147540984,0.2540983606557377,0.1270491803278688,19485.84,1282.0700000000002
Japanese,25781,Lotus Bistro,QSR,South Auckland,1.05,43.17,1546,127,5482.59,780,426,213,33672.6,18390.42,9195.21,0.260186133980751,0.359269827604294,0.31,9,2.66,566.58,2086.37,2375.4,1297.33,2932.6,0.0821474773609314,0.5045278137128072,0.2755498059508409,0.1377749029754204,66740.82,8691.7
Japanese,25591,Sakura Cafe,Cafe,CBD,0.99,31.33,1419,226,7080.58,656,358,179,20552.48,11216.14,5608.07,0.243087902143598,0.432264998438768,0.32,3,0.89,159.31,2298.69,95.51,52.12,1661.33,0.1592670894996476,0.4622973925299506,0.2522903453136011,0.1261451726568005,44457.27,4107.65
Japanese,25935,Lotus Diner,Ghost Kitchen,West Auckland,1.04,34.42,956,45,1548.9,501,273,137,17244.42,9396.66,4715.54,0.283478420670144,0.258798870642204,0.29,9,2.66,364.42,708.97,2892.28,1576.03,1793.99,0.0470711297071129,0.5240585774058577,0.2855648535564853,0.1433054393305439,32905.52,6971.2699999999995
Japanese,25539,Sakura Bistro,Cafe,South Auckland,1.05,44.31,993,106,4696.86,488,266,133,21623.28,11786.46,5893.23,0.226003334764391,0.433048424171284,0.27,6,1.77,235.41,1601.39,1534.13,836.23,1773.88,0.1067472306143001,0.4914400805639476,0.2678751258811682,0.1339375629405841,43999.83,5745.630000000001
Japanese,26082,Lotus House,QSR,North Shore,1.03,44.67,1615,185,8263.95,787,429,214,35155.29,19163.43,9559.38,0.205233752653003,0.39976404812187,0.3,12,3.54,757.56,3264.28,3339.83,1820.57,3018.42,0.1145510835913312,0.4873065015479876,0.2656346749226006,0.1325077399380805,72142.05,11443.1
Japanese,25981,Sakura Bistro,Cafe,CBD,0.99,30.58,533,77,2354.66,251,137,68,7675.58,4189.46,2079.44,0.233391352258623,0.369862145278603,0.31,7,2.07,140.76,934.2,665.83,363.42,684.25,0.1444652908067542,0.4709193245778612,0.2570356472795497,0.1275797373358349,16299.140000000001,2647.7000000000003
Japanese,26288,Sakura House,Cafe,CBD,0.99,42.78,1287,138,5903.64,632,345,172,27036.96,14759.1,7358.16,0.215248873904347,0.37668758155778,0.31,10,2.95,507.4,2409.06,2651.34,1447.33,2495.2,0.1072261072261072,0.491064491064491,0.2680652680652681,0.1336441336441336,55057.86,9002.93
Japanese,25315,Lotus Corner,Cafe,South Auckland,1.05,38.18,1620,186,7101.48,789,430,215,30124.02,16417.4,8208.7,0.268077057916671,0.382454255479388,0.31,14,4.13,887.95,2481.74,1188.96,647.97,1980.73,0.1148148148148148,0.487037037037037,0.2654320987654321,0.132716049382716,61851.600000000006,6299.4
Japanese,25739,Lotus Bistro,Cafe,South Auckland,1.05,47.19,905,89,4199.91,449,245,122,21188.31,11561.55,5757.18,0.205470814295113,0.378765724389814,0.27,17,5.02,612.44,1746.17,3088.48,1685.25,1781.19,0.098342541436464,0.4961325966850828,0.2707182320441988,0.1348066298342541,42706.950000000004,8301.09
Japanese,26252,Lotus Grill,Cafe,CBD,0.99,42.21,1414,151,6373.71,695,379,189,29335.95,15997.59,7977.69,0.253951702620834,0.41522876501549,0.28,6,1.77,334.53,2108.55,1490.84,812.99,2304.65,0.1067892503536067,0.4915134370579915,0.268033946251768,0.1336633663366336,59684.94,6717.030000000001
Japanese,25887,Sakura Kitchen,Cafe,North Shore,1.03,37.46,773,106,3970.76,367,200,100,13747.82,7492.0,3746.0,0.276952433399856,0.35245865508914,0.27,3,0.89,89.0,1471.52,1382.88,753.61,1299.23,0.1371280724450194,0.4747736093143596,0.258732212160414,0.129366106080207,28956.58,4907.24
Japanese,26134,Dragon Eatery,Cafe,South Auckland,1.05,34.23,761,127,4347.21,349,190,95,11946.27,6503.7,3251.85,0.230217788554728,0.36566522968933,0.29,15,4.43,420.85,1756.78,1363.27,742.18,893.28,0.16688567674113,0.4586070959264126,0.2496714848883048,0.1248357424441524,26049.03,4755.51
Japanese,25822,Golden House,QSR,West Auckland,1.04,36.27,623,61,2212.47,309,169,84,11207.43,6129.63,3046.68,0.25074455788359,0.400507799116895,0.27,3,0.89,74.76,771.59,882.56,482.69,987.76,0.0979133226324237,0.4959871589085072,0.2712680577849117,0.1348314606741573,22596.21,3124.6000000000004
Japanese,25932,Dragon Kitchen,QSR,South Auckland,1.05,36.85,586,67,2468.95,285,156,78,10502.25,5748.6,2874.3,0.213268913924694,0.407166295778006,0.31,5,1.48,115.44,937.13,730.59,399.9,975.54,0.114334470989761,0.4863481228668942,0.2662116040955631,0.1331058020477815,21594.100000000002,3043.16
Japanese,26017,Dragon Corner,Cafe,CBD,0.99,37.8,1640,226,8542.8,778,424,212,29408.4,16027.2,8013.6,0.239885733164847,0.439995340863243,0.3,6,1.77,375.24,2734.71,591.67,322.45,2190.07,0.1378048780487805,0.474390243902439,0.2585365853658536,0.1292682926829268,61991.99999999999,5838.9
Japanese,25044,Lotus Eatery,Cafe,West Auckland,1.04,33.95,764,111,3768.45,359,196,98,12188.05,6654.2,3327.1,0.268164317701012,0.374643553234637,0.32,9,2.66,260.68,1346.06,453.3,247.48,927.73,0.1452879581151832,0.4698952879581152,0.256544502617801,0.1282722513089005,25937.8,2974.5699999999997
Japanese,26137,Dragon Diner,Cafe,West Auckland,1.04,39.63,1415,162,6420.06,689,376,188,27305.07,14900.88,7450.44,0.255555464010686,0.416871739597991,0.33,8,2.36,443.68,2103.04,-66.27,-36.17,1996.88,0.1144876325088339,0.4869257950530035,0.2657243816254417,0.1328621908127208,56076.45,3997.48
Japanese,25252,Sakura Kitchen,QSR,West Auckland,1.04,33.06,561,55,1818.3,278,152,76,9190.68,5025.12,2512.56,0.252470248676837,0.392187587521039,0.32,15,4.43,336.68,646.12,324.82,177.6,556.14,0.0980392156862745,0.4955436720142602,0.2709447415329768,0.1354723707664884,18546.66,1704.6799999999998
Japanese,26344,Lotus Eatery,QSR,West Auckland,1.04,44.93,1297,96,4313.28,661,360,180,29698.73,16174.8,8087.4,0.2715962324664,0.416869679139927,0.3,8,2.36,424.8,1343.73,342.55,186.56,2094.7,0.0740169622205088,0.5096376252891287,0.2775636083269082,0.1387818041634541,58274.21,3967.54
Japanese,26261,Golden Cafe,QSR,West Auckland,1.04,35.8,578,71,2541.8,279,152,76,9988.2,5441.6,2720.8,0.202562803775072,0.444152637058869,0.29,9,2.66,202.16,897.98,632.1,344.37,759.06,0.1228373702422145,0.4826989619377163,0.2629757785467128,0.1314878892733564,20692.399999999998,2633.5099999999998
Japanese,26264,Red House,QSR,South Auckland,1.05,36.64,980,97,3554.08,486,265,132,17807.04,9709.6,4836.48,0.206409751083702,0.390127849741839,0.3,7,2.07,273.24,1433.94,1842.36,1004.58,1678.1,0.0989795918367346,0.4959183673469388,0.2704081632653061,0.1346938775510204,35907.2,5958.98
Japanese,26455,Dragon Bistro,Cafe,West Auckland,1.04,43.12,527,80,3449.6,246,134,67,10607.52,5778.08,2889.04,0.26350287489593,0.391973115503788,0.29,7,2.07,138.69,1188.47,578.36,315.04,856.65,0.1518026565464895,0.4667931688804554,0.25426944971537,0.127134724857685,22724.24,2938.52
Japanese,26428,Golden Corner,Ghost Kitchen,South Auckland,1.05,35.81,1422,105,3760.05,724,395,198,25926.44,14144.95,7090.38,0.296076073311269,0.216479023674037,0.3,8,2.36,467.28,1832.82,4859.78,2651.4,2988.89,0.0738396624472573,0.509142053445851,0.2777777777777778,0.1392405063291139,50921.82,12332.89
Japanese,25836,Golden Kitchen,Cafe,North Shore,1.03,34.88,601,59,2057.92,298,163,81,10394.24,5685.44,2825.28,0.243954891506583,0.390905472170562,0.31,6,1.77,143.37,751.43,573.13,313.49,888.25,0.0981697171381031,0.4958402662229617,0.2712146422628951,0.1347753743760399,20962.879999999997,2526.3
Japanese,25397,Red Cafe,QSR,South Auckland,1.05,36.9,944,101,3726.9,464,253,126,17121.6,9335.7,4649.4,0.207561242450029,0.427623540931381,0.31,15,4.43,558.18,1359.63,938.52,511.74,1137.99,0.1069915254237288,0.4915254237288136,0.2680084745762712,0.1334745762711864,34833.6,3947.88
Japanese,25824,Golden Corner,Ghost Kitchen,North Shore,1.03,34.11,1304,50,1705.5,690,376,188,23535.9,12825.36,6412.68,0.266505319287535,0.293576010724064,0.3,12,3.54,665.52,750.28,3293.11,1794.51,2155.54,0.0383435582822085,0.5291411042944786,0.2883435582822086,0.1441717791411043,44479.44,7993.4400000000005
Japanese,26069,Dragon Cafe,Ghost Kitchen,South Auckland,1.05,36.49,673,32,1167.68,353,192,96,12880.97,7006.08,3503.04,0.283546177088283,0.223205912869889,0.31,8,2.36,226.56,575.96,2360.41,1283.85,1501.31,0.0475482912332838,0.524517087667162,0.2852897473997028,0.1426448736998514,24557.77,5721.529999999999
Japanese,25182,Red Grill,QSR,South Auckland,1.05,36.11,871,100,3611.0,424,231,116,15310.64,8341.41,4188.76,0.210995952431113,0.449590543820523,0.33,18,5.31,615.96,1225.62,144.13,78.52,805.76,0.1148105625717566,0.4867967853042479,0.2652123995407577,0.1331802525832376,31451.809999999998,2254.0299999999997
Japanese,25627,Golden House,QSR,CBD,0.99,41.78,822,88,3676.64,404,220,110,16879.12,9191.6,4595.8,0.229561720807105,0.378747975663282,0.28,12,3.54,389.4,1440.1,1885.23,1026.61,1410.73,0.1070559610705596,0.4914841849148418,0.267639902676399,0.1338199513381995,34343.16,5762.67
Japanese,25858,Dragon Cafe,QSR,CBD,0.99,30.34,1390,181,5491.54,665,363,181,20176.1,11013.42,5491.54,0.233027175273746,0.432163921068422,0.28,9,2.66,481.46,1838.62,1105.83,603.63,1357.16,0.1302158273381295,0.4784172661870504,0.2611510791366906,0.1302158273381295,42172.6,4905.24
Japanese,25793,Golden Bistro,QSR,North Shore,1.03,44.46,1322,109,4846.14,667,364,182,29654.82,16183.44,8091.72,0.220565613862127,0.364827864221297,0.32,9,2.66,484.12,2009.24,2805.54,1531.06,2870.76,0.0824508320726172,0.5045385779122542,0.2753403933434191,0.1376701966717095,58776.12,9216.6
Japanese,25874,Lotus House,Cafe,South Auckland,1.05,37.47,1752,201,7531.47,853,465,233,31961.91,17423.55,8730.51,0.26584056744352,0.435349240200594,0.32,11,3.25,757.25,2250.48,-677.27,-369.2,1851.52,0.1147260273972602,0.4868721461187215,0.2654109589041096,0.1329908675799087,65647.43999999999,3055.5299999999997
Japanese,26155,Sakura Eatery,Cafe,West Auckland,1.04,32.14,1366,208,6685.12,637,347,174,20473.18,11152.58,5592.36,0.275439679753035,0.368579049757682,0.3,17,5.02,873.48,2379.78,1146.11,624.34,1117.3,0.1522693997071742,0.4663250366032211,0.2540263543191801,0.1273792093704246,43903.24,5267.530000000001
Japanese,26398,Red Kitchen,Cafe,South Auckland,1.05,33.94,1485,182,6177.08,717,391,195,24334.98,13270.54,6618.3,0.214547459892929,0.38085606188979,0.31,14,4.13,805.35,2499.22,2302.0,1255.35,1872.39,0.1225589225589225,0.4828282828282828,0.2632996632996633,0.1313131313131313,50400.9,7928.96
Japanese,26548,Lotus Corner,Cafe,West Auckland,1.04,40.76,799,79,3220.04,396,216,108,16140.96,8804.16,4402.08,0.27363631747663,0.390719757275656,0.31,13,3.84,414.72,1080.79,413.92,225.77,1062.81,0.0988735919899874,0.4956195244055069,0.2703379224030037,0.1351689612015018,32567.239999999998,2783.29
Japanese,26366,Dragon Diner,QSR,CBD,0.99,36.78,773,76,2795.28,383,209,105,14086.74,7687.02,3861.9,0.211343498751521,0.407948419544846,0.28,14,4.13,433.65,1064.19,1418.65,774.15,1036.61,0.0983182406209573,0.4954721862871927,0.2703751617076326,0.1358344113842173,28430.940000000002,4293.6
Japanese,26608,Dragon Grill,QSR,CBD,0.99,36.8,661,54,1987.2,334,182,91,12291.2,6697.6,3348.8,0.244970485251397,0.350810357718728,0.3,6,1.77,161.07,803.26,1280.98,698.02,1192.58,0.0816944024205748,0.5052950075642966,0.2753403933434191,0.1376701966717095,24324.8,3974.8399999999997
Japanese,25191,Red Kitchen,QSR,West Auckland,1.04,43.31,809,93,4027.83,394,215,107,17064.14,9311.65,4634.17,0.21593373876065,0.364275915338658,0.28,13,3.84,410.88,1690.84,2385.4,1301.68,1534.5,0.1149567367119901,0.4870210135970333,0.2657601977750309,0.1322620519159456,35037.79,6912.42
Japanese,26056,Red Kitchen,QSR,North Shore,1.03,44.7,661,60,2682.0,331,180,90,14795.7,8046.0,4023.0,0.209457493200898,0.384090273454785,0.29,5,1.48,133.2,1090.1,1722.99,936.97,1501.96,0.0907715582450832,0.5007564296520424,0.2723146747352496,0.1361573373676248,29546.7,5252.02
Japanese,25561,Red Eatery,QSR,North Shore,1.03,33.82,765,69,2333.58,383,209,104,12953.06,7068.38,3517.28,0.24942880243063,0.417320055817254,0.27,12,3.54,368.16,777.67,819.3,447.08,803.98,0.0901960784313725,0.5006535947712418,0.2732026143790849,0.1359477124183006,25872.3,2848.0299999999997
Japanese,26206,Sakura House,Ghost Kitchen,South Auckland,1.05,38.27,492,23,880.21,258,141,70,9873.66,5396.07,2678.9,0.278013643261511,0.205571948923171,0.29,18,5.31,371.7,454.55,2235.54,1221.75,1011.72,0.0467479674796747,0.524390243902439,0.2865853658536585,0.1422764227642276,18828.84,4923.56
Japanese,25884,Sakura Corner,QSR,CBD,0.99,40.79,755,92,3752.68,365,199,99,14888.35,8117.21,4038.21,0.260912698004395,0.355794575531036,0.29,15,4.43,438.57,1438.37,1388.97,757.28,1109.25,0.1218543046357615,0.4834437086092715,0.2635761589403974,0.1311258278145695,30796.449999999997,4693.87
Japanese,25523,Golden Kitchen,QSR,West Auckland,1.04,39.26,1523,125,4907.5,769,419,210,30190.94,16449.94,8244.6,0.245123394969851,0.414689913997427,0.28,5,1.48,310.8,1669.47,1817.09,990.07,2493.9,0.0820748522652659,0.504924491135916,0.2751149047931713,0.1378857518056467,59792.98,6970.530000000001
Japanese,26048,Sakura Tavern,QSR,North Shore,1.03,41.53,544,58,2408.74,267,146,73,11088.51,6063.38,3031.69,0.201183567494154,0.428493036120199,0.32,9,2.66,194.18,892.01,558.01,305.13,928.53,0.1066176470588235,0.4908088235294117,0.2683823529411764,0.1341911764705882,22592.32,2683.6800000000003
Japanese,26240,Dragon Bistro,QSR,North Shore,1.03,44.24,1665,178,7874.72,818,446,223,36188.32,19731.04,9865.52,0.229306232444942,0.405727084749378,0.31,11,3.25,724.75,2874.01,1989.15,1084.55,2875.84,0.1069069069069069,0.4912912912912913,0.2678678678678678,0.1339339339339339,73659.6,8823.55
Japanese,26418,Lotus Eatery,QSR,West Auckland,1.04,43.92,959,110,4831.2,467,255,127,20510.64,11199.6,5577.84,0.254194249343127,0.394716511690058,0.32,3,0.89,113.03,1696.18,637.66,348.19,1845.29,0.1147028154327424,0.4869655891553702,0.2659019812304484,0.132429614181439,42119.28,4527.32
Japanese,26029,Sakura Grill,QSR,South Auckland,1.05,38.48,1000,99,3809.52,496,270,135,19086.08,10389.6,5194.8,0.269834992289543,0.40424062886741,0.33,5,1.48,199.8,1241.62,-77.79,-42.34,1493.31,0.099,0.496,0.27,0.135,38480.00000000001,2614.8
Japanese,25019,Dragon House,Cafe,West Auckland,1.04,39.08,1642,149,5822.92,821,448,224,32084.68,17507.84,8753.92,0.229025999736041,0.363543053902686,0.28,13,3.84,860.16,2372.44,4088.58,2231.04,2706.46,0.0907429963459196,0.5,0.2728380024360536,0.1364190012180268,64169.36,11398.52
Japanese,25008,Golden Bistro,Ghost Kitchen,CBD,0.99,33.6,1402,115,3864.0,708,386,193,23788.8,12969.6,6484.8,0.296795365330763,0.275661605480127,0.28,6,1.77,341.61,1652.03,3509.87,1913.57,2430.92,0.0820256776034236,0.5049928673323824,0.275320970042796,0.137660485021398,47107.200000000004,9506.39
Japanese,25168,Sakura Grill,QSR,CBD,0.99,36.66,441,40,1466.4,221,120,60,8101.86,4399.2,2199.6,0.269316739570349,0.397792466287501,0.3,3,0.89,53.4,488.15,266.48,144.69,678.83,0.0907029478458049,0.5011337868480725,0.272108843537415,0.1360544217687075,16167.06,1578.15
Japanese,25575,Red Cafe,Ghost Kitchen,North Shore,1.03,46.05,1595,118,5433.9,812,443,222,37392.6,20400.15,10223.1,0.262201234011445,0.206482939631678,0.31,3,0.89,197.58,2887.12,8275.57,4514.88,5234.11,0.0739811912225705,0.509090909090909,0.2777429467084639,0.1391849529780564,73449.75,20911.68
Japanese,26181,Lotus Diner,QSR,South Auckland,1.05,39.53,1365,167,6601.51,659,359,180,26050.27,14191.27,7115.4,0.225995636582375,0.425437678606249,0.33,8,2.36,424.8,2301.07,483.67,263.48,2055.39,0.1223443223443223,0.4827838827838828,0.263003663003663,0.1318681318681318,53958.450000000004,5103.610000000001
Japanese,26425,Red Bistro,Cafe,West Auckland,1.04,45.01,1064,138,6211.38,509,278,139,22910.09,12512.78,6256.39,0.219707919154316,0.39908913038671,0.31,11,3.25,451.75,2367.8,1631.27,890.95,1933.2,0.1296992481203007,0.4783834586466165,0.2612781954887218,0.1306390977443609,47890.64,6823.22
Japanese,26385,Sakura House,Ghost Kitchen,CBD,0.99,34.19,1437,106,3624.14,732,399,200,25027.08,13641.81,6838.0,0.29333988414146,0.2669478087686,0.31,14,4.13,826.0,1593.58,3246.32,1769.51,2180.75,0.0737647877522616,0.5093945720250522,0.2776617954070981,0.139178844815588,49131.03,8790.16
Japanese,26518,Lotus Tavern,Cafe,CBD,0.99,30.07,566,60,1804.2,278,152,76,8359.46,4570.64,2285.32,0.250124883279204,0.39169642527122,0.32,12,3.54,269.04,646.23,319.15,174.5,549.51,0.1060070671378091,0.4911660777385159,0.2685512367491166,0.1342756183745583,17019.62,1689.39
Japanese,26213,Golden House,QSR,North Shore,1.03,34.81,1428,117,4072.77,721,393,197,25098.01,13680.33,6857.57,0.224662753120065,0.401254094415344,0.27,7,2.07,407.79,1523.55,2612.28,1423.89,2157.51,0.0819327731092437,0.5049019607843137,0.2752100840336134,0.1379551820728291,49708.68,7717.2300000000005
Japanese,26037,Dragon Diner,QSR,CBD,0.99,41.15,1458,132,5431.8,729,398,199,29998.35,16377.7,8188.85,0.272327847611159,0.424706685147248,0.28,10,2.95,587.05,1645.65,688.93,376.12,1893.89,0.0905349794238683,0.5,0.2729766803840878,0.1364883401920439,59996.700000000004,4604.59
Japanese,25676,Lotus Corner,Cafe,South Auckland,1.05,37.75,1449,231,8720.25,670,365,183,25292.5,13778.75,6908.25,0.232736262306571,0.377446999866515,0.28,12,3.54,647.82,3399.3,2777.54,1513.14,2045.13,0.1594202898550724,0.4623878536922015,0.2518978605935127,0.1262939958592132,54699.75,9735.11
Japanese,26202,Lotus Cafe,Ghost Kitchen,North Shore,1.03,39.39,742,48,1890.72,382,208,104,15046.98,8193.12,4096.56,0.282787777285557,0.325283242308069,0.28,10,2.95,306.8,741.03,1684.19,917.05,1298.76,0.0646900269541779,0.5148247978436657,0.2803234501347709,0.1401617250673854,29227.38,4641.030000000001
Japanese,26554,Sakura Kitchen,Cafe,West Auckland,1.04,42.93,1272,146,6267.78,619,338,169,26573.67,14510.34,7255.17,0.259760280065238,0.409047899232246,0.33,17,5.02,848.38,2075.84,31.67,17.29,1554.47,0.1147798742138364,0.4866352201257861,0.2657232704402515,0.1328616352201257,54606.95999999999,3679.2700000000004
Japanese,25787,Lotus Cafe,QSR,West Auckland,1.04,44.71,990,90,4023.9,495,270,135,22131.45,12071.7,6035.85,0.263192797061056,0.371279262425378,0.29,15,4.43,598.05,1470.85,1671.54,911.75,1608.22,0.0909090909090909,0.5,0.2727272727272727,0.1363636363636363,44262.9,5662.36
Japanese,26034,Golden House,QSR,West Auckland,1.04,46.27,531,69,3192.63,254,139,69,11752.58,6431.53,3192.63,0.209463530443609,0.448409099434502,0.29,17,5.02,346.38,1092.29,612.63,335.26,745.91,0.1299435028248587,0.4783427495291902,0.2617702448210923,0.1299435028248587,24569.37,2786.09
Japanese,25184,Dragon Cafe,QSR,North Shore,1.03,41.57,1243,152,6318.64,600,327,164,24942.0,13593.39,6817.48,0.227811310086399,0.426582223828882,0.28,16,4.72,774.08,2183.76,1636.36,891.81,1582.09,0.1222847948511665,0.4827031375703942,0.2630732099758648,0.1319388576025744,51671.509999999995,6294.02
Japanese,25348,Red Tavern,Cafe,South Auckland,1.05,39.66,1327,221,8764.86,608,332,166,24113.28,13167.12,6583.56,0.260996655020863,0.356645783153363,0.32,5,1.48,245.68,3351.31,1503.65,821.07,2271.59,0.1665410700828937,0.4581763376036172,0.2501883948756593,0.1250941974378296,52628.82,7947.62
Japanese,25643,Red Bistro,Ghost Kitchen,CBD,0.99,43.23,1096,62,2680.26,569,310,155,24597.87,13401.3,6700.65,0.29654417039128,0.272076312650461,0.31,15,4.43,686.65,1156.21,2985.68,1626.64,2203.87,0.0565693430656934,0.5191605839416058,0.2828467153284671,0.1414233576642335,47380.079999999994,7972.4
Japanese,25226,Red Corner,Cafe,West Auckland,1.04,37.52,767,105,3939.6,364,199,99,13657.28,7466.48,3714.48,0.238916006330401,0.408436138019897,0.29,17,5.02,496.98,1389.29,855.6,467.76,812.92,0.1368970013037809,0.4745762711864407,0.2594524119947848,0.1290743155149935,28777.84,3525.5699999999997
Japanese,26365,Lotus Grill,QSR,North Shore,1.03,38.36,864,78,2992.08,432,236,118,16571.52,9052.96,4526.48,0.276877369564027,0.428101296280511,0.31,11,3.25,383.5,882.73,-248.22,-135.6,951.91,0.0902777777777777,0.5,0.2731481481481481,0.136574074074074,33143.03999999999,1450.82
Japanese,25635,Sakura Bistro,QSR,West Auckland,1.04,40.27,1232,101,4067.27,622,339,170,25047.94,13651.53,6845.9,0.201740783452988,0.427386291883886,0.3,11,3.25,552.5,1508.44,1775.22,967.52,1986.46,0.0819805194805194,0.5048701298701299,0.2751623376623376,0.137987012987013,49612.64,6237.64
Japanese,25080,Dragon Cafe,QSR,South Auckland,1.05,43.46,1609,132,5736.72,812,443,222,35289.52,19252.78,9648.12,0.23662826968357,0.389586268132552,0.27,7,2.07,459.54,2144.3,3662.54,1998.16,3146.79,0.0820385332504661,0.5046612802983219,0.2753262896208825,0.1379738968303294,69927.14,10951.79
Japanese,26328,Sakura House,Cafe,North Shore,1.03,36.91,1525,175,6459.25,743,405,202,27424.13,14948.55,7455.82,0.226427937857807,0.432532472116873,0.28,4,1.18,238.36,2202.86,1673.96,912.45,2304.37,0.1147540983606557,0.4872131147540983,0.2655737704918032,0.1324590163934426,56287.75000000001,7093.64
Japanese,26084,Lotus Eatery,Cafe,South Auckland,1.05,40.42,1561,203,8205.26,747,407,204,30193.74,16450.94,8245.68,0.224783056583256,0.39191586538218,0.31,3,0.89,181.56,3145.09,2213.23,1205.87,2979.02,0.1300448430493273,0.478539397821909,0.2607303010890455,0.1306854580397181,63095.62,9543.21
Japanese,26326,Golden Kitchen,Cafe,South Auckland,1.05,44.18,1483,134,5920.12,742,405,202,32781.56,17892.9,8924.36,0.2578007145226,0.38243853955064,0.29,11,3.25,656.5,2129.83,2286.87,1248.22,2554.13,0.0903573836817262,0.5003371544167229,0.2730950775455158,0.136210384356035,65518.94,8219.05
Japanese,25680,Dragon Cafe,Cafe,South Auckland,1.05,37.7,991,121,4561.7,479,261,130,18058.3,9839.7,4901.0,0.219805196989328,0.412271771416999,0.31,7,2.07,269.1,1678.35,1045.99,569.95,1534.09,0.1220988900100908,0.4833501513622603,0.2633703329969727,0.1311806256306761,37360.7,4828.38
Japanese,25990,Red Grill,Cafe,South Auckland,1.05,41.45,841,134,5554.3,389,212,106,16124.05,8787.4,4393.7,0.258344795964658,0.386462966701947,0.32,17,5.02,532.12,1972.84,567.44,309.25,1028.49,0.159334126040428,0.4625445897740785,0.2520808561236623,0.1260404280618311,34859.45,3878.0199999999995
Japanese,26572,Lotus House,QSR,West Auckland,1.04,32.31,639,78,2520.18,309,168,84,9983.79,5428.08,2714.04,0.222789005693048,0.391756868897937,0.32,4,1.18,99.12,971.41,653.48,355.29,947.02,0.1220657276995305,0.4835680751173709,0.2629107981220657,0.1314553990610328,20646.090000000004,2927.2
Japanese,26332,Golden Bistro,Cafe,North Shore,1.03,37.55,1449,210,7885.5,681,372,186,25571.55,13968.6,6984.3,0.27624335212633,0.388164146267809,0.28,9,2.66,494.76,2646.31,1421.59,776.55,1849.12,0.144927536231884,0.4699792960662526,0.2567287784679089,0.1283643892339544,54409.950000000004,6693.57
Japanese,25626,Golden Diner,Cafe,South Auckland,1.05,31.84,1549,178,5667.52,754,411,206,24007.36,13086.24,6559.04,0.242263051830232,0.423438486363739,0.32,10,2.95,607.7,1894.64,343.27,187.11,1584.98,0.1149128469980632,0.486765655261459,0.2653324725629438,0.1329890251775339,49320.16,4010.0
Japanese,26162,Sakura Corner,QSR,North Shore,1.03,43.02,901,74,3183.48,455,248,124,19574.1,10668.96,5334.48,0.274492172040045,0.357641595508903,0.28,10,2.95,365.8,1171.09,1719.9,937.44,1596.58,0.0821309655937846,0.5049944506104328,0.2752497225305216,0.1376248612652608,38761.01999999999,5425.01
Japanese,25950,Golden Kitchen,QSR,West Auckland,1.04,40.48,1417,163,6598.24,690,376,188,27931.2,15220.48,7610.24,0.263979020509869,0.443158024945296,0.28,18,5.31,998.28,1932.38,359.28,195.78,1230.48,0.1150317572335921,0.4869442484121383,0.265349329569513,0.1326746647847565,57360.159999999996,3717.92
Japanese,26474,Red Tavern,Cafe,North Shore,1.03,40.01,656,100,4001.0,306,167,83,12243.06,6681.67,3320.83,0.215015463903546,0.429638663143851,0.28,4,1.18,97.94,1421.74,922.46,503.44,1082.1,0.1524390243902439,0.4664634146341463,0.2545731707317073,0.1265243902439024,26246.559999999998,3929.74
Japanese,25262,Golden Corner,Ghost Kitchen,West Auckland,1.04,46.27,1126,32,1480.64,602,328,164,27854.54,15176.56,7588.28,0.28876749642659,0.316839593322948,0.32,3,0.89,145.96,583.95,2072.18,1129.03,2846.8,0.0284191829484902,0.5346358792184724,0.2912966252220249,0.1456483126110124,52100.02,6631.96
Japanese,25721,Dragon Corner,Cafe,North Shore,1.03,44.47,1361,207,9205.29,635,346,173,28238.45,15386.62,7693.31,0.224978579562157,0.397193155204877,0.31,10,2.95,510.35,3478.02,1915.37,1043.65,2396.4,0.1520940484937546,0.4665686994856723,0.2542248346803821,0.127112417340191,60523.670000000006,8833.439999999999
Japanese,25105,Sakura Grill,Cafe,West Auckland,1.04,44.69,1238,132,5899.08,608,332,166,27171.52,14837.08,7418.54,0.212421130873263,0.440803884435445,0.27,4,1.18,195.88,2045.65,2086.09,1139.12,2376.68,0.1066235864297253,0.4911147011308562,0.2681744749596123,0.1340872374798061,55326.22,7647.539999999999
Japanese,26663,Sakura Grill,QSR,South Auckland,1.05,43.37,818,94,4076.78,398,217,109,17261.26,9411.29,4727.33,0.273267864510417,0.373013900662772,0.31,7,2.07,225.63,1442.03,754.63,411.44,1446.51,0.1149144254278728,0.4865525672371638,0.265281173594132,0.1332518337408313,35476.659999999996,4054.6099999999997
Japanese,25544,Golden Grill,QSR,CBD,0.99,37.56,1331,153,5746.68,648,353,177,24338.88,13258.68,6648.12,0.277365746442229,0.43348258768674,0.28,18,5.31,939.87,1661.66,222.74,121.34,982.44,0.1149511645379414,0.4868519909842224,0.2652141247182569,0.1329827197595792,49992.36000000001,2988.1800000000003
Japanese,25222,Golden Kitchen,Ghost Kitchen,South Auckland,1.05,44.92,665,43,1931.56,342,187,93,15362.64,8400.04,4177.56,0.284354734490626,0.235236591240391,0.29,9,2.66,247.38,927.94,2925.18,1599.44,1759.56,0.0646616541353383,0.5142857142857142,0.281203007518797,0.1398496240601503,29871.800000000003,7212.119999999999
Japanese,26596,Sakura Eatery,QSR,West Auckland,1.04,35.63,1532,126,4489.38,773,422,211,27541.99,15035.86,7517.93,0.213268640618771,0.39847880192101,0.31,4,1.18,248.98,1743.01,2155.23,1176.59,2669.88,0.0822454308093994,0.5045691906005222,0.2754569190600522,0.1377284595300261,54585.16,7744.71
Japanese,25343,Dragon Cafe,Cafe,South Auckland,1.05,32.59,1588,219,7137.21,753,411,205,24540.27,13394.49,6680.95,0.276790069248527,0.37885438776575,0.3,14,4.13,846.65,2457.74,1088.5,594.12,1453.97,0.1379093198992443,0.4741813602015113,0.258816120906801,0.1290931989924433,51752.92,5594.33
Japanese,25991,Lotus Eatery,QSR,South Auckland,1.05,36.46,1302,149,5432.54,634,346,173,23115.64,12615.16,6307.58,0.217342791967094,0.380982106854208,0.27,7,2.07,358.11,2182.12,3043.75,1661.1,2175.49,0.1144393241167434,0.4869431643625192,0.2657450076804915,0.1328725038402457,47470.92,9062.46
Kebabs/Mediterranean,26602,Mediterranean Bistro,QSR,West Auckland,1.04,33.46,634,47,1572.62,323,176,88,10807.58,5888.96,2944.48,0.201225140802562,0.418291948293336,0.31,13,3.84,337.92,598.36,761.75,415.07,782.4,0.0741324921135646,0.5094637223974764,0.277602523659306,0.138801261829653,21213.64,2557.58
Kebabs/Mediterranean,25091,Spice Eatery,QSR,West Auckland,1.04,45.92,776,95,4362.4,375,204,102,17220.0,9367.68,4683.84,0.277301201038063,0.378922408702783,0.3,6,1.77,180.54,1499.69,753.83,410.08,1429.65,0.1224226804123711,0.4832474226804124,0.2628865979381443,0.1314432989690721,35633.92,4093.25
Kebabs/Mediterranean,25614,Greek Grill,Ghost Kitchen,West Auckland,1.04,42.6,532,25,1065.0,279,152,76,11885.4,6475.2,3237.6,0.266277984890621,0.221162783249747,0.28,4,1.18,89.68,545.88,2764.06,1505.87,1569.78,0.0469924812030075,0.5244360902255639,0.2857142857142857,0.1428571428571428,22663.199999999997,6385.589999999999
Kebabs/Mediterranean,26223,Spice Kitchen,QSR,CBD,0.99,31.53,1159,105,3310.65,580,316,158,18287.4,9963.48,4981.74,0.253054095152766,0.443018969800323,0.31,4,1.18,186.44,1006.2,-111.06,-60.51,1327.64,0.090595340811044,0.5004314063848145,0.272648835202761,0.1363244176013805,36543.270000000004,2162.2700000000004
Kebabs/Mediterranean,25024,Souvlaki Eatery,Ghost Kitchen,West Auckland,1.04,35.37,1141,54,1909.98,598,326,163,21151.26,11530.62,5765.31,0.255490079778247,0.292746339703444,0.27,10,2.95,480.85,862.86,3844.53,2095.85,2123.71,0.0473269062226117,0.5241016652059597,0.2857142857142857,0.1428571428571428,40357.17,8926.95
Kebabs/Mediterranean,25289,Greek Bistro,QSR,West Auckland,1.04,34.89,789,65,2267.85,398,217,109,13886.22,7571.13,3803.01,0.254023479968309,0.418164386041462,0.31,17,5.02,547.18,743.43,247.34,134.86,699.49,0.082382762991128,0.5044359949302915,0.2750316856780735,0.1381495564005069,27528.21,1825.1200000000001
Kebabs/Mediterranean,25007,Greek Cafe,Cafe,South Auckland,1.05,33.52,734,95,3184.4,351,192,96,11765.52,6435.84,3217.92,0.236895952448249,0.400437305308878,0.31,13,3.84,368.64,1154.88,619.65,338.95,798.39,0.1294277929155313,0.4782016348773842,0.2615803814713896,0.1307901907356948,24603.68,2911.87
Kebabs/Mediterranean,26611,Souvlaki House,Cafe,West Auckland,1.04,40.69,1066,79,3214.51,543,296,148,22094.67,12044.24,6022.12,0.259203197583556,0.421712190238759,0.27,16,4.72,698.56,1025.7,1084.51,591.19,1223.01,0.074108818011257,0.5093808630393997,0.2776735459662289,0.1388367729831144,43375.54,3924.41
Kebabs/Mediterranean,25980,Mediterranean Diner,Cafe,North Shore,1.03,43.12,1379,113,4872.56,696,380,190,30011.52,16385.6,8192.8,0.202285920605063,0.376177825545892,0.28,18,5.31,1008.9,2053.96,4247.72,2319.16,2444.66,0.0819434372733865,0.504713560551124,0.2755620014503263,0.1377810007251631,59462.479999999996,11065.5
Kebabs/Mediterranean,26125,Souvlaki Cafe,QSR,South Auckland,1.05,45.72,739,85,3886.2,360,196,98,16459.2,8961.12,4480.56,0.242075206153095,0.362840295652859,0.3,17,5.02,491.96,1535.38,1565.01,852.06,1278.24,0.115020297699594,0.4871447902571042,0.2652232746955345,0.1326116373477672,33787.08,5230.6900000000005
Kebabs/Mediterranean,26475,Greek Tavern,Cafe,South Auckland,1.05,43.63,554,68,2966.84,267,146,73,11649.21,6369.98,3184.99,0.248891774062067,0.402402316173539,0.32,11,3.25,237.25,1034.55,334.4,182.86,873.37,0.1227436823104693,0.4819494584837545,0.2635379061371841,0.131768953068592,24171.019999999997,2425.18
Kebabs/Mediterranean,26502,Mediterranean House,Ghost Kitchen,CBD,0.99,40.08,491,40,1603.2,248,135,68,9939.84,5410.8,2725.44,0.276130198792089,0.246165007574018,0.3,16,4.72,320.96,765.86,1766.36,961.53,981.0,0.0814663951120163,0.505091649694501,0.2749490835030549,0.1384928716904277,19679.28,4474.75
Kebabs/Mediterranean,25288,Mediterranean House,QSR,West Auckland,1.04,45.09,1015,92,4148.28,508,277,138,22905.72,12489.93,6222.42,0.216415446083993,0.364264163793996,0.29,4,1.18,162.84,1739.46,2962.18,1615.2,2446.35,0.0906403940886699,0.5004926108374385,0.2729064039408867,0.1359605911330049,45766.35,8763.189999999999
Kebabs/Mediterranean,25225,Souvlaki Bistro,QSR,West Auckland,1.04,46.53,819,81,3768.93,406,221,111,18891.18,10283.13,5164.83,0.262682405784726,0.401916302880272,0.3,8,2.36,261.96,1264.1,668.77,364.04,1470.33,0.0989010989010989,0.4957264957264957,0.2698412698412698,0.1355311355311355,38108.07,3767.24
Kebabs/Mediterranean,25454,Ottoman Tavern,QSR,West Auckland,1.04,39.95,823,81,3235.95,408,223,111,16299.6,8908.85,4434.45,0.256565088704228,0.421104991156608,0.29,13,3.84,426.24,1043.04,526.96,288.02,1003.12,0.0984204131227217,0.4957472660996355,0.2709599027946537,0.134872417982989,32878.85,2861.14
Kebabs/Mediterranean,25248,Spice Diner,Ghost Kitchen,South Auckland,1.05,33.77,603,49,1654.73,305,166,83,10299.85,5605.82,2802.91,0.283417476492468,0.303180989366956,0.31,5,1.48,122.84,684.07,1065.02,579.65,1035.89,0.0812603648424544,0.5058043117744611,0.2752902155887231,0.1376451077943615,20363.31,3364.63
Kebabs/Mediterranean,25371,Ottoman Diner,Cafe,CBD,0.99,35.67,711,64,2282.88,356,194,97,12698.52,6919.98,3459.99,0.225877578500658,0.355963769042864,0.31,14,4.13,400.61,954.61,1373.45,748.46,1046.21,0.090014064697609,0.5007032348804501,0.2728551336146272,0.1364275668073136,25361.370000000003,4122.73
Kebabs/Mediterranean,26629,Souvlaki Grill,Cafe,West Auckland,1.04,38.33,763,99,3794.67,365,199,100,13990.45,7627.67,3833.0,0.257246895227581,0.447942201863043,0.28,17,5.02,502.0,1118.71,207.21,112.97,628.01,0.1297509829619921,0.4783748361730013,0.2608125819134993,0.1310615989515072,29245.79,2066.9
Kebabs/Mediterranean,25943,Spice Bistro,Cafe,South Auckland,1.05,36.29,880,87,3157.23,436,238,119,15822.44,8637.02,4318.51,0.251256800014526,0.375119053549133,0.28,13,3.84,456.96,1179.62,1481.36,808.63,1156.54,0.0988636363636363,0.4954545454545455,0.2704545454545454,0.1352272727272727,31935.200000000004,4626.15
Kebabs/Mediterranean,25016,Greek House,Ghost Kitchen,CBD,0.99,32.39,1544,101,3271.39,794,433,216,25717.66,14024.87,6996.24,0.253185342159122,0.264860429789405,0.31,13,3.84,829.44,1576.66,4422.26,2411.64,2542.43,0.0654145077720207,0.5142487046632125,0.280440414507772,0.1398963730569948,50010.159999999996,10952.99
Kebabs/Mediterranean,25740,Mediterranean Corner,QSR,CBD,0.99,41.47,1106,135,5598.45,534,291,146,22144.98,12067.77,6054.62,0.242561650462449,0.398084158846177,0.29,12,3.54,516.84,2011.83,1535.85,836.95,1658.91,0.1220614828209765,0.4828209764918625,0.2631103074141049,0.132007233273056,45865.82,6043.54
Kebabs/Mediterranean,26124,Mediterranean Tavern,QSR,West Auckland,1.04,32.43,1426,175,5675.25,688,375,188,22311.84,12161.25,6096.84,0.25688427304849,0.368377372855321,0.29,4,1.18,221.84,2126.73,1890.67,1030.52,2062.88,0.1227208976157082,0.4824684431977559,0.2629733520336605,0.1318373071528751,46245.17999999999,7110.8
Kebabs/Mediterranean,25789,Spice Eatery,QSR,South Auckland,1.05,32.44,1444,166,5385.04,703,383,192,22805.32,12424.52,6228.48,0.273825882058591,0.4353035336826,0.31,7,2.07,397.44,1566.35,-436.25,-237.67,1414.24,0.1149584487534626,0.4868421052631579,0.2652354570637119,0.1329639889196676,46843.36,2306.67
Kebabs/Mediterranean,26350,Ottoman Corner,Cafe,CBD,0.99,43.19,988,121,5225.99,477,260,130,20601.63,11229.4,5614.7,0.257561586480588,0.395663524908014,0.27,5,1.48,192.4,1812.24,1581.69,862.14,1754.64,0.1224696356275303,0.4827935222672064,0.2631578947368421,0.131578947368421,42671.72,6010.710000000001
Kebabs/Mediterranean,26383,Spice Grill,Ghost Kitchen,CBD,0.99,43.64,909,75,3273.0,459,250,125,20030.76,10910.0,5455.0,0.288354203477502,0.245657608332112,0.31,11,3.25,406.25,1525.18,3124.56,1701.83,2135.72,0.0825082508250825,0.504950495049505,0.275027502750275,0.1375137513751375,39668.759999999995,8487.289999999999
Kebabs/Mediterranean,25265,Spice Corner,Cafe,CBD,0.99,44.54,1057,121,5389.34,515,281,140,22938.1,12515.74,6235.6,0.279153475873172,0.393721630284563,0.3,14,4.13,578.2,1762.99,622.19,339.49,1461.62,0.1144749290444654,0.4872280037842951,0.2658467360454115,0.1324503311258278,47078.78,4186.29
Kebabs/Mediterranean,26070,Ottoman Kitchen,Cafe,South Auckland,1.05,40.64,1068,97,3942.08,534,291,146,21701.76,11826.24,5933.44,0.23301796503365,0.408658240712248,0.33,16,4.72,689.12,1412.54,614.68,334.96,1436.97,0.0908239700374531,0.5,0.2724719101123595,0.1367041198501872,43403.52,3799.1499999999996
Kebabs/Mediterranean,25955,Mediterranean Diner,Cafe,South Auckland,1.05,43.46,1369,146,6345.16,673,367,183,29248.58,15949.82,7953.18,0.264182696025819,0.356815892038867,0.31,6,1.77,323.91,2404.82,2018.19,1100.56,2690.36,0.1066471877282688,0.491599707815924,0.2680788897005113,0.1336742147552958,59496.740000000005,8213.93
Kebabs/Mediterranean,26537,Souvlaki Tavern,Cafe,South Auckland,1.05,42.82,1662,216,9249.12,795,434,217,34041.9,18583.88,9291.94,0.239814326744527,0.414505169214681,0.28,4,1.18,256.06,3197.24,2235.89,1220.6,2955.98,0.1299638989169675,0.4783393501805054,0.2611311672683514,0.1305655836341757,71166.84000000001,9609.71
Kebabs/Mediterranean,25743,Spice Bistro,QSR,North Shore,1.03,36.61,1357,123,4503.03,679,370,185,24858.19,13545.7,6772.85,0.204481605421752,0.414568058564328,0.32,17,5.02,928.7,1715.43,1515.12,825.61,1651.42,0.0906411201179071,0.5003684598378777,0.2726602800294768,0.1363301400147384,49679.77,5707.58
Kebabs/Mediterranean,26540,Mediterranean Grill,Cafe,CBD,0.99,37.77,1177,126,4759.02,578,315,158,21831.06,11897.55,5967.66,0.240826117321849,0.400244645262137,0.28,11,3.25,513.5,1708.15,1723.11,939.06,1628.47,0.1070518266779949,0.4910790144435004,0.2676295666949873,0.1342395921835174,44455.29000000001,5998.79
Kebabs/Mediterranean,26662,Souvlaki Diner,QSR,CBD,0.99,41.0,992,106,4346.0,487,266,133,19967.0,10906.0,5453.0,0.252186945099384,0.449155660392717,0.3,9,2.66,353.78,1297.97,-26.81,-14.64,1274.8,0.1068548387096774,0.4909274193548387,0.2681451612903225,0.1340725806451612,40672.0,2531.3199999999997
Kebabs/Mediterranean,26609,Greek Grill,Cafe,West Auckland,1.04,39.38,1192,146,5749.48,575,314,157,22643.5,12365.32,6182.66,0.273661237359047,0.37486298813019,0.31,14,4.13,648.41,2020.8,939.16,512.86,1524.65,0.12248322147651,0.4823825503355705,0.2634228187919463,0.1317114093959731,46940.96000000001,4997.47
Kebabs/Mediterranean,26367,Greek Kitchen,QSR,North Shore,1.03,44.94,1471,180,8089.2,710,387,194,31907.4,17391.78,8718.36,0.253196105267853,0.357677389797755,0.29,14,4.13,801.22,3147.72,3162.87,1723.99,2591.32,0.1223657375934738,0.4826648538409245,0.2630863358259687,0.1318830727396329,66106.73999999999,10625.9
Kebabs/Mediterranean,26073,Souvlaki Corner,Ghost Kitchen,North Shore,1.03,31.72,464,13,412.36,248,135,68,7866.56,4282.2,2156.96,0.286935223895125,0.337176509120036,0.3,13,3.84,261.12,155.0,596.98,324.97,549.66,0.0280172413793103,0.5344827586206896,0.2909482758620689,0.146551724137931,14718.079999999998,1626.6100000000001
Kebabs/Mediterranean,25415,Greek Tavern,QSR,South Auckland,1.05,33.05,1029,76,2511.8,524,286,143,17318.2,9452.3,4726.15,0.257650163397193,0.444915941148065,0.29,12,3.54,506.22,747.09,128.74,70.27,899.5,0.0738581146744412,0.5092322643343051,0.2779397473275024,0.1389698736637512,34008.45,1845.6
Kebabs/Mediterranean,26389,Ottoman Bistro,QSR,CBD,0.99,44.53,799,98,4363.94,386,210,105,17188.58,9351.3,4675.65,0.237571332715452,0.408935232157819,0.32,10,2.95,309.75,1542.62,575.7,313.21,1343.06,0.1226533166458072,0.4831038798498123,0.2628285356695869,0.1314142678347934,35579.47,3774.5899999999997
Kebabs/Mediterranean,25011,Greek Cafe,Ghost Kitchen,CBD,0.99,44.49,584,38,1690.62,300,164,82,13347.0,7296.36,3648.18,0.256190317415167,0.24788753275061,0.3,6,1.77,145.14,838.42,2614.97,1429.52,1664.07,0.0650684931506849,0.5136986301369864,0.2808219178082192,0.1404109589041096,25982.16,6546.98
Kebabs/Mediterranean,25079,Spice Corner,Cafe,South Auckland,1.05,33.15,1159,133,4408.95,564,308,154,18696.6,10210.2,5105.1,0.221820098869503,0.397894586995244,0.27,13,3.84,591.36,1676.66,2061.96,1126.04,1350.03,0.1147540983606557,0.4866264020707506,0.2657463330457291,0.1328731665228645,38420.85,6214.69
Kebabs/Mediterranean,25805,Greek Diner,QSR,North Shore,1.03,37.52,827,88,3301.76,406,222,111,15233.12,8329.44,4164.72,0.268282534554601,0.427071230439469,0.27,13,3.84,426.24,1005.87,527.77,288.58,842.53,0.1064087061668681,0.4909310761789601,0.2684401451027811,0.1342200725513905,31029.04,2664.75
Kebabs/Mediterranean,26092,Mediterranean Cafe,QSR,South Auckland,1.05,33.15,656,65,2154.75,325,177,89,10773.75,5867.55,2950.35,0.200747563447803,0.442062316881493,0.3,18,5.31,472.59,769.66,616.15,335.57,581.25,0.0990853658536585,0.4954268292682927,0.2698170731707317,0.135670731707317,21746.399999999998,2302.63
Kebabs/Mediterranean,25985,Greek House,Ghost Kitchen,West Auckland,1.04,34.05,1044,86,2928.3,527,287,144,17944.35,9772.35,4903.2,0.270674161799252,0.240603015443776,0.28,18,5.31,764.64,1431.13,3745.4,2039.71,1631.67,0.082375478927203,0.5047892720306514,0.2749042145593869,0.1379310344827586,35548.2,8847.91
Kebabs/Mediterranean,25489,Mediterranean House,Cafe,West Auckland,1.04,38.23,1011,108,4128.84,497,271,135,19000.31,10360.33,5161.05,0.257329107895494,0.440343453921378,0.31,14,4.13,557.55,1248.26,-145.78,-79.49,1002.78,0.1068249258160237,0.4915924826904055,0.268051434223541,0.1335311572700296,38650.530000000006,2025.77
Kebabs/Mediterranean,26622,Souvlaki Bistro,QSR,South Auckland,1.05,41.47,1412,116,4810.52,713,389,194,29568.11,16131.83,8045.18,0.205360204614699,0.447295912401751,0.32,11,3.25,630.5,1670.9,808.51,441.11,2163.94,0.0821529745042493,0.5049575070821529,0.2754957507082153,0.1373937677053824,58555.64000000001,5084.46
Kebabs/Mediterranean,26623,Souvlaki Grill,QSR,West Auckland,1.04,36.11,1464,133,4802.63,732,399,200,26432.52,14407.89,7222.0,0.202095478307456,0.434590043663047,0.31,10,2.95,590.0,1744.87,1409.24,768.15,2033.86,0.0908469945355191,0.5,0.2725409836065574,0.1366120218579235,52865.04,5956.12
Kebabs/Mediterranean,25208,Mediterranean Corner,QSR,North Shore,1.03,35.47,1588,182,6455.54,773,422,211,27418.31,14968.34,7484.17,0.269747045896947,0.405974163813516,0.29,11,3.25,685.75,2093.39,939.87,513.1,1741.21,0.114609571788413,0.4867758186397984,0.2657430730478589,0.1328715365239294,56326.36,5287.57
Kebabs/Mediterranean,25143,Souvlaki Kitchen,QSR,West Auckland,1.04,39.69,520,38,1508.22,265,145,72,10517.85,5755.05,2857.68,0.275556911025196,0.428960547875613,0.32,15,4.43,318.96,445.65,-257.87,-141.1,525.43,0.073076923076923,0.5096153846153846,0.2788461538461538,0.1384615384615384,20638.8,572.1099999999999
Kebabs/Mediterranean,26254,Spice Cafe,QSR,West Auckland,1.04,34.29,608,74,2537.46,294,160,80,10081.26,5486.4,2743.2,0.237473687045276,0.368509922153316,0.27,18,5.31,424.8,999.8,1250.24,680.4,656.07,0.1217105263157894,0.4835526315789473,0.2631578947368421,0.131578947368421,20848.320000000003,3586.51
Kebabs/Mediterranean,26424,Ottoman Bistro,Ghost Kitchen,CBD,0.99,32.39,796,45,1457.55,413,225,113,13377.07,7287.75,3660.07,0.27839814517647,0.340822783473413,0.3,5,1.48,167.24,555.0,1080.59,588.7,1226.44,0.0565326633165829,0.5188442211055276,0.2826633165829145,0.1419597989949748,25782.44,3450.73
Kebabs/Mediterranean,25577,Ottoman Kitchen,Cafe,CBD,0.99,31.07,1652,215,6680.05,790,431,216,24545.3,13391.17,6711.12,0.217699735164642,0.435264082648791,0.31,8,2.36,509.76,2318.22,909.06,495.96,1819.24,0.1301452784503632,0.4782082324455206,0.2608958837772397,0.1307506053268765,51327.64,5542.48
Kebabs/Mediterranean,25088,Ottoman Cafe,Ghost Kitchen,West Auckland,1.04,46.15,565,26,1199.9,296,162,81,13660.4,7476.3,3738.15,0.280667682609055,0.34339370484231,0.27,14,4.13,334.53,451.09,1447.16,792.03,1070.78,0.0460176991150442,0.5238938053097345,0.2867256637168142,0.1433628318584071,26074.75,3761.0599999999995
Kebabs/Mediterranean,25660,Mediterranean Grill,Cafe,West Auckland,1.04,36.99,1507,111,4105.89,768,419,209,28408.32,15498.81,7730.91,0.205301464088261,0.408271908969618,0.28,17,5.02,1049.18,1586.63,3023.4,1649.49,1938.25,0.0736562707365627,0.5096217650962177,0.2780358327803583,0.1386861313868613,55743.92999999999,8197.77
Kebabs/Mediterranean,25516,Greek Bistro,QSR,West Auckland,1.04,36.17,673,66,2387.22,334,182,91,12080.78,6582.94,3291.47,0.253818253427744,0.432756472099572,0.3,9,2.66,242.06,748.22,162.19,88.38,789.57,0.0980683506686478,0.4962852897473997,0.2704309063893016,0.1352154531946508,24342.41,1788.3600000000001
Kebabs/Mediterranean,25864,Spice Diner,Cafe,West Auckland,1.04,41.04,1337,153,6279.12,651,355,178,26717.04,14569.2,7305.12,0.218600019551814,0.442531745252199,0.29,17,5.02,893.56,2127.79,1305.61,711.97,1581.91,0.1144353029169783,0.4869109947643979,0.2655198204936425,0.1331338818249813,54870.48,5727.28
Kebabs/Mediterranean,25060,Greek House,Cafe,South Auckland,1.05,40.41,721,88,3556.08,348,190,95,14062.68,7677.9,3838.95,0.239993479251862,0.380987292970531,0.33,4,1.18,112.1,1347.82,689.34,376.36,1342.94,0.1220527045769764,0.4826629680998613,0.2635228848821082,0.1317614424410541,29135.610000000004,3756.46
Kebabs/Mediterranean,26517,Greek Kitchen,QSR,North Shore,1.03,43.4,1185,145,6293.0,572,312,156,24824.8,13540.8,6770.4,0.279472619239241,0.418630881235003,0.33,3,0.89,138.84,1899.83,-697.66,-380.54,1905.12,0.1223628691983122,0.4827004219409282,0.2632911392405063,0.1316455696202531,51429.0,2726.75
Kebabs/Mediterranean,26681,Souvlaki Corner,QSR,North Shore,1.03,37.43,924,106,3967.58,450,245,123,16843.5,9170.35,4603.89,0.207171428818256,0.405437179538421,0.3,4,1.18,145.14,1537.01,1471.98,801.41,1638.37,0.1147186147186147,0.487012987012987,0.2651515151515151,0.1331168831168831,34585.32,5448.7699999999995
Kebabs/Mediterranean,26422,Greek Kitchen,Cafe,South Auckland,1.05,44.39,682,62,2752.18,341,186,93,15136.99,8256.54,4128.27,0.275345340315253,0.3684627242852,0.28,6,1.77,164.61,980.3,1153.32,629.08,1305.85,0.0909090909090909,0.5,0.2727272727272727,0.1363636363636363,30273.98,4068.5499999999997
Kebabs/Mediterranean,25671,Spice Corner,QSR,West Auckland,1.04,44.33,923,76,3369.08,466,254,127,20657.78,11259.82,5629.91,0.225593500826508,0.384164906456135,0.33,9,2.66,337.82,1314.76,1244.46,678.31,1859.21,0.0823401950162513,0.504875406283857,0.2751895991332611,0.1375947995666305,40916.59,5096.74
Kebabs/Mediterranean,25429,Souvlaki Tavern,QSR,North Shore,1.03,45.07,1131,130,5859.1,551,300,150,24833.57,13521.0,6760.5,0.269425453692675,0.449281737883575,0.27,9,2.66,399.0,1648.12,280.44,152.69,1502.68,0.1149425287356321,0.4871794871794871,0.2652519893899204,0.1326259946949602,50974.17,3583.9300000000003
Kebabs/Mediterranean,26014,Mediterranean House,Cafe,North Shore,1.03,35.99,1590,117,4210.83,810,442,221,29151.9,15907.58,7953.79,0.233368135225028,0.403894891683012,0.31,7,2.07,457.47,1527.42,1537.38,838.92,2427.66,0.0735849056603773,0.5094339622641509,0.2779874213836478,0.1389937106918239,57224.100000000006,6331.38
Kebabs/Mediterranean,26649,Greek House,Cafe,CBD,0.99,41.86,689,56,2344.16,348,190,95,14567.28,7953.4,3976.7,0.238853206820786,0.439306590589695,0.28,10,2.95,280.25,754.44,609.5,332.77,999.61,0.081277213352685,0.5050798258345428,0.2757619738751814,0.1378809869375907,28841.540000000005,2696.32
Kebabs/Mediterranean,25719,Souvlaki Tavern,Ghost Kitchen,West Auckland,1.04,46.01,753,49,2254.49,387,211,106,17805.87,9708.11,4877.06,0.293303401372395,0.298239881719928,0.32,9,2.66,281.96,920.86,1575.05,858.75,1710.11,0.0650730411686587,0.5139442231075697,0.2802124833997343,0.1407702523240372,34645.53,5064.7699999999995
Kebabs/Mediterranean,26205,Ottoman Corner,Cafe,CBD,0.99,41.95,570,47,1971.65,288,157,78,12081.6,6586.15,3272.1,0.277430752050132,0.375839569745585,0.28,13,3.84,299.52,683.63,806.2,439.49,835.01,0.0824561403508772,0.5052631578947369,0.2754385964912281,0.1368421052631579,23911.5,2764.33
Kebabs/Mediterranean,25667,Ottoman Eatery,Ghost Kitchen,CBD,0.99,33.69,881,65,2189.85,449,245,122,15126.81,8254.05,4110.18,0.261999705433846,0.219413871702272,0.28,15,4.43,540.46,1135.63,3609.05,1969.3,1591.02,0.0737797956867196,0.5096481271282634,0.2780930760499432,0.1384790011350737,29680.89,8305.0
Kebabs/Mediterranean,26668,Spice Bistro,Cafe,CBD,0.99,33.93,468,61,2069.73,224,122,61,7600.32,4139.46,2069.73,0.268982095532119,0.400547484937124,0.3,14,4.13,251.93,683.98,231.58,126.13,432.05,0.1303418803418803,0.4786324786324786,0.2606837606837607,0.1303418803418803,15879.239999999998,1473.74
Kebabs/Mediterranean,26235,Mediterranean Cafe,QSR,West Auckland,1.04,39.26,1112,101,3965.26,556,303,152,21828.56,11895.78,5967.52,0.233601733949035,0.360939597059041,0.32,4,1.18,179.36,1607.75,1865.44,1016.6,2240.22,0.0908273381294964,0.5,0.2724820143884892,0.1366906474820144,43657.119999999995,6730.01
Kebabs/Mediterranean,25401,Spice Eatery,Ghost Kitchen,South Auckland,1.05,31.67,1368,77,2438.59,710,387,194,22485.7,12256.29,6143.98,0.298004610615317,0.265996309404727,0.32,4,1.18,228.92,1063.22,2608.32,1421.72,2449.85,0.0562865497076023,0.5190058479532164,0.2828947368421052,0.141812865497076,43324.56,7543.110000000001
Kebabs/Mediterranean,25725,Greek Bistro,Cafe,North Shore,1.03,35.06,1266,145,5083.7,617,336,168,21632.02,11780.16,5890.08,0.246398248225451,0.40864784498699,0.32,14,4.13,693.84,1753.64,539.8,293.96,1337.97,0.1145339652448657,0.4873617693522907,0.2654028436018957,0.1327014218009478,44385.96000000001,3925.37
Kebabs/Mediterranean,25603,Ottoman House,QSR,CBD,0.99,30.94,675,55,1701.7,341,186,93,10550.54,5754.84,2877.42,0.249525798000395,0.410928148590028,0.3,12,3.54,329.22,577.81,417.23,227.58,647.8,0.0814814814814814,0.5051851851851852,0.2755555555555555,0.1377777777777777,20884.5,1870.4199999999998
Kebabs/Mediterranean,25849,Spice Bistro,QSR,West Auckland,1.04,38.94,613,55,2141.7,307,167,84,11954.58,6502.98,3270.96,0.252865558993071,0.398101906129159,0.28,4,1.18,99.12,747.52,825.25,448.92,1042.55,0.0897226753670473,0.5008156606851549,0.2724306688417618,0.1370309951060359,23870.219999999998,3064.24
Kebabs/Mediterranean,26054,Greek Diner,Cafe,North Shore,1.03,42.88,1646,163,6989.44,816,445,222,34990.08,19081.6,9519.36,0.242294241636992,0.367491170321591,0.32,7,2.07,459.54,2727.38,2456.81,1339.81,3255.05,0.0990279465370595,0.4957472660996355,0.2703523693803159,0.134872417982989,70580.48000000001,9779.05
Kebabs/Mediterranean,25609,Greek Tavern,Cafe,North Shore,1.03,43.86,1517,186,8157.96,732,399,200,32105.52,17500.14,8772.0,0.257820842377841,0.380446418491192,0.29,13,3.84,768.0,2951.0,2303.02,1255.33,2405.12,0.1226104152933421,0.4825313117996044,0.2630191166776532,0.1318391562294001,66535.62,8914.470000000001
Kebabs/Mediterranean,25911,Souvlaki Bistro,QSR,West Auckland,1.04,37.78,1467,133,5024.74,734,400,200,27730.52,15112.0,7556.0,0.251077002063394,0.444886948587373,0.31,10,2.95,590.0,1527.7,-165.38,-90.13,1707.3,0.0906612133605998,0.5003408316291752,0.27266530334015,0.136332651670075,55423.26,2979.49
Kebabs/Mediterranean,25644,Souvlaki Tavern,Cafe,West Auckland,1.04,38.67,1014,100,3867.0,503,274,137,19451.01,10595.58,5297.79,0.273716123327613,0.442389308963902,0.31,7,2.07,283.59,1097.82,-507.78,-276.6,1220.42,0.0986193293885601,0.4960552268244576,0.2702169625246548,0.1351084812623274,39211.38,1533.8600000000001
Kebabs/Mediterranean,26680,Greek Eatery,QSR,CBD,0.99,33.11,1363,112,3708.32,688,375,188,22779.68,12416.25,6224.68,0.27217332419008,0.400781290768646,0.28,17,5.02,943.76,1212.79,1071.68,584.13,1091.99,0.0821716801173881,0.5047688921496698,0.2751283932501834,0.1379310344827586,45128.93,3960.59
Kebabs/Mediterranean,26507,Mediterranean Bistro,Cafe,North Shore,1.03,33.64,962,118,3969.52,464,253,127,15608.96,8510.92,4272.28,0.259540246576071,0.399806735711172,0.3,13,3.84,487.68,1352.23,634.55,345.99,967.69,0.1226611226611226,0.4823284823284823,0.262993762993763,0.132016632016632,32361.68,3300.46
Kebabs/Mediterranean,25063,Greek House,Cafe,CBD,0.99,41.39,1198,137,5670.43,584,318,159,24171.76,13162.02,6581.01,0.235803328771144,0.364087493950501,0.29,3,0.89,141.51,2268.79,2661.53,1449.26,2491.61,0.1143572621035058,0.4874791318864774,0.2654424040066778,0.1327212020033389,49585.22,8871.19
Kebabs/Mediterranean,26672,Ottoman Kitchen,Cafe,South Auckland,1.05,36.54,497,53,1936.62,244,133,67,8915.76,4859.82,2448.18,0.237105827983469,0.373191292746924,0.29,17,5.02,336.34,754.71,888.93,484.54,617.72,0.1066398390342052,0.4909456740442656,0.2676056338028169,0.1348088531187122,18160.38,2745.8999999999996
Kebabs/Mediterranean,25703,Souvlaki Cafe,QSR,South Auckland,1.05,36.98,1086,89,3291.22,548,299,150,20265.04,11057.02,5547.0,0.251631429791451,0.399161982000805,0.31,3,0.89,133.5,1149.32,794.52,433.51,1803.55,0.08195211786372,0.5046040515653776,0.2753222836095764,0.1381215469613259,40160.28,4180.9
Kebabs/Mediterranean,25947,Spice Tavern,Cafe,North Shore,1.03,42.02,1115,128,5378.56,543,296,148,22816.86,12437.92,6218.96,0.201845737956464,0.396769915008917,0.33,12,3.54,523.92,2158.87,1628.77,887.87,1972.27,0.1147982062780269,0.4869955156950672,0.2654708520179372,0.1327354260089686,46852.3,6647.780000000001
Kebabs/Mediterranean,25463,Mediterranean Diner,Cafe,North Shore,1.03,36.44,1068,105,3826.2,530,289,144,19313.2,10531.16,5247.36,0.218603148069233,0.404059751145542,0.3,9,2.66,383.04,1443.77,1493.63,814.45,1596.98,0.098314606741573,0.49625468164794,0.2705992509363296,0.1348314606741573,38917.92,5348.83
Kebabs/Mediterranean,26340,Souvlaki Kitchen,Cafe,West Auckland,1.04,45.57,1443,143,6516.51,715,390,195,32582.55,17772.3,8886.15,0.235606228038669,0.44064777395688,0.31,14,4.13,805.35,2109.69,447.88,244.3,2071.51,0.0990990990990991,0.4954954954954955,0.2702702702702703,0.1351351351351351,65757.51,4873.380000000001
Kebabs/Mediterranean,25466,Ottoman Tavern,QSR,West Auckland,1.04,32.89,1160,124,4078.36,570,311,155,18747.3,10228.79,5097.95,0.209953659679741,0.361114417947829,0.3,11,3.25,503.75,1749.34,2417.13,1318.82,1682.92,0.1068965517241379,0.4913793103448275,0.2681034482758621,0.1336206896551724,38152.399999999994,7168.21
Kebabs/Mediterranean,25560,Mediterranean House,QSR,South Auckland,1.05,32.09,530,39,1251.51,270,147,74,8664.3,4717.23,2374.66,0.218899107780308,0.449125871900469,0.31,17,5.02,371.48,415.47,190.4,103.66,416.85,0.0735849056603773,0.5094339622641509,0.2773584905660377,0.1396226415094339,17007.699999999997,1126.38
Kebabs/Mediterranean,26329,Ottoman Grill,QSR,West Auckland,1.04,34.47,1703,209,7204.23,822,448,224,28334.34,15442.56,7721.28,0.262141120154411,0.415714754699729,0.28,13,3.84,860.16,2320.8,1194.13,650.81,1627.2,0.1227246036406341,0.4826776277157956,0.2630651790957134,0.1315325895478567,58702.409999999996,5792.94
Kebabs/Mediterranean,25279,Spice Kitchen,QSR,North Shore,1.03,33.8,613,70,2366.0,299,163,81,10106.2,5509.4,2737.8,0.262751853913069,0.429612299380824,0.3,9,2.66,215.46,727.87,77.17,42.07,626.79,0.1141924959216965,0.4877650897226753,0.265905383360522,0.132137030995106,20719.399999999998,1473.9
Kebabs/Mediterranean,25469,Mediterranean Diner,QSR,West Auckland,1.04,32.62,735,66,2152.92,368,201,100,12004.16,6556.62,3262.0,0.247296022735536,0.392234466527589,0.31,13,3.84,384.0,776.06,605.84,330.91,791.85,0.0897959183673469,0.5006802721088436,0.273469387755102,0.1360544217687075,23975.7,2504.6600000000003
Kebabs/Mediterranean,26670,Spice House,QSR,West Auckland,1.04,32.25,872,79,2547.75,436,238,119,14061.0,7675.5,3837.75,0.239035085570067,0.432449588412419,0.33,5,1.48,176.12,836.97,-20.88,-11.4,1084.64,0.0905963302752293,0.5,0.2729357798165137,0.1364678899082568,28122.0,1889.3300000000002
Kebabs/Mediterranean,25471,Ottoman House,QSR,North Shore,1.03,31.09,987,89,2767.01,494,269,135,15358.46,8363.21,4197.15,0.203626888114959,0.438051883736625,0.28,8,2.36,318.6,991.48,1202.89,655.02,1185.33,0.0901722391084093,0.5005065856129686,0.2725430597771023,0.1367781155015197,30685.83,4034.72
Kebabs/Mediterranean,25433,Mediterranean Tavern,Cafe,CBD,0.99,43.23,1091,108,4668.84,541,295,147,23387.43,12752.85,6354.81,0.23483701614663,0.434873548895121,0.31,8,2.36,346.92,1542.07,474.52,258.75,1752.01,0.0989917506874427,0.4958753437213565,0.2703941338221814,0.1347387717690192,47163.93,4027.3500000000004
Kebabs/Mediterranean,25811,Greek Grill,QSR,West Auckland,1.04,44.79,827,88,3941.52,406,222,111,18184.74,9943.38,4971.69,0.2520226345025,0.415092546655796,0.33,5,1.48,164.28,1312.07,52.46,28.68,1490.72,0.1064087061668681,0.4909310761789601,0.2684401451027811,0.1342200725513905,37041.33,2883.9300000000003
Kebabs/Mediterranean,26193,Greek Tavern,Cafe,North Shore,1.03,44.29,1048,95,4207.55,524,286,143,23207.96,12666.94,6333.47,0.250680610146374,0.44484563623555,0.33,17,5.02,717.86,1281.09,-592.41,-323.34,1210.52,0.090648854961832,0.5,0.2729007633587786,0.1364503816793893,46415.92,1575.86
Kebabs/Mediterranean,26420,Souvlaki Kitchen,Cafe,North Shore,1.03,33.61,714,76,2554.36,351,191,96,11797.11,6419.51,3226.56,0.278361918777227,0.36048933903221,0.28,10,2.95,283.2,922.5,957.32,520.94,882.07,0.1064425770308123,0.4915966386554621,0.2675070028011204,0.134453781512605,23997.540000000005,3282.8300000000004
Kebabs/Mediterranean,25506,Mediterranean Tavern,QSR,North Shore,1.03,35.5,1534,200,7100.0,734,400,200,26057.0,14200.0,7100.0,0.257337637785822,0.367578424094245,0.32,16,4.72,944.0,2663.1,1435.32,782.19,1719.1,0.1303780964797914,0.4784876140808344,0.2607561929595828,0.1303780964797914,54457.0,6599.710000000001
Kebabs/Mediterranean,26614,Spice Bistro,Ghost Kitchen,South Auckland,1.05,46.63,479,13,606.19,256,140,70,11937.28,6528.2,3264.1,0.27543445203919,0.213018913206179,0.31,15,4.43,310.1,310.09,2405.92,1315.74,1359.64,0.0271398747390396,0.534446764091858,0.2922755741127348,0.1461377870563674,22335.77,5391.39
Kebabs/Mediterranean,25695,Mediterranean Corner,QSR,South Auckland,1.05,40.68,714,52,2115.36,364,199,99,14807.52,8095.32,4027.32,0.245256641600281,0.387817745283246,0.33,17,5.02,496.98,776.18,546.78,298.92,980.75,0.072829131652661,0.5098039215686274,0.2787114845938375,0.1386554621848739,29045.52,2602.63
Kebabs/Mediterranean,26292,Souvlaki House,Cafe,North Shore,1.03,33.25,955,86,2859.5,478,261,130,15893.5,8678.25,4322.5,0.224801994282752,0.420380583149381,0.32,12,3.54,460.2,1014.6,553.37,302.15,1073.5,0.0900523560209424,0.5005235602094241,0.2732984293193717,0.1361256544502617,31753.75,2943.62
Kebabs/Mediterranean,26641,Greek Eatery,QSR,North Shore,1.03,35.78,1539,165,5903.7,756,412,206,27049.68,14741.36,7370.68,0.253460129015148,0.411339162755758,0.29,15,4.43,912.58,1978.92,1222.66,666.32,1558.08,0.1072124756335282,0.4912280701754385,0.2677063027940221,0.133853151397011,55065.42,5425.98
Kebabs/Mediterranean,26415,Spice House,QSR,CBD,0.99,36.99,1429,105,3883.95,728,397,199,26928.72,14685.03,7361.01,0.207761437240988,0.384028044389561,0.27,10,2.95,587.05,1585.47,3721.83,2029.63,2417.79,0.0734779566130161,0.509447165850245,0.2778166550034989,0.13925822253324,52858.71000000001,9754.720000000001
Kebabs/Mediterranean,25716,Souvlaki Cafe,Cafe,CBD,0.99,34.7,1218,100,3470.0,615,335,168,21340.5,11624.5,5829.6,0.254000046662986,0.421319737914018,0.28,11,3.25,546.0,1126.64,953.5,519.39,1346.76,0.0821018062397372,0.5049261083743842,0.2750410509031198,0.1379310344827586,42264.6,3946.29
Kebabs/Mediterranean,25074,Souvlaki Diner,QSR,South Auckland,1.05,42.51,1358,100,4251.0,692,377,189,29416.92,16026.27,8034.39,0.272697974964976,0.440672687697224,0.3,4,1.18,223.02,1218.46,-393.32,-214.28,2079.87,0.0736377025036818,0.5095729013254786,0.2776141384388807,0.1391752577319587,57728.58,2690.73
Kebabs/Mediterranean,26569,Souvlaki Kitchen,QSR,South Auckland,1.05,46.38,900,89,4127.82,446,243,122,20685.48,11270.34,5658.36,0.207854159921408,0.440306167863309,0.29,4,1.18,143.96,1452.33,1279.18,696.95,1846.88,0.0988888888888888,0.4955555555555556,0.27,0.1355555555555555,41742.0,5275.34
Kebabs/Mediterranean,26693,Greek House,QSR,South Auckland,1.05,36.8,1216,110,4048.0,608,332,166,22374.4,12217.6,6108.8,0.226574461422861,0.353757500462234,0.32,18,5.31,881.46,1698.82,2230.01,1217.7,1682.21,0.0904605263157894,0.5,0.2730263157894737,0.1365131578947368,44748.8,6828.74
Kebabs/Mediterranean,26435,Greek House,Cafe,South Auckland,1.05,42.64,1467,108,4605.12,747,408,204,31852.08,17397.12,8698.56,0.209985647685826,0.44281000609044,0.33,4,1.18,240.72,1598.92,547.99,299.31,2779.46,0.0736196319018405,0.50920245398773,0.278118609406953,0.1390593047034765,62552.880000000005,5225.68
Kebabs/Mediterranean,26032,Spice Eatery,Cafe,North Shore,1.03,45.93,1535,164,7532.52,754,411,206,34631.22,18877.23,9461.58,0.213373685609549,0.426120710535906,0.29,9,2.66,547.96,2715.52,2441.7,1330.95,2862.99,0.1068403908794788,0.4912052117263843,0.2677524429967426,0.1342019543973941,70502.55,9351.16
Kebabs/Mediterranean,26692,Greek Cafe,QSR,North Shore,1.03,32.39,1305,139,4502.21,641,350,175,20761.99,11336.5,5668.25,0.215522291325033,0.394629188580438,0.28,9,2.66,465.5,1755.18,2280.67,1245.3,1744.26,0.1065134099616858,0.4911877394636015,0.2681992337164751,0.1340996168582375,42268.95,7025.410000000001
Kebabs/Mediterranean,25188,Ottoman Eatery,Cafe,CBD,0.99,39.88,1076,123,4905.24,524,286,143,20897.12,11405.68,5702.84,0.219640405401587,0.369246097211726,0.28,18,5.31,759.33,2016.61,2739.89,1495.44,1585.18,0.1143122676579925,0.4869888475836431,0.2657992565055762,0.1328996282527881,42910.880000000005,7837.120000000001
Kebabs/Mediterranean,25031,Spice Cafe,Ghost Kitchen,West Auckland,1.04,34.63,488,31,1073.53,251,137,69,8692.13,4744.31,2389.47,0.259661736420821,0.349253115220927,0.27,18,5.31,366.39,419.84,1052.49,574.47,568.1,0.0635245901639344,0.514344262295082,0.2807377049180328,0.1413934426229508,16899.440000000002,2614.9
Kebabs/Mediterranean,25675,Souvlaki House,Cafe,CBD,0.99,32.2,980,120,3864.0,473,258,129,15230.6,8307.6,4153.8,0.27029560610652,0.429420872707851,0.27,6,1.77,228.33,1160.3,461.24,251.58,1018.99,0.1224489795918367,0.4826530612244898,0.2632653061224489,0.1316326530612244,31555.999999999996,2892.1099999999997
Kebabs/Mediterranean,25826,Ottoman Bistro,QSR,CBD,0.99,38.14,570,70,2669.8,275,150,75,10488.5,5721.0,2860.5,0.250799133498222,0.372224805108272,0.29,9,2.66,199.5,1006.45,912.25,497.59,878.84,0.1228070175438596,0.4824561403508772,0.2631578947368421,0.131578947368421,21739.8,3295.13
Kebabs/Mediterranean,26516,Souvlaki House,Cafe,CBD,0.99,36.82,1405,161,5928.02,684,373,187,25184.88,13733.86,6885.34,0.203489521797746,0.444077751017176,0.32,15,4.43,828.41,2089.23,816.81,445.43,1598.21,0.1145907473309608,0.4868327402135231,0.2654804270462633,0.1330960854092526,51732.100000000006,4949.68
Kebabs/Mediterranean,26552,Ottoman Bistro,QSR,CBD,0.99,38.09,574,47,1790.23,290,158,79,11046.1,6018.22,3009.11,0.248063210938126,0.365854865894653,0.27,5,1.48,116.92,691.18,1282.25,698.61,1044.84,0.0818815331010452,0.5052264808362369,0.2752613240418118,0.1376306620209059,21863.66,3716.88
Kebabs/Mediterranean,25718,Mediterranean Grill,QSR,West Auckland,1.04,31.23,1671,205,6402.15,806,440,220,25171.38,13741.2,6870.6,0.200967224538326,0.431224536173977,0.31,6,1.77,389.4,2354.76,1455.11,794.35,2137.66,0.1226810293237582,0.4823459006582885,0.2633153800119688,0.1316576900059844,52185.329999999994,6741.88
Kebabs/Mediterranean,26047,Souvlaki Bistro,Cafe,West Auckland,1.04,39.38,955,109,4292.42,465,254,127,18311.7,10002.52,5001.26,0.207481613606215,0.44197449288331,0.32,18,5.31,674.37,1504.68,559.31,305.52,1078.79,0.1141361256544502,0.4869109947643979,0.2659685863874345,0.1329842931937172,37607.9,3448.2999999999997
Kebabs/Mediterranean,26295,Ottoman Diner,Cafe,South Auckland,1.05,36.84,1234,151,5562.84,596,325,162,21956.64,11973.0,5968.08,0.246793070137501,0.430129933496937,0.28,15,4.43,717.66,1797.23,945.83,515.76,1210.49,0.1223662884927066,0.4829821717990275,0.2633711507293355,0.1312803889789303,45460.56,4469.3099999999995
Kebabs/Mediterranean,26319,Mediterranean Eatery,Cafe,West Auckland,1.04,45.02,1223,150,6753.0,590,322,161,26561.8,14496.44,7248.22,0.215267715398222,0.423388046748005,0.31,13,3.84,618.24,2440.16,1363.8,744.31,2000.86,0.1226492232215862,0.4824202780049059,0.2632869991823385,0.1316434995911692,55059.46000000001,6549.13
Kebabs/Mediterranean,25043,Spice Bistro,Cafe,South Auckland,1.05,39.49,1499,160,6318.4,736,402,201,29064.64,15874.98,7937.49,0.276171390805393,0.366074593015946,0.28,12,3.54,711.54,2260.43,2259.89,1234.34,2128.13,0.1067378252168112,0.4909939959973315,0.2681787858572381,0.134089392928619,59195.51,7882.79
Kebabs/Mediterranean,25558,Spice Cafe,Cafe,North Shore,1.03,31.21,1210,139,4338.19,589,321,161,18382.69,10018.41,5024.81,0.260982005298138,0.377487498149276,0.33,12,3.54,569.94,1568.39,579.62,315.89,1246.68,0.1148760330578512,0.4867768595041322,0.2652892561983471,0.1330578512396694,37764.1,3710.58
Kebabs/Mediterranean,25344,Spice Grill,QSR,North Shore,1.03,31.78,992,121,3845.38,479,261,131,15222.62,8294.58,4163.18,0.259586884006858,0.444023559708148,0.28,6,1.77,231.87,1139.73,249.49,135.94,1002.05,0.1219758064516129,0.4828629032258064,0.2631048387096774,0.1320564516129032,31525.760000000002,2527.21
Pizza,25380,Top Pizza Bistro,Ghost Kitchen,West Auckland,1.04,44.93,1280,105,4717.65,411,235,529,18466.23,10558.55,23767.97,0.288379963859916,0.343913668871392,0.31,16,4.72,2496.88,1734.71,1065.62,609.3,6242.75,0.08203125,0.32109375,0.18359375,0.41328125,57510.399999999994,9652.380000000001
Pizza,25774,Urban Pizza Grill,Full-service,North Shore,1.03,36.86,1156,385,14191.1,270,154,347,9952.2,5676.44,12790.42,0.35236691699829,0.470903452159837,0.29,4,1.18,409.46,2507.99,-1127.29,-642.97,1850.99,0.3330449826989619,0.2335640138408304,0.1332179930795847,0.3001730103806228,42610.16,2588.72
Pizza,26463,King Pizza Bistro,Full-service,South Auckland,1.05,43.67,1315,395,17249.65,322,184,414,14061.74,8035.28,18079.38,0.365248476399574,0.474028118723072,0.28,4,1.18,488.52,2772.42,-1677.24,-958.42,2417.26,0.3003802281368821,0.2448669201520912,0.1399239543726236,0.314828897338403,57426.05,2554.0200000000004
Pizza,25086,Urban Pizza Eatery,Cafe,CBD,0.99,37.54,1551,481,18056.74,374,214,482,14039.96,8033.56,18094.28,0.221766426768154,0.386539075057954,0.31,5,1.48,713.36,7072.73,1146.99,656.3,6374.07,0.3101225016118633,0.2411347517730496,0.1379754996776273,0.3107672469374597,58224.54,15250.089999999998
Pizza,25882,Classic Pizza Grill,Ghost Kitchen,West Auckland,1.04,42.19,1058,69,2911.11,346,198,445,14597.74,8353.62,18774.55,0.253875967266504,0.27200572937727,0.27,9,2.66,1183.7,1380.21,2979.67,1705.13,7717.66,0.0652173913043478,0.3270321361058601,0.1871455576559546,0.4206049149338374,44637.020000000004,13782.67
Pizza,25449,King Pizza Tavern,Cafe,CBD,0.99,33.24,1773,469,15589.56,456,261,587,15157.44,8675.64,19511.88,0.212204296216369,0.350974699202925,0.32,9,2.66,1561.42,6809.85,1770.71,1013.5,6961.78,0.2645234066553864,0.2571912013536379,0.1472081218274111,0.3310772701635646,58934.520000000004,16555.84
Pizza,25038,King Pizza Grill,QSR,West Auckland,1.04,37.49,578,100,3749.0,167,96,215,6260.83,3599.04,8060.35,0.274961324650794,0.424550715275109,0.32,15,4.43,952.45,1126.53,-122.16,-70.22,1469.59,0.1730103806228373,0.2889273356401384,0.1660899653979238,0.3719723183391003,21669.22,2403.74
Pizza,25006,Lucky Pizza Cafe,QSR,West Auckland,1.04,36.59,617,111,4061.49,177,101,228,6476.43,3695.59,8342.52,0.206805597655475,0.410740737128071,0.28,5,1.48,337.44,1553.33,663.53,378.63,2853.19,0.179902755267423,0.2868719611021069,0.1636952998379254,0.3695299837925446,22576.03,5448.68
Pizza,26142,Top Pizza Eatery,Cafe,CBD,0.99,35.99,893,178,6406.22,250,143,322,8997.5,5146.57,11588.78,0.241009941715747,0.441597330896184,0.29,12,3.54,1139.88,2033.29,246.47,140.98,2538.31,0.1993281075027995,0.2799552071668533,0.1601343784994401,0.360582306830907,32139.07,4959.049999999999
Pizza,25392,Urban Pizza Corner,QSR,South Auckland,1.05,46.88,1499,270,12657.6,430,246,553,20158.4,11532.48,25924.64,0.279234420564026,0.354903346952051,0.3,5,1.48,818.44,4630.94,1327.68,759.55,8666.41,0.1801200800533689,0.2868579052701801,0.1641094062708472,0.3689126084056037,70273.12,15384.58
Pizza,26564,Urban Pizza House,QSR,CBD,0.99,35.24,1210,264,9303.36,331,189,426,11664.44,6660.36,15012.24,0.240514187514782,0.418890317482874,0.3,11,3.25,1384.5,3168.68,473.52,270.38,3728.6,0.2181818181818181,0.2735537190082645,0.156198347107438,0.3520661157024793,42640.4,7641.18
Pizza,25106,Urban Pizza Diner,Ghost Kitchen,West Auckland,1.04,34.66,648,30,1039.8,216,124,278,7486.56,4297.84,9635.48,0.292292550276034,0.295013707689941,0.28,13,3.84,1067.52,429.12,993.42,570.3,2908.98,0.0462962962962962,0.3333333333333333,0.191358024691358,0.4290123456790123,22459.68,4901.82
Pizza,25139,Urban Pizza Grill,Ghost Kitchen,South Auckland,1.05,32.66,744,35,1143.1,248,142,319,8099.68,4637.72,10418.54,0.251355279691052,0.216788948315661,0.32,15,4.43,1413.17,607.96,1715.96,982.53,4127.99,0.0470430107526881,0.3333333333333333,0.1908602150537634,0.428763440860215,24299.04,7434.44
Pizza,26257,Classic Pizza Eatery,QSR,West Auckland,1.04,35.1,1333,275,9652.5,370,212,476,12987.0,7441.2,16707.6,0.269191359058023,0.41315082681831,0.31,8,2.36,1123.36,3066.19,99.45,56.98,4183.94,0.2063015753938484,0.277569392348087,0.159039759939985,0.3570892723180795,46788.3,7406.5599999999995
Pizza,25369,Lucky Pizza Bistro,Cafe,South Auckland,1.05,38.81,1624,355,13777.55,444,254,571,17231.64,9857.74,22160.51,0.213594257980585,0.397822910523973,0.33,10,2.95,1684.45,5353.72,1009.48,577.49,6926.74,0.2185960591133005,0.2733990147783251,0.1564039408866995,0.3516009852216749,63027.44,13867.43
Pizza,26111,Urban Pizza Kitchen,QSR,North Shore,1.03,42.32,1855,346,14642.72,528,302,679,22344.96,12780.64,28735.28,0.226639509219676,0.395567658729851,0.27,3,0.89,604.31,5531.91,2408.63,1377.66,10251.67,0.1865229110512129,0.2846361185983827,0.1628032345013477,0.3660377358490566,78503.6,19569.870000000003
Pizza,25492,Lucky Pizza Tavern,QSR,South Auckland,1.05,36.23,1746,303,10977.69,505,289,649,18296.15,10470.47,23513.27,0.259713232722133,0.429588017426431,0.32,7,2.07,1343.43,3410.75,-170.18,-97.39,5962.11,0.1735395189003436,0.2892325315005727,0.1655211912943871,0.3717067583046964,63257.58,9105.29
Pizza,25682,Top Pizza House,Full-service,North Shore,1.03,46.34,1569,543,25162.62,359,205,462,16636.06,9499.7,21409.08,0.373308735329192,0.462983097415417,0.28,15,4.43,2046.66,4119.33,-1934.64,-1104.74,1458.18,0.3460803059273422,0.2288081580624601,0.1306564690885914,0.2944550669216061,72707.46,2538.1299999999997
Pizza,26103,King Pizza Bistro,QSR,North Shore,1.03,39.15,1914,383,14994.45,536,306,689,20984.4,11979.9,26974.35,0.222852778360248,0.388389316829853,0.31,11,3.25,2239.25,5829.21,1652.69,943.51,8247.24,0.2001044932079415,0.2800417972831766,0.1598746081504702,0.3599791013584117,74933.1,16672.65
Pizza,26574,Urban Pizza Tavern,Cafe,West Auckland,1.04,44.39,2103,545,24192.55,545,312,701,24192.55,13849.68,31117.39,0.227275923360139,0.405208936799318,0.3,10,2.95,2067.95,8891.13,1633.36,935.06,9368.16,0.2591535901093675,0.2591535901093675,0.1483594864479315,0.3333333333333333,93352.17,20827.71
Pizza,26346,King Pizza Diner,Ghost Kitchen,South Auckland,1.05,34.82,1559,74,2576.68,520,297,668,18106.4,10341.54,23259.76,0.251541353319772,0.346690253505949,0.32,10,2.95,1970.6,1035.23,1480.53,845.61,7374.44,0.0474663245670301,0.3335471456061578,0.1905067350865939,0.4284797947402181,54284.380000000005,10735.81
Pizza,25420,Lucky Pizza Corner,QSR,South Auckland,1.05,38.11,1361,236,8993.96,394,225,506,15015.34,8574.75,19283.66,0.217586544938386,0.420943735772744,0.3,14,4.13,2089.78,3251.04,922.99,527.09,4880.68,0.1734019103600294,0.2894930198383541,0.1653196179279941,0.3717854518736223,51867.71,9581.8
Pizza,26460,King Pizza Diner,QSR,CBD,0.99,42.77,594,103,4405.31,172,98,221,7356.44,4191.46,9452.17,0.211001245379448,0.424304420920089,0.29,5,1.48,327.08,1606.59,549.48,313.08,3120.07,0.1734006734006734,0.2895622895622896,0.1649831649831649,0.3720538720538721,25405.379999999997,5589.219999999999
Pizza,25772,King Pizza Diner,Full-service,West Auckland,1.04,44.69,1130,381,17026.89,262,150,337,11708.78,6703.5,15060.53,0.354959928162862,0.479285536636598,0.32,16,4.72,1590.64,2822.28,-1806.03,-1033.98,905.71,0.3371681415929203,0.231858407079646,0.1327433628318584,0.2982300884955752,50499.7,887.9800000000002
Pizza,25745,Lucky Pizza House,Cafe,North Shore,1.03,38.54,2039,561,21620.94,517,296,665,19925.18,11407.84,25629.1,0.253008397165686,0.351952241081744,0.32,9,2.66,1768.9,8541.12,1495.17,856.04,8355.6,0.2751348700343305,0.2535556645414419,0.1451692005885237,0.3261402648357038,78583.06,19247.93
Pizza,25786,King Pizza Corner,Cafe,South Auckland,1.05,32.3,1390,312,10077.6,377,216,485,12177.1,6976.8,15665.5,0.224799485262483,0.363931142981164,0.3,6,1.77,858.45,4144.61,1354.94,776.3,5584.29,0.2244604316546762,0.2712230215827338,0.1553956834532374,0.3489208633093525,44897.0,11860.14
Pizza,25962,Urban Pizza Cafe,Cafe,South Auckland,1.05,42.26,869,252,10649.52,216,123,278,9128.16,5197.98,11748.28,0.256736692748964,0.449217923730612,0.28,4,1.18,328.04,3131.44,128.21,73.01,3126.49,0.2899884925201381,0.2485615650172612,0.1415420023014959,0.3199079401611047,36723.94,6459.15
Pizza,26610,King Pizza Bistro,Cafe,CBD,0.99,42.19,1103,309,13036.71,278,159,357,11728.82,6708.21,15061.83,0.241353793535382,0.448946317541413,0.31,3,0.89,317.73,4037.47,-3.52,-2.01,4346.92,0.2801450589301903,0.2520398912058023,0.1441523118766999,0.3236627379873073,46535.57,8378.86
Pizza,26491,Lucky Pizza Bistro,QSR,South Auckland,1.05,42.76,1276,271,11587.96,352,201,452,15051.52,8594.76,19327.52,0.210227783732116,0.438780712056905,0.3,18,5.31,2400.12,4067.28,767.5,438.26,4383.68,0.2123824451410658,0.2758620689655172,0.1575235109717868,0.3542319749216301,54561.759999999995,9656.720000000001
Pizza,25292,Lucky Pizza Grill,QSR,West Auckland,1.04,34.98,1162,217,7590.66,331,189,425,11578.38,6611.22,14866.5,0.236099762544036,0.438484684517607,0.28,18,5.31,2256.75,2470.12,525.84,300.25,2581.04,0.1867469879518072,0.2848537005163511,0.1626506024096385,0.3657487091222031,40646.76,5877.25
Pizza,25186,King Pizza Bistro,Cafe,North Shore,1.03,44.93,1146,250,11232.5,314,179,403,14108.02,8042.47,18106.79,0.21141081430018,0.359518893412314,0.33,9,2.66,1071.98,4819.53,1397.69,796.77,6697.11,0.2181500872600349,0.2739965095986038,0.156195462478185,0.3516579406631762,51489.78,13711.099999999999
Pizza,26114,King Pizza Eatery,Cafe,South Auckland,1.05,40.25,942,228,9177.0,250,143,321,10062.5,5755.75,12920.25,0.275714058354497,0.384198272461072,0.32,11,3.25,1043.25,3120.98,202.13,115.62,3350.77,0.2420382165605095,0.2653927813163482,0.1518046709129511,0.340764331210191,37915.5,6789.5
Pizza,25876,Classic Pizza Diner,Full-service,West Auckland,1.04,40.51,1837,612,24792.12,429,245,551,17378.79,9924.95,22321.01,0.376616796280723,0.496469203196466,0.28,9,2.66,1465.66,3146.47,-2660.45,-1519.37,1367.19,0.3331518780620577,0.2335329341317365,0.1333696243875884,0.2999455634186173,74416.87,333.84000000000015
Pizza,25390,Classic Pizza Diner,QSR,West Auckland,1.04,34.08,958,209,7122.72,262,150,337,8928.96,5112.0,11484.96,0.251370042897761,0.351589107490145,0.31,13,3.84,1294.08,2828.01,777.18,444.95,3265.92,0.2181628392484342,0.2734864300626304,0.1565762004175365,0.3517745302713987,32648.64,7316.0599999999995
Pizza,26149,Classic Pizza Bistro,Cafe,West Auckland,1.04,39.35,1881,575,22626.25,457,261,588,17982.95,10270.35,23137.8,0.249205620121211,0.392973104561679,0.32,13,3.84,2257.92,8096.15,680.14,388.44,6021.28,0.3056884635832004,0.2429558745348219,0.138755980861244,0.3125996810207336,74017.34999999999,15186.009999999998
Pizza,25448,Urban Pizza Tavern,QSR,West Auckland,1.04,44.34,754,160,7094.4,208,119,267,9222.72,5276.46,11838.78,0.203992223143578,0.406685894890688,0.28,4,1.18,315.06,2762.01,1008.25,576.83,4294.04,0.2122015915119363,0.2758620689655172,0.1578249336870026,0.3541114058355438,33432.36,8641.130000000001
Pizza,25032,Urban Pizza House,Ghost Kitchen,South Auckland,1.05,41.06,949,45,1847.7,316,181,407,12974.96,7431.86,16711.42,0.282779273379128,0.280021977855358,0.32,12,3.54,1440.78,807.81,1520.65,871.0,5865.43,0.0474183350895679,0.3329820864067439,0.19072708113804,0.428872497365648,38965.94,9064.89
Pizza,25045,King Pizza Diner,QSR,South Auckland,1.05,46.66,1516,322,15024.52,418,239,537,19503.88,11151.74,25056.42,0.210184778869152,0.444766892120242,0.32,8,2.36,1267.32,5184.19,488.54,279.33,7378.36,0.2124010554089709,0.2757255936675462,0.1576517150395778,0.354221635883905,70736.56,13330.419999999998
Pizza,26259,Classic Pizza House,Ghost Kitchen,South Auckland,1.05,45.51,551,36,1638.36,180,103,232,8191.8,4687.53,10558.32,0.264104922662955,0.221715733525343,0.28,10,2.95,684.4,842.41,1918.35,1097.72,4744.47,0.0653357531760435,0.3266787658802177,0.1869328493647913,0.4210526315789473,25076.01,8602.95
Pizza,25411,Top Pizza Cafe,QSR,CBD,0.99,33.7,921,190,6403.0,256,146,329,8627.2,4920.2,11087.3,0.213650381229818,0.382427730807103,0.32,14,4.13,1358.77,2586.31,724.01,412.91,3119.63,0.2062975027144408,0.2779587404994571,0.1585233441910966,0.3572204125950054,31037.7,6842.86
Pizza,25156,Urban Pizza Corner,Cafe,CBD,0.99,31.97,796,219,7001.43,202,115,260,6457.94,3676.55,8312.2,0.26826592143625,0.427995915315114,0.31,10,2.95,767.0,2126.6,-40.44,-23.02,1757.73,0.2751256281407035,0.2537688442211055,0.1444723618090452,0.3266331658291457,25448.12,3820.87
Pizza,25521,Urban Pizza Bistro,QSR,South Auckland,1.05,39.54,1492,278,10992.12,425,243,546,16804.5,9608.22,21588.84,0.207473446819931,0.400803267979063,0.33,5,1.48,808.08,4305.87,1037.23,593.05,7648.77,0.1863270777479893,0.2848525469168901,0.1628686327077748,0.3659517426273458,58993.68000000001,13584.920000000002
Pizza,25052,Top Pizza Corner,Cafe,North Shore,1.03,38.47,1560,350,13464.5,424,242,544,16311.28,9309.74,20927.68,0.262573087029159,0.402647344418801,0.28,18,5.31,2888.64,4507.64,893.52,509.98,4117.52,0.2243589743589743,0.2717948717948718,0.1551282051282051,0.3487179487179487,60013.2,10028.66
Pizza,25569,King Pizza House,Cafe,West Auckland,1.04,40.68,1638,378,15377.04,441,252,567,17939.88,10251.36,23065.56,0.254423635620624,0.409830391569994,0.29,9,2.66,1508.22,5162.78,820.68,468.96,6235.95,0.2307692307692307,0.2692307692307692,0.1538461538461538,0.3461538461538461,66633.84,12688.369999999999
Pizza,26190,Top Pizza Eatery,Cafe,North Shore,1.03,41.48,633,153,6346.44,168,96,216,6968.64,3982.08,8959.68,0.27351445902139,0.38731206075754,0.29,6,1.77,382.32,2152.54,342.67,195.81,2656.57,0.2417061611374407,0.2654028436018957,0.1516587677725118,0.3412322274881517,26256.84,5347.59
Pizza,25059,Urban Pizza Eatery,Ghost Kitchen,North Shore,1.03,45.97,664,19,873.43,226,129,290,10389.22,5930.13,13331.3,0.298367746442091,0.202721908153035,0.28,4,1.18,342.2,435.76,2274.31,1298.17,6308.92,0.0286144578313253,0.3403614457831325,0.1942771084337349,0.4367469879518072,30524.079999999998,10317.16
Pizza,26354,King Pizza Diner,QSR,CBD,0.99,33.25,1797,359,11936.75,503,288,647,16724.75,9576.0,21512.75,0.264598916620016,0.418979843868874,0.29,12,3.54,2290.38,3777.04,441.89,253.01,4516.71,0.1997774067890929,0.2799109627156371,0.1602671118530884,0.3600445186421814,59750.25,8988.650000000001
Pizza,25021,Top Pizza Corner,Ghost Kitchen,West Auckland,1.04,44.06,1311,108,4758.48,421,241,541,18549.26,10618.46,23836.46,0.277915946999565,0.264987401163671,0.3,13,3.84,2077.44,2175.09,2914.03,1668.12,8818.13,0.0823798627002288,0.3211289092295957,0.1838291380625476,0.4126620900076277,57762.659999999996,15575.369999999999
Pizza,25089,King Pizza House,Ghost Kitchen,North Shore,1.03,38.54,1361,112,4316.48,437,250,562,16841.98,9635.0,21659.48,0.256606098311022,0.271410880971234,0.32,10,2.95,1657.9,2037.31,2559.69,1464.36,8565.01,0.0822924320352681,0.3210874357090374,0.1836884643644379,0.4129316678912564,52452.94,14626.369999999999
Pizza,25818,Classic Pizza Grill,QSR,West Auckland,1.04,33.74,638,147,4959.78,172,98,221,5803.28,3306.52,7456.54,0.219004604425281,0.355166189209558,0.31,4,1.18,260.78,2112.02,672.19,382.99,2914.43,0.2304075235109718,0.2695924764890282,0.1536050156739812,0.3463949843260188,21526.12,6081.629999999999
Pizza,25590,Lucky Pizza Bistro,Cafe,CBD,0.99,35.03,1115,237,8302.11,307,176,395,10754.21,6165.28,13836.85,0.213621605206281,0.41267359952908,0.32,8,2.36,932.2,3102.54,577.55,331.11,4238.7,0.2125560538116591,0.2753363228699551,0.1578475336322869,0.3542600896860987,39058.45,8249.9
Pizza,25309,Lucky Pizza Kitchen,Cafe,CBD,0.99,32.37,950,230,7445.1,252,144,324,8157.24,4661.28,10487.88,0.239426184501499,0.350427772384137,0.28,7,2.07,670.68,3053.58,1061.63,606.65,3630.88,0.2421052631578947,0.2652631578947368,0.151578947368421,0.3410526315789474,30751.5,8352.74
Pizza,25066,Lucky Pizza Tavern,Cafe,West Auckland,1.04,31.86,684,181,5766.66,176,101,226,5607.36,3217.86,7200.36,0.201453050412238,0.406799666606821,0.3,7,2.07,467.82,2259.07,514.46,295.23,2352.9,0.2646198830409357,0.2573099415204678,0.1476608187134503,0.3304093567251462,21792.24,5421.66
Pizza,26632,King Pizza Corner,Cafe,South Auckland,1.05,33.51,1650,504,16889.04,401,229,516,13437.51,7673.79,17291.16,0.265817190427333,0.389184284466319,0.28,5,1.48,763.68,5826.69,873.42,498.79,5201.74,0.3054545454545455,0.243030303030303,0.1387878787878788,0.3127272727272727,55291.5,12400.64
Pizza,26566,Top Pizza Cafe,QSR,CBD,0.99,30.47,791,173,5271.31,216,124,278,6581.52,3778.28,8470.66,0.22002185055986,0.377670614188537,0.3,6,1.77,492.06,2120.69,673.34,386.55,2915.75,0.2187104930467762,0.2730720606826801,0.1567635903919089,0.3514538558786346,24101.770000000004,6096.33
Pizza,25542,Lucky Pizza Cafe,QSR,CBD,0.99,33.2,1461,292,9694.4,409,234,526,13578.8,7768.8,17463.2,0.219637143891305,0.350006533670239,0.29,5,1.48,778.48,4172.05,1905.87,1090.4,6736.92,0.1998631074606434,0.2799452429842574,0.1601642710472279,0.3600273785078713,48505.2,13905.24
Pizza,26607,Classic Pizza Cafe,Ghost Kitchen,West Auckland,1.04,43.15,759,49,2114.35,248,142,320,10701.2,6127.3,13808.0,0.271425134467427,0.310912664898206,0.28,10,2.95,944.0,883.08,1473.15,843.5,4823.08,0.064558629776021,0.3267457180500658,0.1870882740447957,0.4216073781291172,32750.850000000002,8022.8099999999995
Pizza,25394,Lucky Pizza Eatery,Full-service,West Auckland,1.04,32.33,691,182,5884.06,178,102,229,5754.74,3297.66,7403.57,0.365765922877472,0.462057028990239,0.31,10,2.95,675.55,1013.1,-793.14,-454.49,599.17,0.2633863965267728,0.2575976845151954,0.1476121562952243,0.3314037626628075,22340.03,364.64
Pizza,26003,King Pizza Cafe,QSR,West Auckland,1.04,45.3,1799,348,15764.4,508,290,653,23012.4,13137.0,29580.9,0.249556164797395,0.367794939898886,0.29,10,2.95,1926.35,6032.23,2132.07,1217.13,9392.75,0.1934408004446915,0.282379099499722,0.1612006670372429,0.3629794330183435,81494.70000000001,18774.18
Pizza,26166,Classic Pizza Grill,QSR,West Auckland,1.04,39.37,807,156,6141.72,228,130,293,8976.36,5118.1,11535.41,0.216596500258893,0.412169995065779,0.32,6,1.77,518.61,2280.01,459.89,262.22,3763.72,0.1933085501858736,0.2825278810408922,0.161090458488228,0.3630731102850062,31771.59,6765.84
Pizza,25803,Classic Pizza Tavern,QSR,North Shore,1.03,41.53,983,203,8430.59,273,156,351,11337.69,6478.68,14577.03,0.252052213139832,0.397934240568429,0.31,3,0.89,312.39,2950.82,453.66,259.23,4789.77,0.2065106815869786,0.2777212614445575,0.1586978636826042,0.3570701932858596,40823.99,8453.48
Pizza,25117,Classic Pizza Grill,Cafe,CBD,0.99,43.23,1519,441,19064.43,377,216,485,16297.71,9337.68,20966.55,0.263646086733788,0.417766972747631,0.3,16,4.72,2289.2,6073.68,302.92,173.56,4390.47,0.2903225806451613,0.2481895984200131,0.1421988150098749,0.3192890059249506,65666.37,10940.630000000001
Pizza,26372,Urban Pizza House,QSR,South Auckland,1.05,31.92,1973,431,13757.52,540,308,694,17236.8,9831.36,22152.48,0.275863948911428,0.423654155386612,0.31,8,2.36,1637.84,4133.89,-164.06,-93.58,5018.58,0.2184490623416117,0.2736948808920426,0.1561074505828687,0.3517486061834769,62978.16,8894.83
Pizza,26009,Classic Pizza Diner,QSR,North Shore,1.03,31.87,1652,330,10517.1,463,264,595,14755.81,8413.68,18962.65,0.217166916113347,0.448875435185619,0.29,5,1.48,880.6,3512.27,648.63,369.85,5452.12,0.1997578692493946,0.2802663438256658,0.1598062953995157,0.3601694915254237,52649.24,9982.869999999999
Pizza,25809,Classic Pizza Cafe,Full-service,West Auckland,1.04,42.7,999,285,12169.5,250,143,321,10675.0,6106.1,13706.7,0.383385897008702,0.492068280372769,0.28,4,1.18,378.78,1515.66,-1659.47,-949.22,1328.33,0.2852852852852853,0.2502502502502503,0.1431431431431431,0.3213213213213213,42657.3,235.29999999999995
Pizza,25754,Lucky Pizza Kitchen,QSR,South Auckland,1.05,46.67,1006,232,10827.44,271,155,348,12647.57,7233.85,16241.16,0.246417472716421,0.420369215472601,0.27,10,2.95,1026.6,3607.85,799.49,457.28,4385.17,0.2306163021868787,0.2693836978131212,0.1540755467196819,0.345924453280318,46950.020000000004,9249.79
Pizza,25769,Lucky Pizza Bistro,Full-service,West Auckland,1.04,35.07,1328,437,15325.59,312,178,401,10941.84,6242.46,14063.07,0.371737948677037,0.460590566694736,0.29,6,1.77,709.77,2569.66,-1338.5,-763.63,1648.21,0.3290662650602409,0.2349397590361445,0.1340361445783132,0.3019578313253012,46572.96,2115.74
Pizza,25570,Top Pizza Eatery,Ghost Kitchen,South Auckland,1.05,40.57,1674,138,5598.66,538,307,691,21826.66,12454.99,28033.87,0.250997439259663,0.303737456654198,0.28,7,2.07,1430.37,2492.89,3607.19,2058.38,11052.13,0.082437275985663,0.3213859020310633,0.1833930704898446,0.4127837514934289,67914.18,19210.59
Pizza,25207,King Pizza Cafe,Cafe,South Auckland,1.05,42.25,1507,365,15421.25,400,228,514,16900.0,9633.0,21716.5,0.212588602863252,0.365123184677213,0.28,12,3.54,1819.56,6512.21,2404.67,1370.66,7351.06,0.2422030524220305,0.26542800265428,0.1512939615129396,0.3410749834107498,63670.75,17638.600000000002
Pizza,25613,Top Pizza Kitchen,QSR,West Auckland,1.04,35.79,601,127,4545.33,166,95,213,5941.14,3400.05,7623.27,0.273536871895194,0.379405077779666,0.29,3,0.89,189.57,1577.49,338.99,194.0,2456.15,0.2113144758735441,0.2762063227953411,0.1580698835274542,0.3544093178036606,21509.79,4566.63
Pizza,25965,Urban Pizza Kitchen,Ghost Kitchen,CBD,0.99,37.35,1243,113,4220.55,396,226,508,14790.6,8441.1,18973.8,0.261534472100902,0.329363200906664,0.29,16,4.72,2397.76,1726.64,1761.59,1005.35,5364.47,0.0909090909090909,0.3185840707964602,0.1818181818181818,0.4086886564762671,46426.05,9858.05
Pizza,25251,Top Pizza Tavern,QSR,West Auckland,1.04,39.53,850,196,7747.88,229,131,294,9052.37,5178.43,11621.82,0.210827452465892,0.443278017593548,0.28,16,4.72,1387.68,2679.95,596.5,341.23,2632.24,0.2305882352941176,0.2694117647058823,0.1541176470588235,0.3458823529411765,33600.5,6249.92
Pizza,26019,Top Pizza House,Cafe,CBD,0.99,33.37,1573,473,15784.01,385,220,495,12847.45,7341.4,16518.15,0.205387951526791,0.375505004567094,0.32,4,1.18,584.1,6615.19,1273.27,727.58,6338.77,0.3006993006993007,0.2447552447552447,0.1398601398601398,0.3146853146853147,52491.01,14954.81
Pizza,26305,Classic Pizza Eatery,Full-service,West Auckland,1.04,42.95,1726,560,24052.0,408,233,525,17523.6,10007.35,22548.75,0.360291346011218,0.463856639107689,0.29,8,2.36,1239.0,4229.59,-2000.28,-1142.32,2726.24,0.3244495944380069,0.2363847045191193,0.1349942062572421,0.3041714947856315,74131.7,3813.2300000000005
Pizza,25419,Urban Pizza Grill,Cafe,North Shore,1.03,46.18,1408,402,18564.36,352,201,453,16255.36,9282.18,20919.54,0.241740224659443,0.350460662622936,0.28,3,0.89,403.17,7570.53,2077.42,1186.25,8127.8,0.2855113636363636,0.25,0.1427556818181818,0.3217329545454545,65021.44,18962.0
Pizza,25298,Classic Pizza Eatery,QSR,South Auckland,1.05,46.82,1915,395,18493.9,532,304,684,24908.24,14233.28,32024.88,0.212524151783437,0.379625272634439,0.33,17,5.02,3433.68,7542.75,1939.12,1108.07,9627.69,0.206266318537859,0.2778067885117493,0.1587467362924282,0.3571801566579634,89660.3,20217.629999999997
Pizza,26026,Top Pizza House,QSR,South Auckland,1.05,38.89,1752,361,14039.29,487,278,626,18939.43,10811.42,24345.14,0.208394578658044,0.364359660004266,0.29,15,4.43,2773.18,5998.23,2599.36,1483.82,7628.18,0.2060502283105023,0.2779680365296804,0.158675799086758,0.3573059360730594,68135.28,17709.59
Pizza,25099,King Pizza Corner,Cafe,West Auckland,1.04,44.19,1161,281,12417.39,308,176,396,13610.52,7777.44,17499.24,0.228979936819524,0.368020160286687,0.32,18,5.31,2102.76,5004.21,1129.67,645.53,4949.43,0.2420327304048234,0.2652885443583118,0.1515934539190353,0.3410852713178294,51304.59,11728.84
Pizza,25827,King Pizza Cafe,Cafe,North Shore,1.03,37.15,1367,307,11405.05,371,212,477,13782.65,7875.8,17720.55,0.261949094720185,0.413957369280979,0.29,12,3.54,1688.58,3696.3,469.9,268.51,4054.54,0.2245793708851499,0.2713972201901975,0.15508412582297,0.3489392831016825,50784.05,8489.25
Pizza,26031,Classic Pizza Grill,QSR,South Auckland,1.05,38.06,1219,259,9857.54,336,192,432,12788.16,7307.52,16441.92,0.262302445080131,0.415148430038244,0.32,16,4.72,2039.04,3179.54,32.6,18.63,3264.29,0.2124692370795734,0.2756357670221493,0.1575061525840853,0.3543888433141919,46395.14,6495.0599999999995
Pizza,26462,Top Pizza Kitchen,Full-service,South Auckland,1.05,34.28,959,336,11518.08,218,125,280,7473.04,4285.0,9598.4,0.354684280639049,0.46363368681632,0.31,14,4.13,1156.4,2092.63,-958.93,-549.84,587.46,0.3503649635036496,0.2273201251303441,0.1303441084462982,0.291970802919708,32874.52,1171.3200000000002
Pizza,26156,Lucky Pizza Cafe,Cafe,South Auckland,1.05,36.42,1480,314,11435.88,408,233,525,14859.36,8485.86,19120.5,0.22169165449217,0.404737669951282,0.3,11,3.25,1706.25,4272.11,1093.21,624.31,5436.61,0.2121621621621621,0.2756756756756757,0.1574324324324324,0.3547297297297297,53901.6,11426.239999999998
Pizza,25185,Lucky Pizza Eatery,Cafe,South Auckland,1.05,44.86,1890,401,17988.86,521,298,670,23372.06,13368.28,30056.2,0.268234470058233,0.36376653232146,0.31,11,3.25,2177.5,6619.88,1355.56,775.35,8883.15,0.2121693121693121,0.2756613756613756,0.1576719576719576,0.3544973544973545,84785.4,17633.940000000002
Pizza,25306,Top Pizza Bistro,Cafe,North Shore,1.03,32.49,1874,443,14393.07,501,286,644,16277.49,9292.14,20923.56,0.211561268102378,0.428478834335692,0.3,10,2.95,1899.8,5180.93,976.0,557.16,5631.84,0.2363927427961579,0.2673425827107791,0.1526147278548559,0.343649946638207,60886.259999999995,12345.93
Pizza,26683,Classic Pizza Kitchen,Ghost Kitchen,North Shore,1.03,31.6,1152,75,2370.0,377,215,485,11913.2,6794.0,15326.0,0.277710302080959,0.246876524039544,0.31,16,4.72,2289.2,1126.73,1970.6,1123.82,4996.98,0.0651041666666666,0.3272569444444444,0.1866319444444444,0.4210069444444444,36403.2,9218.13
Pizza,26199,Urban Pizza House,Ghost Kitchen,CBD,0.99,41.76,1550,114,4760.64,503,287,646,21005.28,11985.12,26976.96,0.251157670479733,0.283551557466853,0.32,12,3.54,2286.84,2215.08,3051.87,1741.33,10265.29,0.0735483870967741,0.324516129032258,0.1851612903225806,0.4167741935483871,64728.0,17273.57
Pizza,26685,Top Pizza Grill,Cafe,South Auckland,1.05,32.52,1572,381,12390.12,417,238,536,13560.84,7739.76,17430.72,0.264908879436553,0.431599406059831,0.28,15,4.43,2374.48,3760.3,318.57,181.82,2915.6,0.2423664122137404,0.2652671755725191,0.1513994910941475,0.3409669211195928,51121.44,7176.290000000001
Pizza,26040,Classic Pizza Eatery,Cafe,West Auckland,1.04,45.41,645,167,7583.47,167,96,215,7583.47,4359.36,9763.15,0.23747000830248,0.351939670136198,0.33,8,2.36,507.4,3113.7,611.15,351.32,3501.25,0.2589147286821705,0.2589147286821705,0.1488372093023255,0.3333333333333333,29289.449999999997,7577.42
Pizza,26527,Lucky Pizza Grill,QSR,West Auckland,1.04,40.03,1788,334,13370.02,509,291,654,20375.27,11648.73,26179.62,0.265336340069771,0.355893923784606,0.3,4,1.18,771.72,5064.16,1604.95,917.57,9144.33,0.1868008948545861,0.284675615212528,0.1627516778523489,0.3657718120805369,71573.64,16731.01
Pizza,25476,King Pizza House,Cafe,North Shore,1.03,33.94,1230,312,10589.28,321,184,413,10894.74,6244.96,14017.22,0.235909214038402,0.432622270612046,0.3,14,4.13,1705.69,3510.01,342.84,196.52,2940.58,0.2536585365853658,0.2609756097560975,0.1495934959349593,0.3357723577235772,41746.2,6989.950000000001
Pizza,26447,Lucky Pizza Tavern,QSR,CBD,0.99,37.78,510,105,3966.9,142,81,182,5364.76,3060.18,6875.96,0.219402919951826,0.387422295310535,0.29,11,3.25,591.5,1559.69,553.51,315.73,2111.95,0.2058823529411764,0.2784313725490196,0.1588235294117647,0.3568627450980392,19267.8,4540.879999999999
Pizza,26204,Urban Pizza Grill,Full-service,South Auckland,1.05,38.05,1440,480,18264.0,336,192,432,12784.8,7305.6,16437.6,0.354036158137023,0.469472704455256,0.31,14,4.13,1784.16,3223.43,-1706.88,-975.36,1116.93,0.3333333333333333,0.2333333333333333,0.1333333333333333,0.3,54792.0,1658.12
Pizza,26248,Lucky Pizza Bistro,QSR,North Shore,1.03,34.53,610,110,3798.3,175,100,225,6042.75,3453.0,7769.25,0.205075883027166,0.422484085522592,0.29,14,4.13,929.25,1414.64,498.16,284.67,1964.33,0.180327868852459,0.2868852459016393,0.1639344262295081,0.3688524590163934,21063.3,4161.8
Pizza,26087,King Pizza Diner,QSR,West Auckland,1.04,36.97,562,97,3586.09,163,93,209,6026.11,3438.21,7726.73,0.211319308709353,0.364706583460793,0.33,15,4.43,925.87,1520.41,566.3,323.1,2350.06,0.1725978647686832,0.2900355871886121,0.1654804270462633,0.3718861209964413,20777.14,4759.87
Pizza,25927,Urban Pizza Diner,Cafe,North Shore,1.03,36.69,1847,518,19005.42,465,266,598,17060.85,9759.54,21940.62,0.22458380041644,0.426185134565458,0.29,12,3.54,2116.92,6637.28,1010.53,578.07,5545.43,0.2804547915538711,0.2517596101786681,0.1440173253925284,0.3237682728749323,67766.43,13771.31
Pizza,25323,Lucky Pizza Cafe,QSR,CBD,0.99,40.18,1324,238,9562.84,380,217,489,15268.4,8719.06,19648.02,0.226196177601814,0.421025983220898,0.28,9,2.66,1300.74,3373.56,1111.2,634.55,5630.65,0.1797583081570997,0.2870090634441087,0.1638972809667673,0.3693353474320242,53198.31999999999,10749.96
Pizza,26172,Top Pizza Cafe,Cafe,South Auckland,1.05,36.39,1808,468,17030.52,469,268,603,17066.91,9752.52,21943.17,0.274704319536686,0.355725291324779,0.28,13,3.84,2315.52,6293.98,1528.69,873.54,5794.03,0.2588495575221239,0.2594026548672566,0.1482300884955752,0.3335176991150442,65793.12,14490.239999999998
Pizza,25201,Lucky Pizza Kitchen,QSR,West Auckland,1.04,41.26,893,195,8045.7,244,140,314,10067.44,5776.4,12955.64,0.2314166527614,0.404841993562877,0.33,18,5.31,1667.34,2926.55,339.69,194.9,3045.16,0.2183650615901455,0.2732362821948488,0.1567749160134378,0.3516237402015677,36845.18,6506.3
Pizza,25687,Classic Pizza Corner,Cafe,West Auckland,1.04,33.9,1465,403,13661.7,372,212,478,12610.8,7186.8,16204.2,0.278441960271448,0.387741360720247,0.29,6,1.77,846.06,4560.5,552.56,314.9,4563.17,0.2750853242320819,0.2539249146757679,0.1447098976109215,0.3262798634812286,49663.5,9991.13
Pizza,26378,King Pizza Cafe,Ghost Kitchen,West Auckland,1.04,42.33,1544,73,3090.09,515,294,662,21799.95,12445.02,28022.46,0.266469525475986,0.296299077291042,0.3,9,2.66,1760.92,1351.08,2991.64,1707.85,10491.38,0.0472797927461139,0.3335492227979275,0.1904145077720207,0.4287564766839378,65357.52,16541.949999999997
Pizza,25530,Classic Pizza Corner,QSR,North Shore,1.03,38.97,1767,364,14185.08,491,281,631,19134.27,10950.57,24590.07,0.201766975428909,0.403794487263076,0.31,5,1.48,933.88,5595.14,1615.67,924.65,8765.39,0.2059988681380871,0.2778720996038483,0.1590265987549519,0.3571024335031126,68859.98999999999,16900.85
Pizza,25989,Classic Pizza Grill,QSR,CBD,0.99,43.26,1794,414,17909.64,483,276,621,20894.58,11939.76,26864.46,0.222421052791178,0.400567384716123,0.27,8,2.36,1465.56,6752.14,2235.96,1277.69,8662.65,0.2307692307692307,0.2692307692307692,0.1538461538461538,0.3461538461538461,77608.44,18928.440000000002
Pizza,25533,Urban Pizza Kitchen,Cafe,West Auckland,1.04,39.97,1712,415,16587.55,454,259,584,18146.38,10352.23,23342.48,0.268391657341272,0.386257217801176,0.28,12,3.54,2067.36,5728.53,1185.89,676.53,5993.99,0.2424065420560747,0.2651869158878505,0.1512850467289719,0.3411214953271028,68428.64,13584.939999999999
Pizza,25897,Top Pizza Grill,QSR,CBD,0.99,40.49,734,137,5547.13,209,119,269,8462.41,4818.31,10891.81,0.250187468975782,0.406437873025425,0.32,5,1.48,398.12,1904.74,197.81,112.63,3341.85,0.1866485013623978,0.2847411444141689,0.162125340599455,0.3664850136239782,29719.660000000003,5557.030000000001
Pizza,26059,King Pizza Corner,QSR,CBD,0.99,41.01,1536,326,13369.26,424,242,544,17388.24,9924.42,22309.44,0.22324148543179,0.408812938630581,0.29,3,0.89,484.16,4919.16,1355.34,773.56,7724.5,0.2122395833333333,0.2760416666666667,0.1575520833333333,0.3541666666666667,62991.36,14772.56
Pizza,25657,Top Pizza House,Ghost Kitchen,West Auckland,1.04,44.67,1309,74,3305.58,432,247,556,19297.44,11033.49,24836.52,0.264117752609309,0.244468622235581,0.29,8,2.36,1312.16,1624.41,3886.77,2222.3,10892.84,0.0565317035905271,0.3300229182582124,0.1886936592818945,0.4247517188693659,58473.03,18626.32
Pizza,25620,Urban Pizza Bistro,QSR,South Auckland,1.05,43.51,1521,332,14445.32,416,238,535,18100.16,10355.38,23277.85,0.265463373530656,0.44839600706473,0.3,16,4.72,2525.2,4133.39,-250.86,-143.52,4135.54,0.2182774490466798,0.2735042735042735,0.1564760026298488,0.3517422748191979,66178.70999999999,7874.55
Pizza,25863,King Pizza Tavern,Full-service,CBD,0.99,33.33,970,296,9865.68,236,135,303,7865.88,4499.55,10098.99,0.37359734174097,0.482115125725977,0.31,7,2.07,627.21,1423.49,-1303.47,-745.63,829.95,0.3051546391752577,0.2432989690721649,0.1391752577319587,0.3123711340206185,32330.1,204.34000000000003
Pizza,26188,Classic Pizza Tavern,Full-service,South Auckland,1.05,33.24,1755,600,19944.0,404,231,520,13428.96,7678.44,17284.8,0.380446089350153,0.461335604358464,0.31,4,1.18,613.6,3155.51,-2038.27,-1165.45,2121.17,0.3418803418803419,0.2301994301994302,0.1316239316239316,0.2962962962962963,58336.2,2072.96
Pizza,26271,Classic Pizza Bistro,QSR,South Auckland,1.05,39.47,1174,234,9235.98,329,188,423,12985.63,7420.36,16695.81,0.27053945383057,0.412952751899138,0.28,17,5.02,2123.46,2923.26,474.08,270.9,3160.89,0.1993185689948892,0.2802385008517887,0.1601362862010221,0.3603066439522998,46337.78,6829.13
Pizza,25504,Top Pizza Tavern,QSR,West Auckland,1.04,32.61,1703,340,11087.4,477,273,613,15554.97,8902.53,19989.93,0.210267849005759,0.409942656871863,0.3,15,4.43,2715.59,4210.88,1241.12,710.33,4876.38,0.1996476805637111,0.280093951849677,0.1603053435114503,0.3599530240751615,55534.83,11038.71
Pizza,25894,King Pizza Grill,Cafe,CBD,0.99,36.87,1251,288,10618.56,337,193,433,12425.19,7115.91,15964.71,0.230757518429309,0.411095651169308,0.29,17,5.02,2173.66,3803.0,846.74,484.93,3544.05,0.2302158273381295,0.2693844924060751,0.1542765787370104,0.3461231015187849,46124.369999999995,8678.720000000001
Pizza,26558,Top Pizza Kitchen,QSR,South Auckland,1.05,35.55,1184,244,8674.2,329,188,423,11695.95,6683.4,15037.65,0.232291806284338,0.425341091142036,0.32,8,2.36,998.28,2969.76,261.6,149.49,4150.12,0.206081081081081,0.2778716216216216,0.1587837837837837,0.3572635135135135,42091.200000000004,7530.97
Pizza,25427,Lucky Pizza Bistro,QSR,North Shore,1.03,44.82,700,135,6050.7,198,113,254,8874.36,5064.66,11384.28,0.221595377549529,0.442231499240734,0.28,8,2.36,599.44,2034.08,498.5,284.5,3227.65,0.1928571428571428,0.2828571428571428,0.1614285714285714,0.3628571428571429,31374.0,6044.73
Pizza,26357,Classic Pizza House,QSR,CBD,0.99,38.57,1817,419,16160.83,489,280,629,18860.73,10799.6,24260.53,0.274983283169568,0.411861554463394,0.31,11,3.25,2044.25,5060.85,59.51,34.07,5553.06,0.2305998899284534,0.2691249312052834,0.1541001651073197,0.3461750137589433,70081.69,10707.490000000002
Pizza,25791,Classic Pizza Bistro,Ghost Kitchen,South Auckland,1.05,46.18,1554,45,2078.1,528,302,679,24383.04,13946.36,31356.22,0.260823890322354,0.285453697992489,0.31,5,1.48,1004.92,942.88,3504.39,2004.4,13222.1,0.0289575289575289,0.3397683397683397,0.1943371943371943,0.4369369369369369,71763.72,19673.77
Pizza,25753,Urban Pizza Kitchen,QSR,West Auckland,1.04,38.52,799,179,6895.08,217,124,279,8358.84,4776.48,10747.08,0.2278426746279,0.37117026054766,0.32,10,2.95,823.05,2764.84,676.96,386.83,3486.39,0.2240300375469336,0.2715894868585732,0.1551939924906132,0.3491864831038798,30777.480000000003,7315.02
Pizza,25147,King Pizza Eatery,QSR,CBD,0.99,36.78,1208,264,9709.92,330,189,425,12137.4,6951.42,15631.5,0.233279583901167,0.399572163308039,0.27,12,3.54,1504.5,3564.98,1179.13,675.32,4234.58,0.2185430463576159,0.2731788079470199,0.1564569536423841,0.3518211920529801,44430.24,9654.01
Pizza,26576,King Pizza Kitchen,Full-service,North Shore,1.03,39.31,713,250,9827.5,162,93,208,6368.22,3655.83,8176.48,0.365208660904318,0.481922784657218,0.31,17,5.02,1044.16,1502.32,-1000.65,-574.45,205.77,0.3506311360448808,0.2272089761570827,0.1304347826086956,0.2917251051893408,28028.030000000002,132.98999999999992
Pizza,25231,Top Pizza House,Full-service,CBD,0.99,30.58,1608,459,14036.22,402,230,517,12293.16,7033.4,15809.86,0.37593185986625,0.479613355943002,0.32,3,0.89,460.13,2027.6,-2158.01,-1234.68,1823.68,0.2854477611940298,0.25,0.1430348258706467,0.3215174129353234,49172.64,458.5899999999997
Pizza,26645,Urban Pizza Tavern,Cafe,North Shore,1.03,45.34,666,172,7798.48,173,99,222,7843.82,4488.66,10065.48,0.224250628240407,0.428476972575299,0.29,11,3.25,721.5,2708.2,449.23,257.08,2773.96,0.2582582582582582,0.2597597597597597,0.1486486486486486,0.3333333333333333,30196.44,6188.469999999999
Pizza,25757,Top Pizza Kitchen,Cafe,South Auckland,1.05,38.02,1872,386,14675.72,520,297,669,19770.4,11291.94,25435.38,0.210788026470691,0.409318629535846,0.33,12,3.54,2368.26,5575.21,986.41,563.39,7294.47,0.2061965811965811,0.2777777777777778,0.1586538461538461,0.3573717948717949,71173.44,14419.48
Pizza,25314,Lucky Pizza Eatery,QSR,South Auckland,1.05,38.23,1116,186,7110.78,326,186,418,12462.98,7110.78,15980.14,0.21774673609063,0.420422325958498,0.32,3,0.89,372.02,2572.9,521.34,297.45,5410.09,0.1666666666666666,0.2921146953405018,0.1666666666666666,0.3745519713261648,42664.67999999999,8801.78
Pizza,26635,Urban Pizza Eatery,Ghost Kitchen,South Auckland,1.05,33.14,1066,60,1988.4,352,201,453,11665.28,6661.14,15012.42,0.266349605016876,0.246469770360272,0.31,14,4.13,1870.89,968.71,2066.86,1180.22,5442.87,0.0562851782363977,0.3302063789868668,0.1885553470919324,0.424953095684803,35327.24,9658.66
Pizza,26287,Lucky Pizza Diner,Full-service,North Shore,1.03,37.66,784,250,9415.0,187,107,240,7042.42,4029.62,9038.4,0.356693005922716,0.507279146322981,0.31,7,2.07,496.8,1280.7,-1225.18,-701.04,732.67,0.3188775510204081,0.2385204081632653,0.1364795918367347,0.3061224489795918,29525.439999999995,87.14999999999998
Pizza,26086,Top Pizza House,QSR,South Auckland,1.05,42.92,1520,304,13047.68,426,243,547,18283.92,10429.56,23477.24,0.258586943577975,0.380055402358994,0.3,12,3.54,1936.38,4714.88,1121.86,639.93,6547.3,0.2,0.2802631578947368,0.1598684210526315,0.3598684210526315,65238.399999999994,13023.970000000001
Pizza,25966,Classic Pizza House,Cafe,CBD,0.99,35.69,1155,273,9743.37,309,176,397,11028.21,6281.44,14168.93,0.221838189810514,0.383769589895383,0.33,10,2.95,1171.15,3842.71,710.13,404.48,4416.97,0.2363636363636363,0.2675324675324675,0.1523809523809524,0.3437229437229437,41221.95,9374.29
Pizza,26453,King Pizza Cafe,Full-service,South Auckland,1.05,34.03,1597,532,18103.96,373,213,479,12693.19,7248.39,16300.37,0.352824207977392,0.478757399367169,0.31,9,2.66,1274.14,3049.04,-1797.12,-1026.24,1471.14,0.3331246086412022,0.2335629304946775,0.1333750782717595,0.2999373825923607,54345.91,1696.8200000000002
Pizza,25684,Lucky Pizza Cafe,Ghost Kitchen,South Auckland,1.05,32.73,579,16,523.68,197,113,253,6447.81,3698.49,8280.69,0.297161236905958,0.348697689175606,0.33,5,1.48,374.44,185.46,155.66,89.29,2558.09,0.0276338514680483,0.3402417962003454,0.1951640759930915,0.4369602763385147,18950.67,2988.5
Pizza,26063,Classic Pizza Diner,QSR,North Shore,1.03,43.18,1682,325,14033.5,475,271,611,20510.5,11701.78,26382.98,0.258607159834355,0.377645602985285,0.3,13,3.84,2346.24,5104.65,1307.49,745.96,7250.5,0.1932223543400713,0.2824019024970273,0.1611177170035672,0.3632580261593341,72628.76,14408.599999999999
Pizza,25217,Urban Pizza Kitchen,Cafe,West Auckland,1.04,32.22,708,179,5767.38,185,106,238,5960.7,3415.32,7668.36,0.246987310424447,0.444379509147257,0.28,14,4.13,982.94,1780.0,170.67,97.79,1383.77,0.2528248587570621,0.2612994350282486,0.1497175141242938,0.3361581920903955,22811.76,3432.23
Pizza,25326,Top Pizza Cafe,QSR,South Auckland,1.05,42.59,1591,357,15204.63,432,247,555,18398.88,10519.73,23637.45,0.235044760350138,0.445425680442713,0.31,17,5.02,2786.1,4858.33,175.33,100.25,4766.76,0.2243871778755499,0.2715273412947832,0.1552482715273413,0.3488372093023256,67760.69,9900.67
Pizza,26273,Urban Pizza Diner,Cafe,North Shore,1.03,31.9,1628,457,14578.3,410,234,527,13079.0,7464.6,16811.3,0.217616390939802,0.397422544937581,0.31,7,2.07,1090.89,5612.08,980.42,559.55,5380.81,0.2807125307125307,0.2518427518427518,0.1437346437346437,0.3237100737100737,51933.2,12532.86
Pizza,25574,Lucky Pizza Kitchen,Cafe,South Auckland,1.05,42.64,974,194,8272.16,273,156,351,11640.72,6651.84,14966.64,0.220691327489913,0.351094515947625,0.27,11,3.25,1140.75,3542.26,1841.73,1052.42,5268.18,0.1991786447638603,0.2802874743326489,0.1601642710472279,0.3603696098562628,41531.36,11704.59
Pizza,26436,Lucky Pizza Diner,Cafe,West Auckland,1.04,39.72,629,133,5282.76,174,99,223,6911.28,3932.28,8857.56,0.254427242632955,0.35761677462142,0.32,18,5.31,1184.13,2049.48,469.66,267.22,2252.21,0.2114467408585055,0.2766295707472178,0.1573926868044515,0.3545310015898251,24983.88,5038.57
Pizza,26546,Top Pizza Tavern,QSR,North Shore,1.03,39.02,1525,254,9911.08,445,254,572,17363.9,9911.08,22319.44,0.245379131063819,0.369287444860674,0.29,8,2.36,1349.92,3819.07,1655.36,944.86,7250.51,0.1665573770491803,0.2918032786885245,0.1665573770491803,0.3750819672131147,59505.5,13669.8
Pizza,26426,Top Pizza House,QSR,South Auckland,1.05,37.63,1638,378,14224.14,441,252,567,16594.83,9482.76,21336.21,0.227269722595811,0.430248259799555,0.28,17,5.02,2846.34,4871.51,1036.88,592.5,4460.93,0.2307692307692307,0.2692307692307692,0.1538461538461538,0.3461538461538461,61637.94,10961.82
Pizza,26347,Classic Pizza Kitchen,QSR,North Shore,1.03,39.53,1330,274,10831.22,370,211,475,14626.1,8340.83,18776.75,0.23107464665547,0.390396465361118,0.3,12,3.54,1681.5,4099.93,1148.57,655.0,5426.04,0.2060150375939849,0.2781954887218045,0.1586466165413534,0.3571428571428571,52574.9,11329.54
Pizza,25551,Classic Pizza Tavern,Cafe,South Auckland,1.05,36.52,1788,492,17967.84,454,259,583,16580.08,9458.68,21291.16,0.23395031798631,0.372183835878968,0.3,3,0.89,518.87,7076.92,1556.3,887.85,7866.99,0.2751677852348993,0.2539149888143177,0.1448545861297539,0.326062639821029,65297.759999999995,17388.059999999998
Pizza,26373,Lucky Pizza Kitchen,Cafe,CBD,0.99,30.09,1083,237,7131.33,296,169,381,8906.64,5085.21,11464.29,0.252854062430561,0.350219596992247,0.3,14,4.13,1573.53,2830.61,863.29,492.89,2976.95,0.2188365650969529,0.27331486611265,0.1560480147737765,0.3518005540166205,32587.47,7163.74
Pizza,25271,Lucky Pizza House,Ghost Kitchen,South Auckland,1.05,38.09,1560,45,1714.05,530,303,682,20187.7,11541.27,25977.38,0.265133102447726,0.25546774903778,0.29,6,1.77,1207.14,821.71,3823.53,2185.91,11246.39,0.0288461538461538,0.3397435897435897,0.1942307692307692,0.4371794871794872,59420.40000000001,18077.54
Pizza,25095,Urban Pizza Cafe,Cafe,CBD,0.99,38.96,1150,244,9506.24,317,181,408,12350.32,7051.76,15895.68,0.219332030825317,0.447013895516284,0.3,18,5.31,2166.48,3171.8,415.64,237.32,3137.18,0.2121739130434782,0.2756521739130435,0.157391304347826,0.3547826086956521,44804.0,6961.9400000000005
Pizza,25946,Urban Pizza Bistro,QSR,West Auckland,1.04,45.29,1315,295,13360.55,357,204,459,16168.53,9239.16,20788.11,0.275596019681543,0.386526605347171,0.29,16,4.72,2166.48,4514.23,774.11,442.35,4857.35,0.2243346007604562,0.2714828897338403,0.1551330798479087,0.3490494296577947,59556.350000000006,10588.04
Pizza,25649,Classic Pizza Kitchen,QSR,South Auckland,1.05,39.19,724,162,6348.78,197,112,253,7720.43,4389.28,9915.07,0.213539249114692,0.405171946389601,0.31,8,2.36,597.08,2420.72,550.38,312.91,3183.43,0.223756906077348,0.2720994475138121,0.154696132596685,0.3494475138121547,28373.559999999998,6467.44
Pizza,25934,Urban Pizza Grill,Cafe,North Shore,1.03,45.2,1890,390,17628.0,525,300,675,23730.0,13560.0,30510.0,0.203595286905766,0.379665742721409,0.33,11,3.25,2193.75,7346.27,2058.32,1176.18,10520.96,0.2063492063492063,0.2777777777777778,0.1587301587301587,0.3571428571428571,85428.0,21101.73
Pizza,26476,Lucky Pizza Corner,Full-service,CBD,0.99,31.94,1747,590,18844.6,405,231,521,12935.7,7378.14,16640.74,0.351937074481975,0.474660008121282,0.33,12,3.54,1844.34,3267.71,-2025.69,-1155.4,1041.21,0.3377218088151116,0.2318259874069834,0.1322266742987979,0.298225529479107,55799.18000000001,1127.83
Pizza,25062,Urban Pizza Diner,QSR,North Shore,1.03,35.16,1061,184,6469.44,307,175,395,10794.12,6153.0,13888.2,0.232083459757268,0.375091242347844,0.27,17,5.02,1982.9,2541.36,1325.79,755.74,3472.74,0.1734213006597549,0.2893496701225259,0.1649387370405278,0.3722902921771913,37304.76,8095.63
Pizza,26598,Urban Pizza House,QSR,West Auckland,1.04,43.02,1189,245,10539.9,330,189,425,14196.6,8130.78,18283.5,0.2078494913131,0.381716514099389,0.29,5,1.48,629.0,4325.93,1709.75,979.22,6875.17,0.2060555088309504,0.2775441547518923,0.1589571068124474,0.3574432296047098,51150.78,13890.07
Pizza,26642,Lucky Pizza Bistro,Full-service,North Shore,1.03,31.93,2228,722,23053.46,527,301,678,16827.11,9610.93,21648.54,0.380396651523188,0.472655458748341,0.27,10,2.95,2000.1,3387.66,-2070.61,-1182.65,1181.11,0.3240574506283663,0.2365350089766607,0.1350987432675044,0.3043087971274685,71140.04000000001,1315.5099999999995
Pizza,26495,King Pizza Diner,QSR,South Auckland,1.05,43.36,816,152,6590.72,232,133,299,10059.52,5766.88,12964.64,0.244136251341552,0.372446543793194,0.29,6,1.77,529.23,2527.0,939.73,538.73,4441.64,0.1862745098039215,0.284313725490196,0.1629901960784313,0.3664215686274509,35381.76,8447.1
Pizza,25335,Classic Pizza House,QSR,CBD,0.99,33.29,1294,283,9421.07,354,202,455,11784.66,6724.58,15146.95,0.24593517864123,0.392003784608096,0.33,18,5.31,2416.05,3411.0,377.83,215.6,3068.07,0.2187017001545595,0.2735703245749614,0.1561051004636785,0.3516228748068006,43077.259999999995,7072.5
Pizza,26283,King Pizza Eatery,Cafe,CBD,0.99,33.83,1058,274,9269.42,274,157,353,9269.42,5311.31,11941.99,0.26670686012134,0.398674988886341,0.3,4,1.18,416.54,3101.72,320.89,183.87,3579.47,0.2589792060491493,0.2589792060491493,0.1483931947069943,0.333648393194707,35792.14,7185.949999999999
Pizza,26673,King Pizza Kitchen,QSR,North Shore,1.03,31.05,1897,391,12140.55,527,301,678,16363.35,9346.05,21051.9,0.216746239922941,0.377016343316063,0.33,16,4.72,3200.16,4931.95,1247.5,712.52,5351.91,0.20611491829204,0.2778070637849235,0.1586715867158671,0.3574064312071692,58901.85,12243.88
Pizza,25948,King Pizza Eatery,Cafe,West Auckland,1.04,46.27,2074,514,23782.78,546,312,702,25263.42,14436.24,32481.54,0.214185018092394,0.367701809061691,0.29,6,1.77,1242.54,9943.89,3236.58,1849.47,12338.42,0.2478302796528447,0.2632594021215043,0.150433944069431,0.3384763741562198,95963.98,27368.36
Pizza,26568,Top Pizza Grill,Ghost Kitchen,West Auckland,1.04,35.23,1119,63,2219.49,370,211,475,13035.1,7433.53,16734.25,0.283086201990955,0.206905944633763,0.33,5,1.48,703.0,1131.96,2346.42,1338.09,7831.6,0.0563002680965147,0.3306523681858802,0.1885612153708668,0.4244861483467381,39422.369999999995,12648.07
Pizza,26691,Classic Pizza Bistro,Cafe,South Auckland,1.05,43.57,1042,258,11241.06,274,157,353,11938.18,6840.49,15380.21,0.276894396413118,0.436961538041942,0.3,17,5.02,1772.06,3216.56,-165.41,-94.78,2628.9,0.2476007677543186,0.2629558541266795,0.1506717850287907,0.3387715930902111,45399.939999999995,5585.27
Pizza,25491,Classic Pizza Tavern,Ghost Kitchen,South Auckland,1.05,39.37,517,19,748.03,174,100,224,6850.38,3937.0,8818.88,0.292274127935525,0.231139320065267,0.28,9,2.66,595.84,356.5,1346.69,773.96,3607.12,0.0367504835589942,0.3365570599613153,0.1934235976789168,0.4332688588007737,20354.29,6084.27
Pizza,26129,Urban Pizza Grill,QSR,West Auckland,1.04,36.23,859,182,6593.86,237,135,305,8586.51,4891.05,11050.15,0.209692815709859,0.39881618055515,0.33,6,1.77,539.85,2581.44,527.99,300.76,3786.18,0.2118742724097788,0.2759022118742724,0.1571594877764842,0.3550640279394645,31121.57,7196.370000000001
Pizza,26451,King Pizza Grill,Cafe,CBD,0.99,41.53,874,196,8139.88,237,136,305,9842.61,5648.08,12666.65,0.221420450042933,0.376416661264375,0.3,10,2.95,899.75,3273.56,1005.55,577.02,4194.31,0.2242562929061785,0.2711670480549199,0.1556064073226544,0.3489702517162471,36297.22,9050.439999999999
Pizza,25954,Lucky Pizza Cafe,QSR,CBD,0.99,30.41,880,170,5169.7,248,142,320,7541.68,4318.22,9731.2,0.205783533286303,0.407764682290144,0.32,5,1.48,473.6,1997.84,501.16,286.95,3287.04,0.1931818181818181,0.2818181818181818,0.1613636363636363,0.3636363636363636,26760.800000000003,6072.99
Pizza,25310,Classic Pizza Eatery,Cafe,North Shore,1.03,37.34,859,188,7019.92,235,134,302,8774.9,5003.56,11276.68,0.249307421483099,0.3642220714828,0.29,17,5.02,1516.04,2712.99,846.52,482.7,2842.06,0.2188591385331781,0.2735739231664726,0.1559953434225844,0.3515715948777648,32075.06,6884.2699999999995
Pizza,25794,Lucky Pizza House,Cafe,West Auckland,1.04,36.95,817,237,8757.15,203,116,261,7500.85,4286.2,9643.95,0.256573899816722,0.387745711044408,0.32,18,5.31,1385.91,3114.75,267.63,152.93,2044.25,0.2900856793145654,0.2484700122399021,0.1419828641370869,0.3194614443084455,30188.15,5579.5599999999995
Pizza,26657,Lucky Pizza Bistro,QSR,West Auckland,1.04,33.18,1575,335,11115.3,434,248,558,14400.12,8228.64,18514.44,0.264807686787099,0.357675140909851,0.29,13,3.84,2142.72,4196.22,1260.26,720.15,4846.8,0.2126984126984127,0.2755555555555555,0.1574603174603174,0.3542857142857142,52258.5,11023.43
Pizza,25708,Lucky Pizza Tavern,Cafe,North Shore,1.03,38.2,1716,490,18718.0,429,245,552,16387.8,9359.0,21086.4,0.273293681070209,0.407523798383772,0.3,7,2.07,1142.64,5974.46,314.36,179.53,5587.77,0.2855477855477855,0.25,0.1427738927738927,0.3216783216783216,65551.20000000001,12056.119999999999
Pizza,25385,Urban Pizza Diner,Cafe,South Auckland,1.05,40.49,722,162,6559.38,196,112,252,7936.04,4534.88,10203.48,0.212264661733061,0.436031637550332,0.32,6,1.77,446.04,2306.96,251.6,143.77,3142.56,0.224376731301939,0.2714681440443213,0.1551246537396121,0.3490304709141274,29233.78,5844.889999999999
Pizza,25867,Classic Pizza House,QSR,North Shore,1.03,43.94,770,168,7381.92,211,120,271,9271.34,5272.8,11907.74,0.235598984565586,0.423567920038477,0.31,16,4.72,1279.12,2516.0,285.86,162.58,2779.43,0.2181818181818181,0.274025974025974,0.1558441558441558,0.3519480519480519,33833.8,5743.87
Pizza,25423,Classic Pizza Corner,Cafe,South Auckland,1.05,35.31,1929,580,20479.8,472,270,607,16666.32,9533.7,21433.17,0.256918875612319,0.368768269196153,0.31,9,2.66,1614.62,7665.85,1071.86,613.14,6408.09,0.3006739243131156,0.2446863659927423,0.1399688958009331,0.3146708138932089,68112.98999999999,15758.94
Pizza,26524,Lucky Pizza Bistro,Cafe,South Auckland,1.05,45.79,1801,436,19964.44,478,273,614,21887.62,12500.67,28115.06,0.200578124113381,0.390207906975411,0.31,11,3.25,1995.5,8169.73,2171.56,1240.24,9509.58,0.2420877290394225,0.2654081066074403,0.1515824541921155,0.3409217101610216,82467.79,21091.11
Pizza,25707,King Pizza Diner,Cafe,South Auckland,1.05,37.73,1202,318,11998.14,309,177,398,11658.57,6678.21,15016.54,0.217949770689011,0.365999466041103,0.29,11,3.25,1293.5,4991.84,1469.57,841.79,4954.14,0.2645590682196339,0.257071547420965,0.1472545757071547,0.3311148086522462,45351.46,12257.34
Pizza,25304,Classic Pizza Bistro,Full-service,West Auckland,1.04,41.88,2154,708,29651.04,506,289,651,21191.28,12103.32,27263.88,0.372427905304357,0.459272995102219,0.31,16,4.72,3072.72,4990.24,-3002.82,-1715.05,1515.77,0.3286908077994429,0.234911792014856,0.1341689879294336,0.3022284122562674,90209.52,1788.1399999999996
Pizza,26450,Top Pizza Bistro,QSR,North Shore,1.03,40.75,1759,293,11939.75,513,293,660,20904.75,11939.75,26895.0,0.209840250760317,0.408375806361437,0.33,13,3.84,2534.4,4558.4,1082.53,618.29,7733.68,0.1665719158612848,0.2916429789653212,0.1665719158612848,0.3752131893121092,71679.25,13992.9
Pizza,26427,Lucky Pizza Tavern,Cafe,CBD,0.99,31.35,1591,486,15236.1,387,221,497,12132.45,6928.35,15580.95,0.267180955633521,0.405959353060462,0.27,17,5.02,2494.94,4980.07,689.85,393.94,2597.84,0.305468258956631,0.2432432432432432,0.1389063482086737,0.3123821495914519,49877.850000000006,8661.7
Pizza,26651,Urban Pizza Grill,QSR,North Shore,1.03,43.8,1694,380,16644.0,460,263,591,20148.0,11519.4,25885.8,0.22018214546144,0.447627211268991,0.29,9,2.66,1572.06,5528.98,850.06,486.01,7026.96,0.2243211334120425,0.2715466351829988,0.1552538370720189,0.3488783943329397,74197.2,13892.009999999998
Pizza,26557,Lucky Pizza Tavern,Full-service,South Auckland,1.05,43.14,969,305,13157.7,232,133,299,10008.48,5737.62,12898.86,0.383657122286968,0.455078476667404,0.29,5,1.48,442.52,2121.87,-1288.45,-738.64,1637.61,0.3147574819401444,0.239422084623323,0.1372549019607843,0.3085655314757481,41802.66,1732.3899999999999
Pizza,25553,King Pizza Eatery,Cafe,CBD,0.99,38.19,1435,438,16727.22,349,199,449,13328.31,7599.81,17147.31,0.22399247141555,0.391132962983102,0.31,7,2.07,929.43,6437.88,997.95,569.03,5670.13,0.3052264808362369,0.243205574912892,0.1386759581881533,0.3128919860627178,54802.649999999994,13674.99
Thai,25001,Lotus Grill,QSR,South Auckland,1.05,33.75,580,71,2396.25,254,153,102,8572.5,5163.75,3442.5,0.275752293970436,0.379911925341003,0.28,6,1.77,180.54,825.11,551.52,332.21,1004.84,0.1224137931034482,0.4379310344827586,0.2637931034482759,0.1758620689655172,19575.0,2713.6800000000003
Thai,25285,Sakura Corner,QSR,South Auckland,1.05,39.77,748,55,2187.35,346,208,139,13760.42,8272.16,5528.03,0.26003233987838,0.441909208055586,0.33,10,2.95,410.05,651.96,-439.53,-264.23,1237.63,0.0735294117647058,0.4625668449197861,0.2780748663101604,0.1858288770053476,29747.96,1185.8300000000002
Thai,26659,Lotus Grill,QSR,North Shore,1.03,34.64,1424,152,5265.28,636,382,254,22031.04,13232.48,8798.56,0.224418778009713,0.382366169150919,0.28,3,0.89,226.06,2070.39,2494.25,1498.12,3233.67,0.1067415730337078,0.446629213483146,0.2682584269662921,0.1783707865168539,49327.36,9296.43
Thai,26582,Lotus Eatery,QSR,CBD,0.99,32.56,1565,167,5437.52,699,419,280,22759.44,13642.64,9116.8,0.218178118113428,0.431010805140249,0.3,14,4.13,1156.4,1907.54,1156.43,693.2,2041.87,0.1067092651757188,0.4466453674121405,0.2677316293929712,0.1789137380191693,50956.399999999994,5799.04
Thai,25127,Golden Cafe,QSR,South Auckland,1.05,37.01,534,61,2257.61,236,142,95,8734.36,5255.42,3515.95,0.209436130970716,0.421511780680157,0.27,17,5.02,476.9,833.18,865.16,520.56,820.67,0.1142322097378277,0.4419475655430712,0.2659176029962546,0.1779026217228464,19763.34,3039.5699999999997
Thai,25493,Golden House,Cafe,West Auckland,1.04,40.37,1328,152,6136.24,588,353,235,23737.56,14250.61,9486.95,0.221122461147606,0.439319629827514,0.33,7,2.07,486.45,2083.61,226.88,136.21,2734.92,0.1144578313253012,0.4427710843373494,0.2658132530120481,0.1769578313253012,53611.36,5181.620000000001
Thai,26342,Lotus Eatery,Cafe,West Auckland,1.04,39.73,791,71,2820.83,360,216,144,14302.8,8581.68,5721.12,0.206660068742931,0.405520725762472,0.29,18,5.31,764.64,1093.97,1399.09,839.45,1454.12,0.0897597977243995,0.4551201011378002,0.2730720606826801,0.1820480404551201,31426.429999999997,4786.63
Thai,25696,Dragon Eatery,Cafe,South Auckland,1.05,42.49,715,59,2506.91,328,197,131,13936.72,8370.53,5566.19,0.200809258650988,0.419556430145167,0.31,10,2.95,386.45,951.71,970.47,582.88,1726.67,0.0825174825174825,0.4587412587412587,0.2755244755244755,0.1832167832167832,30380.349999999995,4231.73
Thai,25012,Golden Grill,Cafe,West Auckland,1.04,36.18,1017,132,4775.76,442,266,177,15991.56,9623.88,6403.86,0.247586196903139,0.374162012757733,0.31,14,4.13,731.01,1806.44,1091.45,656.85,1691.26,0.1297935103244837,0.4346116027531956,0.2615535889872173,0.1740412979351032,36795.06,5246.0
Thai,26468,Sakura Kitchen,QSR,South Auckland,1.05,39.72,831,75,2979.0,378,227,151,15014.16,9016.44,5997.72,0.218265655562282,0.394720010622405,0.32,3,0.89,134.39,1152.92,1006.16,604.23,2186.81,0.0902527075812274,0.4548736462093863,0.273164861612515,0.1817087845968712,33007.32,4950.12
Thai,26470,Golden Tavern,Cafe,South Auckland,1.05,46.77,1623,147,6875.19,738,443,295,34516.26,20719.11,13797.15,0.262257992625237,0.434052260057069,0.28,6,1.77,522.15,2087.92,817.68,490.83,3667.9,0.0905730129390018,0.454713493530499,0.2729513247073321,0.1817621688231669,75907.71,7064.33
Thai,26227,Lotus Eatery,Cafe,South Auckland,1.05,40.07,1191,127,5088.89,532,319,213,21317.24,12782.33,8534.91,0.261373641751707,0.353416023193859,0.3,16,4.72,1005.36,1960.29,1816.45,1089.19,2282.38,0.1066330814441645,0.4466834592779177,0.2678421494542401,0.1788413098236775,47723.369999999995,7148.31
Thai,25096,Lotus Eatery,QSR,CBD,0.99,32.0,849,104,3328.0,372,224,149,11904.0,7168.0,4768.0,0.20281207928434,0.438259883923456,0.27,17,5.02,747.98,1194.51,1058.6,637.44,963.39,0.1224970553592461,0.4381625441696113,0.2638398115429917,0.1755005889281507,27168.0,3853.9399999999996
Thai,25987,Red House,QSR,West Auckland,1.04,43.24,1668,178,7696.72,745,447,298,32213.8,19328.28,12885.52,0.274228022359312,0.413060047267936,0.32,6,1.77,527.46,2406.86,-234.78,-140.87,3502.0,0.1067146282973621,0.4466426858513189,0.2679856115107913,0.1786570743405275,72124.31999999999,5533.21
Thai,26028,Golden Eatery,Cafe,North Shore,1.03,43.28,1299,128,5539.84,586,351,234,25362.08,15191.28,10127.52,0.273229770790786,0.404283563466743,0.27,18,5.31,1242.54,1786.52,1331.17,797.34,2023.45,0.098537336412625,0.4511162432640492,0.2702078521939954,0.1801385681293302,56220.72,5938.4800000000005
Thai,26353,Dragon Bistro,QSR,CBD,0.99,31.56,1493,171,5396.76,661,397,264,20861.16,12529.32,8331.84,0.239739823397249,0.391634819563478,0.28,7,2.07,546.48,1989.38,1848.83,1110.42,2524.85,0.1145344943067649,0.4427327528466175,0.2659075686537173,0.1768251841929002,47119.08,7473.48
Thai,26152,Lotus Bistro,Cafe,West Auckland,1.04,34.57,1037,127,4390.39,455,273,182,15729.35,9437.61,6291.74,0.220947811417282,0.352360815787688,0.28,4,1.18,214.76,1873.34,2307.36,1384.42,2469.87,0.1224686595949855,0.4387656702025072,0.2632594021215043,0.1755062680810029,35849.090000000004,8034.99
Thai,25142,Dragon Grill,Cafe,South Auckland,1.05,44.04,1062,96,4227.84,483,290,193,21271.32,12771.6,8499.72,0.225175304058939,0.418327891989611,0.31,17,5.02,968.86,1507.21,989.05,593.84,2061.26,0.0903954802259887,0.4548022598870056,0.2730696798493409,0.1817325800376648,46770.48,5151.360000000001
Thai,25386,Lotus Eatery,Ghost Kitchen,South Auckland,1.05,43.93,1351,111,4876.23,620,372,248,27236.6,16341.96,10894.64,0.284841953276191,0.206779944582377,0.31,5,1.48,367.04,2478.97,5403.15,3241.89,5171.56,0.082161361954108,0.4589193190229459,0.2753515914137676,0.1835677276091784,59349.42999999999,16295.57
Thai,25751,Lotus Eatery,QSR,CBD,0.99,40.45,1566,142,5743.9,712,427,285,28800.4,17272.15,11528.25,0.220950177423656,0.388419489259832,0.3,10,2.95,840.75,2243.74,2610.19,1565.38,3662.53,0.090676883780332,0.454661558109834,0.272669220945083,0.1819923371647509,63344.700000000004,10081.84
Thai,25589,Sakura Diner,Ghost Kitchen,South Auckland,1.05,38.03,555,26,988.78,264,159,106,10039.92,6046.77,4031.18,0.276379965303931,0.220443526480813,0.28,18,5.31,562.86,497.53,2240.67,1349.5,1465.54,0.0468468468468468,0.4756756756756757,0.2864864864864865,0.1909909909909909,21106.65,5553.24
Thai,26118,Golden House,Ghost Kitchen,CBD,0.99,36.93,1620,147,5428.71,736,442,295,27180.48,16323.06,10894.35,0.291367352742236,0.311181534768548,0.32,4,1.18,348.1,2157.65,2105.16,1264.24,3981.87,0.0907407407407407,0.454320987654321,0.2728395061728395,0.1820987654320987,59826.6,9508.919999999998
Thai,26077,Lotus Kitchen,QSR,CBD,0.99,32.96,1060,78,2570.88,491,295,196,16183.36,9723.2,6460.16,0.235267941784114,0.422363195079379,0.32,5,1.48,290.08,880.19,362.0,217.5,1921.68,0.0735849056603773,0.4632075471698113,0.2783018867924528,0.1849056603773584,34937.600000000006,3381.37
Thai,25796,Lotus Corner,Cafe,West Auckland,1.04,45.01,1228,141,6346.41,544,326,217,24485.44,14673.26,9767.17,0.220988511480391,0.352993193850853,0.31,14,4.13,896.21,2703.69,2840.76,1702.37,3264.78,0.1148208469055374,0.4429967426710097,0.265472312703583,0.1767100977198697,55272.28,10511.6
Thai,25029,Golden House,QSR,CBD,0.99,40.81,833,61,2489.41,386,232,154,15752.66,9467.92,6284.74,0.206587430424988,0.364191686338745,0.32,8,2.36,363.44,1068.51,1720.52,1034.09,2334.1,0.0732292917166866,0.4633853541416566,0.2785114045618247,0.1848739495798319,33994.729999999996,6157.219999999999
Thai,25758,Sakura Diner,Ghost Kitchen,North Shore,1.03,40.82,1476,70,2857.4,703,422,281,28696.46,17226.04,11470.42,0.288680646009743,0.222105606086552,0.32,4,1.18,331.58,1397.88,4855.84,2914.88,5279.91,0.0474254742547425,0.4762872628726287,0.2859078590785908,0.1903794037940379,60250.32,14448.51
Thai,26122,Dragon Kitchen,QSR,CBD,0.99,44.53,1266,115,5120.95,576,345,230,25649.28,15362.85,10241.9,0.279058709423989,0.415310594765469,0.28,18,5.31,1221.3,1565.12,657.41,393.76,1908.94,0.0908372827804107,0.4549763033175355,0.2725118483412322,0.1816745655608214,56374.98,4525.23
Thai,25800,Sakura Diner,QSR,CBD,0.99,31.14,453,37,1152.18,208,125,83,6477.12,3892.5,2584.62,0.267548405658454,0.414790036412887,0.31,5,1.48,122.84,366.0,49.62,29.82,698.19,0.0816777041942604,0.4591611479028697,0.2759381898454746,0.1832229580573951,14106.419999999998,1143.63
Thai,26044,Sakura Bistro,Cafe,North Shore,1.03,44.34,1678,138,6118.92,770,462,308,34141.8,20485.08,13656.72,0.267806369066238,0.421381369489245,0.28,4,1.18,363.44,1901.84,1051.99,631.19,3881.24,0.0822407628128724,0.4588796185935637,0.2753277711561382,0.1835518474374255,74402.52,7466.26
Thai,26408,Lotus Bistro,Ghost Kitchen,South Auckland,1.05,38.88,511,24,933.12,244,146,97,9486.72,5676.48,3771.36,0.285626432765275,0.265033819479868,0.3,7,2.07,200.79,419.29,1416.74,847.72,1493.83,0.0469667318982387,0.4774951076320939,0.2857142857142857,0.1898238747553816,19867.68,4177.58
Thai,26006,Lotus House,Cafe,South Auckland,1.05,39.79,1547,153,6087.87,697,418,279,27733.63,16632.22,11101.41,0.257934817820787,0.431698935572058,0.32,13,3.84,1071.36,1889.47,-267.18,-160.23,2374.14,0.0989010989010989,0.4505494505494505,0.2702003878474466,0.1803490627020038,61555.130000000005,3836.2
Thai,26493,Sakura Tavern,Ghost Kitchen,North Shore,1.03,42.72,487,23,982.56,232,139,93,9911.04,5938.08,3972.96,0.279154130327515,0.263758043944836,0.32,15,4.43,411.99,449.12,1358.68,814.04,1404.0,0.0472279260780287,0.4763860369609856,0.2854209445585215,0.190965092402464,20804.64,4025.84
Thai,26655,Golden Diner,QSR,CBD,0.99,35.42,994,90,3187.8,452,271,181,16009.84,9598.82,6411.02,0.273310075625777,0.433302526897751,0.31,17,5.02,908.62,935.26,-265.97,-159.46,972.29,0.090543259557344,0.4547283702213279,0.272635814889336,0.1820925553319919,35207.479999999996,1482.12
Thai,25039,Lotus Grill,QSR,South Auckland,1.05,42.7,1079,115,4910.5,482,289,193,20581.4,12340.3,8241.1,0.269678716342896,0.384321287600324,0.3,7,2.07,399.51,1699.03,946.74,567.65,2451.91,0.1065801668211306,0.4467099165894346,0.267840593141798,0.1788693234476367,46073.299999999996,5665.33
Thai,25768,Sakura Eatery,Cafe,CBD,0.99,36.71,842,69,2532.99,386,232,155,14170.06,8516.72,5690.05,0.215933950506151,0.444786934065633,0.28,4,1.18,182.9,859.39,839.99,504.86,1747.62,0.0819477434679334,0.4584323040380047,0.2755344418052256,0.1840855106888361,30909.819999999996,3951.86
Thai,25041,Red Corner,QSR,CBD,0.99,31.52,863,99,3120.48,382,229,153,12040.64,7218.08,4822.56,0.223921236507595,0.38521895618178,0.31,13,3.84,587.52,1219.67,973.6,583.65,1297.42,0.1147161066048667,0.4426419466975666,0.2653534183082271,0.1772885283893395,27201.76,4074.34
Thai,26255,Lotus Cafe,QSR,CBD,0.99,31.26,1502,124,3876.24,689,413,276,21538.14,12910.38,8627.76,0.203652285616845,0.429619633592665,0.33,8,2.36,651.36,1421.53,791.05,474.17,2512.68,0.0825565912117177,0.4587217043941411,0.2749667110519307,0.1837549933422103,46952.52,5199.43
Thai,26538,Lotus Kitchen,QSR,CBD,0.99,33.85,543,70,2369.5,236,142,95,7988.6,4806.7,3215.75,0.242535118777305,0.426368783880025,0.3,6,1.77,168.15,784.53,248.41,149.47,896.57,0.1289134438305709,0.434622467771639,0.2615101289134438,0.1749539594843462,18380.55,2078.98
Thai,25908,Lotus Bistro,Ghost Kitchen,North Shore,1.03,38.79,1502,71,2754.09,716,429,286,27773.64,16640.91,11093.94,0.294298620906193,0.278156667167786,0.27,6,1.77,506.22,1177.5,4375.59,2621.69,4236.94,0.0472703062583222,0.4766977363515313,0.2856191744340879,0.1904127829560586,58262.58,12411.720000000001
Thai,26300,Sakura Bistro,Cafe,West Auckland,1.04,42.78,672,72,3080.16,300,180,120,12834.0,7700.4,5133.6,0.210961750838906,0.360864102188498,0.29,10,2.95,354.0,1318.84,1773.33,1064.0,1844.07,0.1071428571428571,0.4464285714285714,0.2678571428571428,0.1785714285714285,28748.159999999996,6000.24
Thai,25291,Lotus Diner,QSR,South Auckland,1.05,36.1,521,55,1985.5,233,140,93,8411.3,5054.0,3357.3,0.233243496064097,0.365065242908895,0.31,10,2.95,274.35,797.56,771.24,463.41,1074.25,0.1055662188099808,0.4472168905950096,0.2687140115163148,0.1785028790786948,18808.1,3106.46
Thai,25912,Dragon Eatery,QSR,South Auckland,1.05,33.69,535,48,1617.12,244,146,97,8220.36,4918.74,3267.93,0.214890444949269,0.445244940463454,0.31,13,3.84,372.48,549.6,245.5,146.9,738.17,0.0897196261682242,0.4560747663551401,0.2728971962616822,0.1813084112149532,18024.149999999998,1680.17
Thai,25901,Red Corner,Ghost Kitchen,North Shore,1.03,42.86,899,66,2828.76,416,250,167,17829.76,10715.0,7157.62,0.273968830623198,0.243197440577205,0.29,5,1.48,247.16,1365.82,3438.18,2066.21,3208.78,0.0734149054505005,0.4627363737486095,0.2780867630700778,0.185761957730812,38531.14,10078.99
Thai,25093,Lotus House,Cafe,CBD,0.99,31.34,1447,119,3729.46,664,398,266,20809.76,12473.32,8336.44,0.254196326769888,0.394487718609162,0.31,3,0.89,236.74,1310.22,859.78,515.35,2691.98,0.0822391154111955,0.4588804422944022,0.2750518313752592,0.183828610919143,45348.979999999996,5377.33
Thai,26187,Sakura Corner,Cafe,CBD,0.99,30.55,1005,99,3024.45,453,272,181,13839.15,8309.6,5529.55,0.273210553117096,0.424410239839926,0.32,10,2.95,533.95,914.53,-243.86,-146.42,1138.07,0.0985074626865671,0.4507462686567164,0.2706467661691542,0.1800995024875621,30702.749999999996,1662.32
Thai,25918,Sakura Corner,Cafe,CBD,0.99,32.66,1288,148,4833.68,570,342,228,18616.2,11169.72,7446.48,0.232183169946074,0.359768124553375,0.27,18,5.31,1210.68,1972.38,2569.94,1541.97,1827.85,0.1149068322981366,0.4425465838509316,0.265527950310559,0.1770186335403726,42066.08,7912.139999999999
Thai,26310,Red Grill,QSR,West Auckland,1.04,37.74,675,55,2075.7,310,186,124,11699.4,7019.64,4679.76,0.252736609466374,0.430498163960874,0.28,5,1.48,183.52,657.51,430.13,258.08,1298.87,0.0814814814814814,0.4592592592592592,0.2755555555555555,0.1837037037037037,25474.5,2644.5899999999997
Thai,26432,Dragon Corner,QSR,West Auckland,1.04,40.99,767,100,4099.0,334,200,133,13690.66,8198.0,5451.67,0.233901023175567,0.430628993362188,0.31,3,0.89,118.37,1375.09,348.7,208.8,1710.5,0.1303780964797914,0.4354628422425032,0.2607561929595828,0.1734028683181225,31439.33,3643.09
Thai,26325,Red Tavern,Ghost Kitchen,North Shore,1.03,41.86,594,28,1172.08,283,170,113,11846.38,7116.2,4730.18,0.270292205282021,0.250429149204865,0.3,13,3.84,433.92,561.75,2123.8,1275.78,1833.15,0.0471380471380471,0.4764309764309764,0.2861952861952861,0.1902356902356902,24864.84,5794.48
Thai,25342,Red Eatery,QSR,South Auckland,1.05,40.95,1693,167,6838.65,763,458,305,31244.85,18755.1,12489.75,0.276096988841891,0.361911601130851,0.31,4,1.18,359.9,2475.53,1624.46,975.1,4161.28,0.0986414648552864,0.4506792675723567,0.2705256940342587,0.180153573538098,69328.35,9236.369999999999
Thai,26394,Red House,Cafe,West Auckland,1.04,42.65,742,73,3113.45,334,201,134,14245.1,8572.65,5715.1,0.206470160987228,0.375823995005339,0.31,6,1.77,237.18,1300.51,1534.28,923.32,2150.05,0.0983827493261455,0.4501347708894879,0.2708894878706199,0.1805929919137466,31646.299999999996,5908.16
Thai,25116,Lotus House,QSR,CBD,0.99,38.65,961,87,3362.55,437,262,175,16890.05,10126.3,6763.75,0.24779021307826,0.351301836851053,0.29,4,1.18,206.5,1348.07,1873.24,1123.09,2505.14,0.0905306971904266,0.4547346514047867,0.2726326742976067,0.18210197710718,37142.649999999994,6849.539999999999
Thai,26600,Golden Cafe,QSR,South Auckland,1.05,39.99,1260,114,4558.86,573,344,229,22914.27,13756.56,9157.71,0.215532008763403,0.354517742316239,0.28,16,4.72,1080.88,1960.08,3436.0,2062.8,2856.48,0.0904761904761904,0.4547619047619047,0.273015873015873,0.1817460317460317,50387.4,10315.36
Thai,26478,Sakura House,Ghost Kitchen,CBD,0.99,39.09,1005,91,3557.19,457,274,183,17864.13,10710.66,7153.47,0.291196894482709,0.243826452852227,0.31,13,3.84,702.72,1654.01,2768.52,1659.9,2623.48,0.090547263681592,0.454726368159204,0.272636815920398,0.1820895522388059,39285.45,8705.91
Thai,26522,Red Eatery,QSR,CBD,0.99,31.74,916,67,2126.58,424,255,170,13457.76,8093.7,5395.8,0.230271822419018,0.397118114680052,0.3,18,5.31,902.7,792.39,977.17,587.68,1107.83,0.0731441048034934,0.462882096069869,0.2783842794759825,0.185589519650655,29073.84,3465.0699999999997
Thai,26239,Red Tavern,Ghost Kitchen,North Shore,1.03,36.32,708,52,1888.64,328,197,131,11912.96,7155.04,4757.92,0.287703667557798,0.282979661610443,0.32,12,3.54,463.74,810.82,1302.29,782.17,1578.91,0.0734463276836158,0.4632768361581921,0.2782485875706215,0.1850282485875706,25714.559999999998,4474.1900000000005
Thai,26174,Golden Grill,Ghost Kitchen,CBD,0.99,38.21,1168,44,1681.24,562,337,225,21474.02,12876.77,8597.25,0.268919454631396,0.332449844502844,0.29,5,1.48,333.0,670.19,2332.74,1398.81,3094.13,0.0376712328767123,0.4811643835616438,0.288527397260274,0.1926369863013698,44629.28,7495.87
Thai,26081,Lotus Grill,Cafe,North Shore,1.03,30.92,865,71,2195.32,397,238,159,12275.24,7358.96,4916.28,0.261253972500563,0.383562794397585,0.3,17,5.02,798.18,779.74,677.39,406.09,948.0,0.0820809248554913,0.4589595375722543,0.2751445086705202,0.1838150289017341,26745.8,2811.2200000000003
Thai,25236,Golden Grill,Cafe,CBD,0.99,39.5,1086,116,4582.0,485,291,194,19157.5,11494.5,7663.0,0.23497275615111,0.369798991899006,0.3,6,1.77,343.38,1810.94,1824.34,1094.6,2685.25,0.1068139963167587,0.4465930018416206,0.2679558011049723,0.1786372007366482,42897.0,7415.129999999999
Thai,26423,Lotus House,Cafe,CBD,0.99,36.86,1349,133,4902.38,608,365,243,22410.88,13453.9,8956.98,0.256028139591217,0.353140121372417,0.28,12,3.54,860.22,1916.01,2483.84,1491.12,2640.45,0.0985915492957746,0.4507042253521127,0.2705707931801334,0.1801334321719792,49724.14,8531.42
Thai,26639,Golden Bistro,QSR,CBD,0.99,37.71,1618,147,5543.37,736,441,294,27754.56,16630.11,11086.74,0.267845281902701,0.380784003227018,0.28,15,4.43,1302.42,1947.78,1980.86,1186.9,2593.14,0.0908529048207663,0.4548825710754017,0.2725587144622991,0.1817058096415327,61014.78,7708.68
Thai,25685,Sakura Corner,Ghost Kitchen,South Auckland,1.05,31.57,1355,111,3504.27,622,373,249,19636.54,11775.61,7860.93,0.268727282772306,0.329294815403409,0.27,16,4.72,1175.28,1408.64,2591.59,1554.12,1984.64,0.0819188191881918,0.459040590405904,0.2752767527675276,0.1837638376383764,42777.35,7538.990000000001
Thai,25808,Golden Tavern,Cafe,North Shore,1.03,34.21,1169,134,4584.14,518,310,207,17720.78,10605.1,7081.47,0.225179227944464,0.410976771847345,0.29,11,3.25,672.75,1667.91,1308.57,783.12,1903.8,0.1146278870829769,0.4431137724550898,0.2651839178785286,0.1770744225834046,39991.49,5663.4
Thai,25135,Sakura Cafe,Cafe,West Auckland,1.04,36.18,1261,114,4124.52,574,344,229,20767.32,12445.92,8285.22,0.269087496716529,0.398620193707757,0.32,17,5.02,1149.58,1370.55,255.28,152.99,1603.53,0.0904044409199048,0.4551942902458366,0.2727993655828707,0.1816019032513877,45622.98,3382.35
Thai,25203,Golden Kitchen,Cafe,North Shore,1.03,44.67,452,37,1652.79,208,124,83,9291.36,5539.08,3707.61,0.208990756869316,0.391666815057397,0.3,7,2.07,171.81,660.03,923.03,550.27,1308.8,0.081858407079646,0.4601769911504424,0.2743362831858407,0.1836283185840708,20190.840000000004,3442.13
Thai,26038,Red Kitchen,Cafe,CBD,0.99,42.85,1675,205,8784.25,735,441,294,31494.75,18896.85,12597.9,0.234117302410305,0.386677667917684,0.29,13,3.84,1128.96,3331.03,2809.49,1685.69,3648.23,0.1223880597014925,0.4388059701492537,0.2632835820895522,0.1755223880597015,71773.75,11474.44
Thai,25341,Golden Diner,Cafe,West Auckland,1.04,46.74,1656,136,6356.64,760,456,304,35522.4,21313.44,14208.96,0.248992300499231,0.362152523640543,0.32,6,1.77,538.08,2471.81,2445.9,1467.54,4987.15,0.0821256038647343,0.4589371980676328,0.2753623188405797,0.1835748792270531,77401.44,11372.4
Thai,26402,Golden Bistro,QSR,West Auckland,1.04,33.08,1596,131,4333.48,732,440,293,24214.56,14555.2,9692.44,0.204263630658388,0.401772221014835,0.32,14,4.13,1210.09,1707.24,1791.01,1076.56,2608.38,0.0820802005012531,0.4586466165413533,0.2756892230576441,0.1835839598997493,52795.68000000001,7183.19
Thai,25209,Lotus Cafe,QSR,West Auckland,1.04,40.15,756,62,2489.3,347,208,139,13932.05,8351.2,5580.85,0.244963588509709,0.359863575082272,0.31,13,3.84,533.76,983.7,1186.63,711.3,1671.64,0.082010582010582,0.458994708994709,0.2751322751322751,0.1838624338624338,30353.4,4553.27
Thai,25951,Sakura Grill,Cafe,CBD,0.99,32.74,1350,165,5402.1,592,356,237,19382.08,11655.44,7759.38,0.279972081128508,0.352566042984836,0.32,17,5.02,1189.74,1985.07,919.91,553.19,1661.54,0.1222222222222222,0.4385185185185185,0.2637037037037037,0.1755555555555555,44199.0,5119.71
Thai,25293,Dragon House,QSR,North Shore,1.03,34.17,1171,116,3963.72,528,316,211,18041.76,10797.72,7209.87,0.249835725575686,0.395018262113444,0.29,9,2.66,561.26,1407.7,1175.35,703.43,1999.3,0.0990606319385141,0.4508966695132365,0.2698548249359522,0.1801878736122971,40013.07,5285.78
Thai,26575,Red Cafe,QSR,North Shore,1.03,40.54,713,87,3526.98,313,188,125,12689.02,7621.52,5067.5,0.227850398011506,0.357296079862863,0.28,11,3.25,406.25,1463.18,1711.16,1027.79,1696.02,0.1220196353436185,0.4389901823281907,0.2636746143057503,0.1753155680224404,28905.02,5898.15
Thai,25915,Dragon Corner,QSR,West Auckland,1.04,35.71,661,54,1928.34,304,182,121,10855.84,6499.22,4320.91,0.259329587239772,0.445680566015653,0.29,17,5.02,607.42,568.84,54.17,32.43,667.2,0.0816944024205748,0.4599092284417549,0.2753403933434191,0.1830559757942511,23604.31,1322.6399999999999
Thai,25594,Golden Grill,QSR,South Auckland,1.05,31.8,801,79,2512.2,361,217,144,11479.8,6900.6,4579.2,0.243598114158958,0.448296406795271,0.32,12,3.54,509.76,774.02,-136.55,-82.08,901.12,0.0986267166042447,0.4506866416978776,0.2709113607990012,0.1797752808988764,25471.8,1456.51
Thai,25311,Dragon Cafe,Cafe,West Auckland,1.04,42.59,1247,133,5664.47,557,334,223,23722.63,14225.06,9497.57,0.235793831255287,0.442919370369054,0.33,5,1.48,330.04,1819.92,-206.7,-123.95,2721.4,0.1066559743384121,0.4466720128307939,0.2678428227746592,0.1788291900561347,53109.73,4210.67
Thai,26485,Red Grill,Ghost Kitchen,CBD,0.99,31.58,1534,100,3158.0,717,430,287,22642.86,13579.4,9063.46,0.250799026736058,0.21826532818377,0.33,7,2.07,594.09,1676.69,4549.76,2728.59,4218.02,0.0651890482398957,0.4674054758800521,0.2803129074315515,0.1870925684485006,48443.72,13173.060000000001
Thai,25870,Lotus House,Cafe,CBD,0.99,33.31,694,74,2464.94,310,186,124,10326.1,6195.66,4130.44,0.266672136988491,0.393121137120761,0.3,12,3.54,438.96,838.59,415.18,249.11,966.24,0.1066282420749279,0.446685878962536,0.2680115273775216,0.1786743515850144,23117.14,2469.12
Thai,25101,Sakura Corner,Cafe,South Auckland,1.05,35.34,516,63,2226.42,226,136,91,7986.84,4806.24,3215.94,0.251578906457871,0.360658101085573,0.31,11,3.25,295.75,863.32,621.08,373.75,951.27,0.1220930232558139,0.437984496124031,0.2635658914728682,0.1763565891472868,18235.44,2809.42
Thai,26327,Golden Corner,Cafe,West Auckland,1.04,38.9,1433,118,4590.2,658,394,263,25596.2,15326.6,10230.7,0.204770706277341,0.396094513707794,0.3,18,5.31,1396.53,1832.11,2537.47,1519.4,2686.9,0.0823447313328681,0.4591765526866713,0.2749476622470342,0.1835310537334263,55743.7,8575.88
Thai,25978,Lotus Kitchen,QSR,South Auckland,1.05,38.31,792,84,3218.04,354,212,142,13561.74,8121.72,5440.02,0.211391042992473,0.430094910576008,0.3,10,2.95,418.9,1153.71,793.55,475.23,1531.42,0.106060606060606,0.4469696969696969,0.2676767676767677,0.1792929292929292,30341.52,3953.91
Thai,26290,Dragon Corner,Cafe,South Auckland,1.05,43.61,1194,98,4273.78,548,329,219,23898.28,14347.69,9550.59,0.274733711369336,0.351069266162813,0.32,4,1.18,258.42,1599.24,1295.22,777.6,3315.38,0.0820770519262981,0.4589614740368509,0.2755443886097152,0.1834170854271356,52070.34,6987.4400000000005
Thai,25848,Dragon Diner,QSR,West Auckland,1.04,43.98,704,58,2550.84,323,194,129,14205.54,8532.12,5673.42,0.260760234650224,0.382037406414747,0.31,15,4.43,571.47,911.17,670.53,402.74,1455.09,0.0823863636363636,0.4588068181818182,0.2755681818181818,0.1832386363636363,30961.92,3439.5299999999997
Thai,25970,Red Grill,Cafe,West Auckland,1.04,44.75,1487,182,8144.5,652,392,261,29177.0,17542.0,11679.75,0.254748364854604,0.358959943195805,0.29,13,3.84,1002.24,3146.15,2809.5,1689.15,3509.55,0.1223940820443846,0.4384667114996637,0.2636180228648285,0.175521183591123,66543.25,11154.349999999999
Thai,26281,Dragon Grill,QSR,South Auckland,1.05,41.14,1111,127,5224.78,492,295,197,20240.88,12136.3,8104.58,0.278928129058331,0.411105664283968,0.28,16,4.72,929.84,1619.51,606.54,363.68,1582.31,0.1143114311431143,0.4428442844284428,0.2655265526552655,0.1773177317731773,45706.54,4172.04
Thai,25302,Lotus Diner,QSR,West Auckland,1.04,38.7,643,47,1818.9,298,179,119,11532.6,6927.3,4605.3,0.260166933685541,0.37240848634392,0.33,11,3.25,386.75,668.31,431.6,259.25,1305.35,0.0730948678071539,0.463452566096423,0.2783825816485225,0.1850699844479004,24884.1,2664.5099999999998
Thai,26314,Red Corner,QSR,West Auckland,1.04,35.07,1689,194,6803.58,748,448,299,26232.36,15711.36,10485.93,0.266547035556287,0.411295226425864,0.27,15,4.43,1324.57,2191.83,1368.22,819.47,2053.55,0.1148608644168146,0.4428656009473061,0.2652457075192421,0.177027827116637,59233.23,6433.070000000001
Thai,26260,Sakura Corner,Cafe,South Auckland,1.05,34.44,1205,119,4098.36,543,326,217,18700.92,11227.44,7473.48,0.269214967098087,0.356105331284925,0.31,18,5.31,1152.27,1535.57,1209.57,726.19,1647.89,0.0987551867219917,0.4506224066390041,0.2705394190871369,0.1800829875518672,41500.2,5119.22
Thai,25922,Sakura Grill,QSR,West Auckland,1.04,45.65,809,93,4245.45,358,215,143,16342.7,9814.75,6527.95,0.246918834149838,0.365987624414265,0.31,17,5.02,717.86,1643.39,1259.92,756.65,1809.07,0.1149567367119901,0.4425216316440049,0.2657601977750309,0.176761433868974,36930.85,5469.030000000001
Thai,26412,Lotus Bistro,Ghost Kitchen,North Shore,1.03,45.81,487,31,1420.11,228,137,91,10444.68,6275.97,4168.71,0.256343027215917,0.218021783290897,0.3,17,5.02,456.82,746.46,2356.69,1416.08,1734.4,0.0636550308008213,0.4681724845995893,0.2813141683778234,0.1868583162217659,22309.47,6253.629999999999
Thai,26275,Dragon Bistro,Ghost Kitchen,North Shore,1.03,44.2,956,62,2740.4,447,268,179,19757.4,11845.6,7911.8,0.288360495201778,0.223345705796964,0.3,17,5.02,898.58,1338.12,3720.2,2230.45,2964.7,0.0648535564853556,0.4675732217573222,0.2803347280334728,0.1872384937238493,42255.200000000004,10253.47
Thai,26454,Dragon Corner,QSR,South Auckland,1.05,44.72,758,62,2772.64,348,209,139,15562.56,9346.48,6216.08,0.240116411745548,0.410383798158728,0.32,5,1.48,205.72,969.04,459.09,275.72,1966.8,0.0817941952506596,0.4591029023746701,0.2757255936675462,0.183377308707124,33897.76,3670.6499999999996
Thai,25699,Golden Corner,Cafe,North Shore,1.03,36.98,1084,124,4585.52,480,288,192,17750.4,10650.24,7100.16,0.27414901977405,0.380040635610931,0.28,5,1.48,284.16,1585.72,1168.16,700.9,2171.15,0.1143911439114391,0.4428044280442804,0.2656826568265683,0.1771217712177121,40086.32000000001,5625.93
